http://www.cpc-cpp.gc.ca/prd/contracts-contrats/contract/10-11/altis0107-eng.aspx,"Commission for Public Complaints Against the RCMP","Altis Human Resources (Ottawa) Inc.",5H001-10-7808,2010-01-07,"4084 &ndash; Temporary Help Services","January 11, 2010 &ndash; september 30, 2010",,39032.38,"Temporary help services. This contract is a call-up against a Public Works and Government Services procurement tool.  This contract included one amendment. The original contract was awarded on January 7, 2010 for $18,711 and was reported on proactive disclosure."
http://www.cpc-cpp.gc.ca/prd/contracts-contrats/contract/10-11/commissionaire0401-eng.aspx,"Commission for Public Complaints Against the RCMP","Commissionaires Ottawa",5H001-10-7821,2010-04-01,"4050 &ndash; Protection Services","April 1, 2010 &ndash; March 31, 2011",,40628.85,"This contract is a call-up against a Public Works and Government Services Canada procurement tool."
http://www.cpc-cpp.gc.ca/prd/contracts-contrats/contract/10-11/harrington0401-eng.aspx,"Commission for Public Complaints Against the RCMP","Harrington Staffing Services",5H001-10-7824,2010-04-01,"4084 &ndash; Temporary Help Services","March 8, 2010 &ndash; March 31, 2011",,48000.45,"This contract is a call-up against a Public Works and Government Services Canada procurement tool. This contract includes two amendments.  The original contract was awarded on March 3, 2010 for $3,881.94 and was reported on proactive disclosure after the second amendment."
http://www.cpc-cpp.gc.ca/prd/contracts-contrats/contract/10-11/johnD0415-eng.aspx,"Commission for Public Complaints Against the RCMP","John Dickson Professional Corporation",CPC-SO/001-24,2010-04-15,"4067 &ndash; Professional Services","April 15, 2010 &ndash; August 13, 2010",,58.800,"Call-up against a departmental standing offer."
http://www.cpc-cpp.gc.ca/prd/contracts-contrats/contract/10-11/andreaO0423-eng.aspx,"Commission for Public Complaints Against the RCMP","Andrea Oberdieck","AD 5410-2010.2011-O3",2010-04-23,"4067 &ndash; Professional Services","April 13, 2010 &ndash; March 31, 2010",,10.500,
http://www.cpc-cpp.gc.ca/prd/contracts-contrats/contract/10-11/longo0512-eng.aspx,"Commission for Public Complaints Against the RCMP","Longo &amp; Associates",5H001-11-7830,2010-05-12,"4060 &ndash; Consultants","May 12, 2010 &ndash; September 1, 2010",,18.900,"Call-up against a standing offer."
http://www.cpc-cpp.gc.ca/prd/contracts-contrats/contract/10-11/bordenLG0521-eng.aspx,"Commission for Public Complaints Against the RCMP","Borden Ladner Gervais LLP","AD 5410-2010.2011-B40",2010-05-21,"4010 &ndash; Legal Services","May 25, 2010 &ndash; July 2, 2010",,10.500,
http://www.cpc-cpp.gc.ca/prd/contracts-contrats/contract/10-11/bmci0527-eng.aspx,"Commission for Public Complaints Against the RCMP","BMCI Investigations and Security Ltd",CPC-SO/001-25,2010-05-27,"4067 &ndash; Professional Services","June 1, 2010 &ndash; August 31, 2010",,33.900,"Call-up against a departmental standing offer."
http://www.cpc-cpp.gc.ca/prd/contracts-contrats/contract/10-11/ricoh0607-eng.aspx,"Commission for Public Complaints Against the RCMP","Ricoh Canada Inc.",5H001-11-7832,2010-06-07,"5028 &ndash; Rental of Photocopy Equipment","July 1, 2010 &ndash; June 30, 2013",,17110.80,"This contract is a call-up against a Public Works and Government Services Canada procurement tool."
http://www.cpc-cpp.gc.ca/prd/contracts-contrats/contract/10-11/ricoh0610-eng.aspx,"Commission for Public Complaints Against the RCMP","Ricoh Canada Inc.",5H001-11-7834,2010-06-10,"5028 &ndash; Rental of Photocopy Equipment","August 1, 2010 &ndash; July 31, 2013",,18414.48,"This contract is a call-up against a Public Works and Government Services Canada procurement tool."
http://www.cpc-cpp.gc.ca/prd/contracts-contrats/contract/09-10/know1103-eng.aspx,"Commission for Public Complaints Against the RCMP","Knowledge Circle Learning Services Inc.",AD5410-2008.2009-K7,2009-11-03,"4041 &ndash; Language Training","January 26, 2009 &ndash; March 26, 2010",,17160.00,"Comments:	This contract was competitively sourced. This contract includes one amendment."
http://www.cpc-cpp.gc.ca/prd/contracts-contrats/contract/09-10/bmci1125-2-eng.aspx,"Commission for Public Complaints Against the RCMP","BMCI Investigations and Security Ltd",CPC-SO/001-22,2009-11-25,"4067 &ndash; Other Professional Services","November 25, 2009 &ndash; July 31, 2010",,79450.00,"Call-up against a departmental standing offer. This contract includes one amendment."
http://www.cpc-cpp.gc.ca/prd/contracts-contrats/contract/09-10/altis0107-eng.aspx,"Commission for Public Complaints Against the RCMP","Altis Human Resources (Ottawa) Inc.",5H001-10-7808,2010-01-07,"4084 &ndash; Temporary Help Services","January 11, 2010 &ndash; July 9, 2010",,18711.00,"This contract is a call-up against a Public Works and Government Services Canada procurement tool."
http://www.cpc-cpp.gc.ca/prd/contracts-contrats/contract/09-10/fast0108-eng.aspx,"Commission for Public Complaints Against the RCMP","Fast Forward French Inc.",5410-2009.2010-F9,2010-01-08,"4040 &ndash; Language Training","January 11, 2010 &ndash; March 31, 2010",,19425.00,"This contract was competitively sourced. This contract includes one amendment."
http://www.cpc-cpp.gc.ca/prd/contracts-contrats/contract/09-10/elm0118-eng.aspx,"Commission for Public Complaints Against the RCMP","Ecole de Langues Moliere",5410-2009.2010-E10,2010-01-18,"4040 &ndash; Language Training","January 18, 2010 &ndash; March 31, 2010",,11448.00,
http://www.cpc-cpp.gc.ca/prd/contracts-contrats/contract/09-10/know0120-eng.aspx,"Commission for Public Complaints Against the RCMP","Knowledge Circle Learning Services Inc",AD5410-2009-2010-K7,2010-01-20,"4041 &ndash; Language Training","January 20, 2010 &ndash; June 18, 2010",,57792.00,"This contract was competitively sourced. This contract includes one amendment."
http://www.cpc-cpp.gc.ca/prd/contracts-contrats/contract/09-10/nisha0120-eng.aspx,"Commission for Public Complaints Against the RCMP","Nisha Technologies Inc",5H001-10-7810,2010-01-20,"9025 &ndash; Computer Equipment",,"March 31, 2010",12664.01,"Call-up against a standing offer."
http://www.cpc-cpp.gc.ca/prd/contracts-contrats/contract/09-10/gene0122-eng.aspx,"Commission for Public Complaints Against the RCMP","Genesis Integration Inc.",5H001-10-7811,2010-01-22,"9022 &ndash; Image/Video Communication Equipment",,"March 29, 2010",35892.59,"Call-up against a standing offer."
http://www.cpc-cpp.gc.ca/prd/contracts-contrats/contract/09-10/inter0127-eng.aspx,"Commission for Public Complaints Against the RCMP","Interspec Furniture Solutions Inc.",36462,2010-01-27,"9015 &ndash; Furniture and Fixtures",,"March 22, 2010",24709.78,
http://www.cpc-cpp.gc.ca/prd/contracts-contrats/contract/09-10/donny0128-eng.aspx,"Commission for Public Complaints Against the RCMP","Donnybrook Research and Analysis Inc.",AD-5410-2009.2010-D3,2010-01-28,"4067 &ndash; Other Professional Services","February 1, 2010 &ndash; March 26, 2010",,24255.00,
http://www.cpc-cpp.gc.ca/prd/contracts-contrats/contract/09-10/path0212-eng.aspx,"Commission for Public Complaints Against the RCMP","Pathfinder Systems Operating as TAB Products",5H001-10-7816,2010-02-12,"9027 &ndash; Office Equipment",,"March 26, 2010",17606.56,"Call-up against a standing offer."
http://www.cpc-cpp.gc.ca/prd/contracts-contrats/contract/09-10/seat0219-eng.aspx,"Commission for Public Complaints Against the RCMP","Allseating Corporation",5H001-10-7819,2010-02-19,"9015 &ndash; Furniture &amp; Fixtures",,"March 26, 2010",12026.39,"Call-up against a standing offer."
http://www.cpc-cpp.gc.ca/prd/contracts-contrats/contract/09-10/path0224-eng.aspx,"Commission for Public Complaints Against the RCMP","Pathfinders Systems Design/TAB",5H001-10-7820,2010-02-24,"9076 &ndash; Furniture &amp; Fixtures",,"March 31, 2010",39585.00,"Call-up against a standing offer."
http://www.cpc-cpp.gc.ca/prd/contracts-contrats/contract/09-10/path0309-eng.aspx,"Commission for Public Complaints Against the RCMP","Pathfinders Systems Design/TAB",5H001-10-7826,2010-03-10,"9015 &ndash; Furniture &amp; Fixtures",,"March 31, 2010",12361.65,"Call-up against a standing offer."
http://www.cpc-cpp.gc.ca/prd/contracts-contrats/contract/09-10/path0310-eng.aspx,"Commission for Public Complaints Against the RCMP","Pathfinders Systems Design/TAB",5H001-10-7827,2010-03-10,"9015 &ndash; Furniture &amp; Fixtures",,"March 31, 2010",15439.20,"Call-up against a standing offer."
http://www.cpc-cpp.gc.ca/prd/contracts-contrats/contract/09-10/delata0326-eng.aspx,"Commission for Public Complaints Against the RCMP","168446 Canada Inc. o/a Delta Partners Inc.",5H001-10-7828,2010-03-26,"4060 &ndash; Management Consultants","March 26, 2010 &ndash; August 31, 2010",,56752.50,"Call-up against a standing offer."
http://www.cpc-cpp.gc.ca/prd/contracts-contrats/contract/09-10/excel0405-eng.aspx,"Commission for Public Complaints Against the RCMP","Excel ITR &ndash; Excel Information Technology Resources",5410-2009-2010-E2,,"4067 &ndash; Other Professional Services","April 1, 2009 &ndash; March 31, 2010",,50032.50,"This contract includes five amendments."
http://www.cpc-cpp.gc.ca/prd/contracts-contrats/contract/09-10/excel0401-eng.aspx,"Commission for Public Complaints Against the RCMP","Excel ITR &ndash; Excel Information Technology Resources",AD5410-2009-2010-E2,2009-04-01,"4072 &ndash; EDP Services","April 1, 2009 &ndash; March 31, 2010",,40897.50,"This contract includes two amendments."
http://www.cpc-cpp.gc.ca/prd/contracts-contrats/contract/09-10/angus0908-eng.aspx,"Commission for Public Complaints Against the RCMP","Angus One Professional Recruitment",5H001-10-7798,2009-09-08,"4084 &ndash; Temporary Help Services","September 8, 2009 &ndash; March 31, 2010",,20053.50,"This contract is a call-up against a Public Works and Government Services Canada procurement tool. This contract includes three amendments."
http://www.cpc-cpp.gc.ca/prd/contracts-contrats/contract/09-10/gibraltar1001-eng.aspx,"Commission for Public Complaints Against the RCMP","Gibraltar Solutions Inc.",5H001-10-7798,2009-10-01,"9026 &ndash; Computer software",,,16347.87,"Requisition for goods through Public Works and Government Services."
http://www.cpc-cpp.gc.ca/prd/contracts-contrats/contract/09-10/peterK1009-eng.aspx,"Commission for Public Complaints Against the RCMP","Peter Kasurak",AD5410-2009-2010-K8,2009-10-09,"4067 &ndash; Professional Services","October 13, 2009 &ndash; March 31, 2010",,18837.00,
http://www.cpc-cpp.gc.ca/prd/contracts-contrats/contract/09-10/knowledgeC1103-eng.aspx,"Commission for Public Complaints Against the RCMP","Knowledge Circle",AD5410-2008.2009-K7,2009-11-03,"4041 &ndash; Language Training","January 26, 2009 &ndash; March 26, 2010",,17160.00,"This contract includes one amendment."
http://www.cpc-cpp.gc.ca/prd/contracts-contrats/contract/09-10/terryC1106-eng.aspx,"Commission for Public Complaints Against the RCMP","Terry Coleman",AD5410-2009-2010-C55,2009-11-06,"4067 &ndash; Professional Services","November 16, 2009 &ndash; April 30, 2010",,21000.00,
http://www.cpc-cpp.gc.ca/prd/contracts-contrats/contract/09-10/bmci1125-eng.aspx,"Commission for Public Complaints Against the RCMP","BMCI Investigations and Security Ltd",CPC-SO/001-22,2009-11-25,"4067 &ndash; Professional Services","November 25, 2009 &ndash; February 28, 2010",,41225.00,"Call-up against a departmental standing offer"
http://www.cpc-cpp.gc.ca/prd/contracts-contrats/contract/09-10/robertS1126-eng.aspx,"Commission for Public Complaints Against the RCMP","Robert Strathdee",CPC-SO/0001-23,2009-11-26,"4067 &ndash; Professional Services","December 2, 2009 &ndash; February 26, 2010",,18750.00,"Call-up against a departmental standing offer."
http://www.cpc-cpp.gc.ca/prd/contracts-contrats/contract/09-10/andrea0903-eng.aspx,"Commission for Public Complaints Against the RCMP","Andrea Oberdieck",5410-2009.2010-O,2009-09-03,"4067 &ndash; Professional Services","September 8, 2009 &ndash; March 31, 2010",,10000.00,
http://www.cpc-cpp.gc.ca/prd/contracts-contrats/contract/09-10/coradix0820-eng.aspx,"Commission for Public Complaints Against the RCMP","Coradix Technology Consulting",5H001-10-7797,2009-08-20,"4072 &ndash; EDP Services","September 1, 2009 &ndash; December 31, 2009",,10610.00,"Call-up against a standing offer"
http://www.cpc-cpp.gc.ca/prd/contracts-contrats/contract/09-10/johnD0812-eng.aspx,"Commission for Public Complaints Against the RCMP","John Dickson Professional Corporation",CPC-SO/001/18,2009-08-12,"4067 &ndash; Professional Services","August 31, 2009 &ndash; October 1, 2009",,19687.50,"Call-up against a departmental standing offer"
http://www.cpc-cpp.gc.ca/prd/contracts-contrats/contract/09-10/office0731-eng.aspx,"Commission for Public Complaints Against the RCMP","4 Office Automation Ltd",5H001-10-7793,2009-07-31,"Rental of Multi Function Printer","August 1, 2009 to July 31, 2012",,24915.11,"Copier rental"
http://www.cpc-cpp.gc.ca/prd/contracts-contrats/contract/09-10/steward0702-eng.aspx,"Commission for Public Complaints Against the RCMP","Stewart, McKelvey Stirling Scales",AD5420-2008-S1/OTT,2009-07-02,"4067 &ndash; Legal Services","July 15, 2009 &ndash; March 31, 2010",,10000.00,
http://www.cpc-cpp.gc.ca/prd/contracts-contrats/contract/09-10/barbara0519-eng.aspx,"Commission for Public Complaints Against the RCMP","Barbara Personnel Inc.",5H001-10-7790,2009-05-19,"Temporary Help Services","May 13, 2009 &ndash; July 31, 2009",,11642.40,"Call-up against a standing offer. This contract includes one amendment."
http://www.cpc-cpp.gc.ca/prd/contracts-contrats/contract/09-10/johnD0504-2-eng.aspx,"Commission for Public Complaints Against the RCMP","John Dickson Professional Corporation",CPC-SO/001/13,2009-05-04,"4067 &ndash; Professional Services","May 5, 2009 &ndash; November 30, 2009",,68775.00,"Call-up against a departmental standing offer. This contract includes one amendment."
http://www.cpc-cpp.gc.ca/prd/contracts-contrats/contract/09-10/chart0202-eng.aspx,"Commission for Public Complaints Against the RCMP","Chartrand Fortin Labelle Solutions Inc.",CPC-SO/001/10-1,2009-02-02,"4067 &ndash; Professional Services","February 3, 2009 &ndash; September 30, 2009",,42375.00,"Call-up against a departmental standing offer. This contract includes one amendment."
http://www.cpc-cpp.gc.ca/prd/contracts-contrats/contract/09-10/robertS0115-eng.aspx,"Commission for Public Complaints Against the RCMP","Robert Strathdee",CPC-SO/001-09,2009-01-15,"4067 &ndash; Professional Services","January 19, 2009 &ndash; November 2, 2009",,91625.00,"Call-up against a departmental standing offer. This contract includes one amendment."
http://www.cpc-cpp.gc.ca/prd/contracts-contrats/contract/09-10/altis0326-eng.aspx,"Commission for Public Complaints Against the RCMP","Altis Human Resources (Ottawa) Inc.",5H001-10-7784-1,2009-03-26,"4084 &ndash; Temporary Help Services","April 7, 2009 &ndash; June 30, 2009",,19795.78,"Call-up against a standing offer. This contract includes one amendment."
http://www.cpc-cpp.gc.ca/prd/contracts-contrats/contract/09-10/excel0331-eng.aspx,"Commission for Public Complaints Against the RCMP","Excel ITR &ndash; Excel Information Technology Resources",5410-2009-2010-E2/OTT,2009-03-31,"4067 &ndash; Professional Services","April 1, 2009 &ndash; June 30, 2009",,24937.50,
http://www.cpc-cpp.gc.ca/prd/contracts-contrats/contract/09-10/corps0401-eng.aspx,"Commission for Public Complaints Against the RCMP","Corps of Commissionaires",5H001-10-7791,2009-04-01,"4050 &ndash; Protection Services","April 1, 2009 &ndash; March 31, 2010",,43470.96,"Call-up against a standing offer"
http://www.cpc-cpp.gc.ca/prd/contracts-contrats/contract/09-10/maxsys0409-eng.aspx,"Commission for Public Complaints Against the RCMP","Maxsys Aboriginal Services",5H001-08-7705,2009-04-09,"4084 &ndash; Temporary Help Services","January 24, 2008 &ndash; July 31, 2009",,83415.52,"Call-up against a standing offer. This contract includes five amendments."
http://www.cpc-cpp.gc.ca/prd/contracts-contrats/contract/09-10/tmf0416-eng.aspx,"Commission for Public Complaints Against the RCMP","TMF Consulting",5410-2009-2010-T11/OTT,2009-04-16,"4067 &ndash; Professional Services","April 20, 2009 &ndash; March 31, 2010",,42000.00,
http://www.cpc-cpp.gc.ca/prd/contracts-contrats/contract/09-10/johnD0504-eng.aspx,"Commission for Public Complaints Against the RCMP","John Dickson Professional Corporation",CPC-SO/001/13,2009-05-04,"4067 &ndash; Professional Services","May 5, 2009 &ndash; August 31, 2009",,35962.50,"Call-up against a departmental standing offer"
http://www.cpc-cpp.gc.ca/prd/contracts-contrats/contract/09-10/robertH0508-eng.aspx,"Commission for Public Complaints Against the RCMP","Robert Half Canada Inc.",5H001-09-7789-1,2009-05-08,"4084 &ndash; Temporary Help Services","May 11, 2009 &ndash; September 11, 2009",,10243.81,"Call-up against a standing offer. This contract includes one amendment."
http://www.cpc-cpp.gc.ca/prd/contracts-contrats/contract/08-09/csg1216-eng.aspx,"Commission for Public Complaints Against the RCMP","Compliance Strategy Group",5410-2008.2009-C44,2008-12-16,"04067 &ndash; Other Professional Services","2008-12-23 to 2009-03-30",,15750.00,
http://www.cpc-cpp.gc.ca/prd/contracts-contrats/contract/08-09/danton1231-eng.aspx,"Commission for Public Complaints Against the RCMP","Dr. Daniel Antonowicz",5410-2008-2009/A26,2008-12-31,"04067 &ndash; Other Professional Services","2009-01-08 to 2009-03-30",,15750.00,
http://www.cpc-cpp.gc.ca/prd/contracts-contrats/contract/08-09/workDynamics0102-eng.aspx,"Commission for Public Complaints Against the RCMP","WorkDynamics Technologies Inc.",5410-2008.2009/W3,2009-01-02,"04072 &ndash; EDP Services","2009-01-06 to 2009-03-30",,19625.00,
http://www.cpc-cpp.gc.ca/prd/contracts-contrats/contract/08-09/atlis0115-eng.aspx,"Commission for Public Complaints Against the RCMP","Altis Human Resources (Ottawa) Inc.",5H001-09-7764,2009-01-15,"04084 &ndash; Temp help services","2009-01-15 to 2009-02-27",,25338.60,
http://www.cpc-cpp.gc.ca/prd/contracts-contrats/contract/08-09/genesis0116-eng.aspx,"Commission for Public Complaints Against the RCMP","Genesis Integration Inc.",5H001-09-7766,2009-01-16,"09022 &ndash; Image/Video Equipment",,2009-03-16,33782.70,"Call-up against a standing offer"
http://www.cpc-cpp.gc.ca/prd/contracts-contrats/contract/08-09/kasurak0116-eng.aspx,"Commission for Public Complaints Against the RCMP","Peter Kasurak",5410-2008.2009/K8,2009-01-16,"04067 &ndash; Professional services","2009-02-02 to 2009-03-15",,16120.00,
http://www.cpc-cpp.gc.ca/prd/contracts-contrats/contract/08-09/dunn0116-eng.aspx,"Commission for Public Complaints Against the RCMP","Michael Dunn",CPC-SO/001-01-1,2009-01-16,"04067 &ndash; Professional services","2009-01-19 to 2009-03-31",,12600.00,"Call-up against a departmental standing offer"
http://www.cpc-cpp.gc.ca/prd/contracts-contrats/contract/08-09/bnmedia0127-eng.aspx,"Commission for Public Complaints Against the RCMP","Big North Media",5H001-09-7769,2009-01-27,"03032 &ndash; Audio-visual services",,2009-03-31,24634.20,"Call-up against a standing offer"
http://www.cpc-cpp.gc.ca/prd/contracts-contrats/contract/08-09/laprade0130-eng.aspx,"Commission for Public Complaints Against the RCMP","Bernard Laprade",5410-2008-2009/L2,2009-01-30,"04067 &ndash; Professional services","2009-01-30 to 2009-12-31",,20000.00,
http://www.cpc-cpp.gc.ca/prd/contracts-contrats/contract/08-09/chartrand0202-eng.aspx,"Commission for Public Complaints Against the RCMP","Chartrand Fortin Labelle Solutions Inc.",CPC-SO/001-10,2009-02-02,"04067 &ndash; Professional services","2009-02-03 to 2009-06-15",,34500.00,"Call-up against a departmental standing offer"
http://www.cpc-cpp.gc.ca/prd/contracts-contrats/contract/08-09/steelcase0203-eng.aspx,"Commission for Public Complaints Against the RCMP",Steelcase,5H001-09-7771,2009-02-03,"09015 &ndash; Office furniture",,2009-03-30,21667.52,"Call-up against a standing offer"
http://www.cpc-cpp.gc.ca/prd/contracts-contrats/contract/08-09/actionPersonnel0206-eng.aspx,"Commission for Public Complaints Against the RCMP","Action Personnel of Ottawa-Hull Ltd.",5H001-09-7772,2009-02-06,"04084 &ndash; Temp help services","2009-02-11 to 2009-04-22",,26775.00,
http://www.cpc-cpp.gc.ca/prd/contracts-contrats/contract/08-09/coi0217-eng.aspx,"Commission for Public Complaints Against the RCMP","Capital Office Interiors",036423,2009-02-17,"09015 &ndash; Office furniture",,2009-03-30,23036.00,
http://www.cpc-cpp.gc.ca/prd/contracts-contrats/contract/08-09/dickson0224-eng.aspx,"Commission for Public Complaints Against the RCMP","John Dickson",CPC-SO/001-04-2,2009-02-24,"04067 &ndash; Professional services","2009-02-24 to 2009-06-30",,31893.75,"Call-up against a departmental standing offer"
http://www.cpc-cpp.gc.ca/prd/contracts-contrats/contract/08-09/nisha0227-eng.aspx,"Commission for Public Complaints Against the RCMP","Nisha Technologies Inc.",5H001-09-7775,2009-02-27,"09025 &ndash; Computer equipment",,2009-03-27,39848.55,"Call-up against a standing offer"
http://www.cpc-cpp.gc.ca/prd/contracts-contrats/contract/08-09/strathdee0227-eng.aspx,"Commission for Public Complaints Against the RCMP","Robert Strathdee",CPC-SO/001-07-1,2009-02-27,"04067 &ndash; Professional services","2009-02-28 to 2009-06-15",,31500.00,"Call-up against a departmental standing offer"
http://www.cpc-cpp.gc.ca/prd/contracts-contrats/contract/08-09/natprin0309-eng.aspx,"Commission for Public Complaints Against the RCMP","National Printers Inc.",5H001-09-7781,2009-03-09,"03021 &ndash; Printing services",,2009-03-31,23415.00,"Call-up against a standing offer"
http://www.cpc-cpp.gc.ca/prd/contracts-contrats/contract/08-09/natprin0331-eng.aspx,"Commission for Public Complaints Against the RCMP","National Printers Inc.",5H001-09-7781-1,2009-03-31,"03021 &ndash; Printing services",,2009-03-31,30740.85,"Call-up against a standing offer"
http://www.cpc-cpp.gc.ca/prd/contracts-contrats/contract/08-09/johnD1016-eng.aspx,"Commission for Public Complaints Against the RCMP","John Dickson",CPC-SO/001-04,2008-10-16,"04067 &ndash; Other Professional Services","2009-10-20 to 2009-01-31",,62.625,"Investigative Services"
http://www.cpc-cpp.gc.ca/prd/contracts-contrats/contract/08-09/donney1120-eng.aspx,"Commission for Public Complaints Against the RCMP","Donneybrook Research &amp; Analysis Inc.",5410-2008.2009/D3,2008-11-20,"04067 &ndash; Other Professional Services","2008-12-01 to 2009-03-31",,22.400,"Data analysis"
http://www.cpc-cpp.gc.ca/prd/contracts-contrats/contract/08-09/info1103-eng.aspx,"Commission for Public Complaints Against the RCMP","Information Management &amp; Information Technologies Inc.",5410-2008-2009/I12,2008-11-03,"04067 &ndash; Other Professional Services","2008-11-06 to 2009-03-31",,13.275,"Develop Business Requirements"
http://www.cpc-cpp.gc.ca/prd/contracts-contrats/contract/08-09/knowC1103-eng.aspx,"Commission for Public Complaints Against the RCMP","Knowledge Circle Inc.",5410-2008-2009/K7,2008-11-03,"04041 &ndash; Language Training","2009-01-26 to 2009-02-26",,15.000,"Provide language training"
http://www.cpc-cpp.gc.ca/prd/contracts-contrats/contract/08-09/phipp1113-eng.aspx,"Commission for Public Complaints Against the RCMP","ME Phipps &amp; Associates Inc.",5H001-09-7754,2008-11-13,"09026 &ndash; Software License and Support","2008-11-13 to 2009-11-12",,14.310,
http://www.cpc-cpp.gc.ca/prd/contracts-contrats/contract/08-09/heather1124-eng.aspx,"Commission for Public Complaints Against the RCMP","Heather Chew",5410-2008.2009/D29,2008-11-24,"04067 &ndash; Other Professional Services","2008-11-28 to 2009-01-12",,23.800,"Conduct an environmental assessment"
http://www.cpc-cpp.gc.ca/prd/contracts-contrats/contract/08-09/nisha1211-eng.aspx,"Commission for Public Complaints Against the RCMP","Nisha Technologies Inc.",5H001-09-7759,2008-12-11,"9025 &ndash; EDP Equipment",,2008-12-29,24.650,"Personal computers"
http://www.cpc-cpp.gc.ca/prd/contracts-contrats/contract/08-09/robertS1217-eng.aspx,"Commission for Public Complaints Against the RCMP","Robert Strathdee",CPC-SO/001-007,2008-12-17,"04067 &ndash; Other Professional Services","2008-12-22 to 2009-02-27",,35.000,"Investigative Services"
http://www.cpc-cpp.gc.ca/prd/contracts-contrats/contract/08-09/christJM0702-eng.aspx,"Commission for Public Complaints Against the RCMP","Christopher James Murphy",5410-MUR,2008-07-02,"04067 &ndash; Other Professional Services","2008-07-04 to 2008-09-30",,16.500,
http://www.cpc-cpp.gc.ca/prd/contracts-contrats/contract/08-09/altis0724-eng.aspx,"Commission for Public Complaints Against the RCMP","Altis Human Resources (Ottawa) Inc.",5H001-09-7749,2008-07-24,"0813 - Temporary Help Services","2008-07-28 to 2008-09-30",,20.040,
http://www.cpc-cpp.gc.ca/prd/contracts-contrats/contract/08-09/altis0731-eng.aspx,"Commission for Public Complaints Against the RCMP","Altis Human Resources (Ottawa) Inc.",5H001-09-7751,2008-07-31,"0813 - Temporary Help Services","2008-08-11 to 2008-10-17",,20.790,
http://www.cpc-cpp.gc.ca/prd/contracts-contrats/contract/08-09/heather0805-eng.aspx,"Commission for Public Complaints Against the RCMP","Heather Chew",5410-CHEW,2008-08-05,"04067 - Other Professional Services","2008-08-08 to 2008-10-03",,16.000,
http://www.cpc-cpp.gc.ca/prd/contracts-contrats/contract/08-09/kennethJ0808-eng.aspx,"Commission for Public Complaints Against the RCMP","Kenneth J. Yule, Q.C.",5410-YULE,2008-08-08,"04067 &ndash; Other Professional Services","2008-10-01 to 2008-12-31",,20.000,
http://www.cpc-cpp.gc.ca/prd/contracts-contrats/contract/08-09/davidW0808-eng.aspx,"Commission for Public Complaints Against the RCMP","David Winkler",5410-WINKLER,2008-08-08,"04067 &ndash; Other Professional Services","2008-08-11 to 2009-03-31",,20.000,
http://www.cpc-cpp.gc.ca/prd/contracts-contrats/contract/08-09/michaelK0821-eng.aspx,"Commission for Public Complaints Against the RCMP","Michael Kilmartin",5410-KILMARTIN,2008-08-21,"04067 &ndash; Other Professional Services","2008-08-24 to 2008-09-19",,15.000,
http://www.cpc-cpp.gc.ca/prd/contracts-contrats/contract/08-09/michaelD0904-eng.aspx,"Commission for Public Complaints Against the RCMP","Michael Dunn",5410-2008.2009/D1,2008-09-04,"04067 &ndash; Other Professional Services","2008-09-09 to 2008-09-26",,18.000,
http://www.cpc-cpp.gc.ca/prd/contracts-contrats/contract/08-09/michaelD0930-eng.aspx,"Commission for Public Complaints Against the RCMP","Michael Dunn",CPC-SO/001-01,2008-09-30,"04067 &ndash; Other Professional Services","2008-10-01 to 2009-01-16",,98.700,"Standing Offer Agreement"
http://www.cpc-cpp.gc.ca/prd/contracts-contrats/contract/08-09/michaelK0930-eng.aspx,"Commission for Public Complaints Against the RCMP","Michael Kilmartin",CPC-SO/001-02,2009-09-30,"04067 &ndash; Other Professional Services","2008-10-01 to 2009-01-16",,77.700,"Standing Offer Agreement"
http://www.cpc-cpp.gc.ca/prd/contracts-contrats/contract/08-09/garthD0411-eng.aspx,"Commission for Public Complaints Against the RCMP","Prof. Garth Davies, Ph.D.",5410-DAVIES,2008-04-11,"04067 &ndash; Other Professional Services","2008-04-15 to 2008-05-20",,14000.00,"Analysis of RCMP Conducted Energy Weapons database"
http://www.cpc-cpp.gc.ca/prd/contracts-contrats/contract/08-09/workDynamics0428-eng.aspx,"Commission for Public Complaints Against the RCMP","WorkDynamics Technologies Inc.",5410-WorkDynamics,2008-04-28,"04072 &ndash; EDP Services","2008-04-30 to 2008-05-30",,11775.00,"Correspondence Tracking System"
http://www.cpc-cpp.gc.ca/prd/contracts-contrats/contract/08-09/rfpS0508-eng.aspx,"Commission for Public Complaints Against the RCMP","RFP Solutions Inc.","5410-RFP Solutions",2008-05-08,"04067 &ndash; Other Professional Services","2008-05-12 to 2008-09-30",,14250.00,"Evaluation of bids in response to RFP"
http://www.cpc-cpp.gc.ca/prd/contracts-contrats/contract/08-09/rgSteven0509-eng.aspx,"Commission for Public Complaints Against the RCMP","Richard Grant Stevens",5410-STEVENS-OTT,2008-05-09,"04067 &ndash; Other Professional Services","2008-05-14 to 2008-07-30",,20000.00,"Reviews and Investigations of Public Complaints"
http://www.cpc-cpp.gc.ca/prd/contracts-contrats/contract/08-09/chrisB0509-eng.aspx,"Commission for Public Complaints Against the RCMP","Chris Beach",5410-BEACH-OTT,2008-05-09,"04067 &ndash; Other Professional Services","2008-05-29 to 2008-07-30",,20000.00,"Reviews and Investigations of Public Complaints"
http://www.cpc-cpp.gc.ca/prd/contracts-contrats/contract/08-09/imtc0521-eng.aspx,"Commission for Public Complaints Against the RCMP","Information Management &amp; Technology Consultants Inc.",5410-IMTC-OTT,2008-05-21,"04067 &ndash; Other Professional Services","2008-05-21 to 2008-09-29",,13275.00,"Review and Update the CPC&#39;s Business Process Guide"
http://www.cpc-cpp.gc.ca/prd/contracts-contrats/contract/07-08/MichaelD0116-eng.aspx,"Commission for Public Complaints Against the RCMP","Michael Dunn",5420-2007.2008-D9/OTT,2008-01-16,"04067 &ndash; Other Professional Services","2008-01-28 to 2008-03-28",,23250.00,"Chair Initiated Complaint"
http://www.cpc-cpp.gc.ca/prd/contracts-contrats/contract/07-08/ICON0204-eng.aspx,"Commission for Public Complaints Against the RCMP","ICO Network Systems",5420-2008.2009-I1/Van,2008-02-04,"04072 &ndash; EDP Services","2008-04-01 to 2009-03-2009",,18900.00,"Provision of IT Support for Office in Surrey, B.C."
http://www.cpc-cpp.gc.ca/prd/contracts-contrats/contract/07-08/KnowC0204-eng.aspx,"Commission for Public Complaints Against the RCMP","Knowledge Circle",5420-2007.2008-K2/Ott,2008-02-04,"04067 &ndash; Other Professional Services","2008-02-11 to 2008-04-11",,11500.00,"Second Language Training (French)"
http://www.cpc-cpp.gc.ca/prd/contracts-contrats/contract/07-08/DaviesG0211-eng.aspx,"Commission for Public Complaints Against the RCMP","Prof. Garth Davies, Ph.D.",5420-2007.2008-D3/Ott,2008-02-11,"04067 &ndash; Other Professional Services","2008-02-25 to 2008-08-15",,20000.00,"Research on Mental Health Issues and Policing"
http://www.cpc-cpp.gc.ca/prd/contracts-contrats/contract/07-08/DavidMac0212-eng.aspx,"Commission for Public Complaints Against the RCMP","David MacAllister",5420-2007.2008-M3/Ott,2008-02-12,"04067 &ndash; Other Professional Services","2008-02-25 to 2008-08-22",,15000.00,"Research Mental Health Issues and the Use of Force"
http://www.cpc-cpp.gc.ca/prd/contracts-contrats/contract/07-08/proComm0228-eng.aspx,"Commission for Public Complaints Against the RCMP","Prosebusters Communications",5420-2008.2009.P2/Ott,2008-02-28,"03051 &ndash; Communications Professional Services","2008-03-03 to 2008-05-31",,23110.00,"Production of CPC&#39;s Annual Report"
http://www.cpc-cpp.gc.ca/prd/contracts-contrats/contract/07-08/ForeHind0310-eng.aspx,"Commission for Public Complaints Against the RCMP","Foresight &amp; Hindsight Inc.",5420-2008.2009-F2/Ott,2008-03-10,"04067 &ndash; Other Professional Services","2008-04-01 to 2008-06-30",,18300.00,"Draft Speech and Presentation for CACOLE Conference in June 2008"
http://www.cpc-cpp.gc.ca/prd/contracts-contrats/contract/07-08/ScottClark0311-eng.aspx,"Commission for Public Complaints Against the RCMP","Scott Clark Consulting Inc.",5420-2008.2009-S4/Ott,2008-03-11,"04067 &ndash; Other Professional Services","2008-03-24 to 2008-06-13",,23500.00,"Evaluation of the CPC/RCMP Observer Pilot Project"
http://www.cpc-cpp.gc.ca/prd/contracts-contrats/contract/07-08/BellC0311-eng.aspx,"Commission for Public Complaints Against the RCMP","Bell Canada",5410-2008.2009-Bell/Ott,2008-03-11,"04067 &ndash; Other Professional Services","2008-04-01 to 2008-09-30",,39392.00,"Develop CPC&#39;s Business Continuity Plan"
http://www.cpc-cpp.gc.ca/prd/contracts-contrats/contract/07-08/ComNet0318-eng.aspx,"Commission for Public Complaints Against the RCMP","Com-Net Inc.","5410-COM-NET Inc./Ott",2008-03-18,"04072 &ndash; EDP Services","2008-03-24 to 2008-05-15",,10650.00,"CPC&#39;s Inventory/Asset Database"
http://www.cpc-cpp.gc.ca/prd/contracts-contrats/contract/07-08/LexisNexis1101-eng.aspx,"Commission for Public Complaints Against the RCMP","LexisNexis Canada Inc.",5410-2007-2008-L1/OTT,2007-11-01,"04072 &ndash; Online research services","2007-11-01 to 2008-10-31",,15600.00,"Provide online legal research services"
http://www.cpc-cpp.gc.ca/prd/contracts-contrats/contract/07-08/CooperC0712-eng.aspx,"Commission for Public Complaints Against the RCMP","Cooper Consulting",5420-2008-C3/OTT,2007-07-12,"04067 &ndash; Other Professional Services","2007-07-12 to 2007-10-31",,16536.00,"Provide various classification consulting services."
http://www.cpc-cpp.gc.ca/prd/contracts-contrats/contract/07-08/CarmenJ0807-eng.aspx,"Commission for Public Complaints Against the RCMP","Carmen Jolicoeur",5420-2007-J2/OTT,2007-08-07,"04067 &ndash; Other Professional Services","2007-08-07 to 2007-12-31",,54470.00,"Provide Human Resources advice &amp; services."
http://www.cpc-cpp.gc.ca/prd/contracts-contrats/contract/07-08/TMF0831-eng.aspx,"Commission for Public Complaints Against the RCMP","TMF Consulting",5420-2008-T4/OTT,2007-08-31,"04067 &ndash; Other Professional Services","2007-08-31 to 2008-03-31",,37100.00,"Provide ATIP Services."
http://www.cpc-cpp.gc.ca/prd/contracts-contrats/contract/07-08/Midland0201-eng.aspx,"Commission for Public Complaints Against the RCMP","Midland Microcomputers Inc.",5420-M1/OTT,2007-02-01,"04072 &ndash; EDP Services","2007-04-01 to 2007-10-31",,25000.00,"Provide IT services on Commission e-Workspace."
http://www.cpc-cpp.gc.ca/prd/contracts-contrats/contract/07-08/DavidWin0320-eng.aspx,"Commission for Public Complaints Against the RCMP","David Winkler",5420-2007-W2/OTT,2007-03-20,"04067 - Other Professional Services","2007-04-01 to 2008-03-31",,24700.00,"Provide advice on policing policies, procedures and guidelines."
http://www.cpc-cpp.gc.ca/prd/contracts-contrats/contract/07-08/rgStevens0320-eng.aspx,"Commission for Public Complaints Against the RCMP","Richard G. Stevens",5420-2007-S3/OTT,2007-03-20,"04067 &ndash; Other Professional Services","2007-04-01 to 2008-03-31",,24700.00,"Provide advice on policing policies, procedures and guidelines."
http://www.cpc-cpp.gc.ca/prd/contracts-contrats/contract/07-08/LynneL0320-eng.aspx,"Commission for Public Complaints Against the RCMP","Lynne Loken",5420-2007-2008-LOK,2007-03-20,"04067 &ndash; Other Professional Services","2007-04-01 to 2008-03-31",,22800.00,"Provide services as a planner and facilitator."
http://www.cpc-cpp.gc.ca/prd/contracts-contrats/contract/07-08/LouiseL0327-eng.aspx,"Commission for Public Complaints Against the RCMP","Louise Leroux",5420-2007-L4/OTT,2007-03-27,"04068 &ndash; Translation Services","2007-04-01 to 2008-03-31",,25000.00,"Provide translation services as required."
http://www.cpc-cpp.gc.ca/prd/contracts-contrats/contract/07-08/TMF0330-eng.aspx,"Commission for Public Complaints Against the RCMP","TMF Consulting",5420-2007-2008-T1/OTT,2007-03-30,"04067 &ndash; Other Professional Services","2007-04-01 to 2008-03-31",,22750.00,"Provide ATIP services."
http://www.cpc-cpp.gc.ca/prd/contracts-contrats/contract/07-08/MichaelD0401-eng.aspx,"Commission for Public Complaints Against the RCMP","Michael D. Dunn",5420-2006-D1/OTT,2007-04-01,"04067 &ndash; Other Professional Services","2007-04-01 to 2007-09-30",,40000.00,"Provide assistance in the completion of the Kingsclear investigation and the production of the report."
http://www.cpc-cpp.gc.ca/prd/contracts-contrats/contract/07-08/MadeleineD0401-eng.aspx,"Commission for Public Complaints Against the RCMP","Madeleine Duford",5420-2007-2008-D1/OTT,2007-04-01,"04067 &ndash; Other Professional Services","2007-04-01 to 2008-03-31",,21465.00,"Provide expert staffing advice."
http://www.cpc-cpp.gc.ca/prd/contracts-contrats/contract/07-08/MarcG0405-eng.aspx,"Commission for Public Complaints Against the RCMP","Marc Gervais",5420-2007-2008-G3/OTT,2007-04-05,"04067 &ndash; Other Professional Services","2007-04-10 to 2007-10-31",,23400.00,"Provide services on planning and reporting."
http://www.cpc-cpp.gc.ca/prd/contracts-contrats/contract/07-08/Wiltshire0410-eng.aspx,"Commission for Public Complaints Against the RCMP","Wiltshire Consulting Inc.",5420-2006-W3/OTT,2007-04-10,"04067 &ndash; Other Professional Services","2007-04-10 to 2007-05-31",,15250.00,"Provide services on Corporate Risk Profile."
http://www.cpc-cpp.gc.ca/prd/contracts-contrats/contract/07-08/BarP0517-eng.aspx,"Commission for Public Complaints Against the RCMP","Barbara Personnel Inc.",5420-2007-2008-B4/SIL,2007-05-17,"04084 &ndash; Temporary Help Services","2007-05-17 to 2007-06-29",,10903.58,"Provide administrative services."
http://www.cpc-cpp.gc.ca/prd/contracts-contrats/contract/07-08/AnneMc0528-eng.aspx,"Commission for Public Complaints Against the RCMP","Anne McDonnell",5420-2007-2008-M5/OTT,2007-05-28,"04067 &ndash; Other Professional Services","2007-05-28 to 2007-08-31",,10000.00,"Provide advice on EX classification."
http://www.cpc-cpp.gc.ca/prd/contracts-contrats/contract/07-08/LexiTech0629-eng.aspx,"Commission for Public Complaints Against the RCMP","Lexi-Tech International",5420-2007-L6/OTT,2007-06-29,"04068 &ndash; Translation Services","2007-06-29 to 2007-08-31",,45000.00,"Translation of a report."
http://www.cpc-cpp.gc.ca/prd/contracts-contrats/contract/06-07/BEComm0130-eng.aspx,"Commission for Public Complaints Against the RCMP","B&amp;B Editorial Consulting c.o.b. as Prosebusters Communications",5420-2006-P1/OTT,2007-01-30,"03051 &ndash; Communications Professional Services","2007-02-01 to 2008-03-31",,32820.00,"Provide writing/editing/translation and printing services for the production of the 2006-2007 Annual Report."
http://www.cpc-cpp.gc.ca/prd/contracts-contrats/contract/06-07/MauryHill0201-eng.aspx,"Commission for Public Complaints Against the RCMP","Maury Hill &amp; Associates",5420-2006-M3/ott,2007-02-01,"04067 &ndash; Professional Services","2007-02-01 to 2007-06-30",,24000.00,"Provide support on the Kingsclear Investigation."
http://www.cpc-cpp.gc.ca/prd/contracts-contrats/contract/06-07/Telus0326-eng.aspx,"Commission for Public Complaints Against the RCMP","Telus Communications",5H001-07-07676,2007-02-05,"9022 &ndash; Image / Video Communication Equipment",,2007-03-26,20449.00,"Video conferencing equipment and installation &ndash; Ottawa office."
http://www.cpc-cpp.gc.ca/prd/contracts-contrats/contract/06-07/Telus0205-eng.aspx,"Commission for Public Complaints Against the RCMP","Telus Communications",5H001-07-07676,2007-02-05,"9022 &ndash; Image / Video Communication Equipment",,2007-03-30,17422.00,"Video conferencing equipment and installation &ndash; Surrey office."
http://www.cpc-cpp.gc.ca/prd/contracts-contrats/contract/06-07/JackG0209-eng.aspx,"Commission for Public Complaints Against the RCMP","Jack Gould",5420-2006-G3/OTT,2007-02-09,"04067 &ndash; Professional Services","2007-02-09 to 2008-09-30",,50000.00,"Review and prepare reports for the approval and signature of the Vice-Chair or Chair of the Commission."
http://www.cpc-cpp.gc.ca/prd/contracts-contrats/contract/06-07/rg0209-eng.aspx,"Commission for Public Complaints Against the RCMP","Richard Grounds",5420-2006-G1/OTT,2007-02-09,"04067 &ndash; Professional Services","2007-02-09 to 2008-09-30",,125000.00,"Review and prepare reports for the approval and signature of the Vice-Chair or Chair of the Commission."
http://www.cpc-cpp.gc.ca/prd/contracts-contrats/contract/06-07/RobertW0209-eng.aspx,"Commission for Public Complaints Against the RCMP","Robert Wakefield",5420-2006-W1/OTT,2007-02-09,"04067 &ndash; Professional Services","2007-02-09 to 2008-09-30",,50000.00,"Review and prepare reports for the approval and signature of the Vice-Chair or Chair of the Commission."
http://www.cpc-cpp.gc.ca/prd/contracts-contrats/contract/06-07/Niva0219-eng.aspx,"Commission for Public Complaints Against the RCMP","Niva Inc.",5H001-07-7677,2007-02-19,"03051 &ndash; Communications Professional Services","2007-02-19 to 2007-06-18",,44750.00,"Proofread, edit, and co-ordinate the printing and preparation for the Kingsclear Investigation Report."
http://www.cpc-cpp.gc.ca/prd/contracts-contrats/contract/06-07/SussexC0319-eng.aspx,"Commission for Public Complaints Against the RCMP","Sussex Circle",5420-2006-S2/OTT,2007-03-19,"04067 &ndash; Professional Services","2007-03-19 to 2008-03-31",,24000.00,"Provide advice on policing functions, policies &amp; procedures."
http://www.cpc-cpp.gc.ca/prd/contracts-contrats/contract/06-07/DavidWin1101-eng.aspx,"Commission for Public Complaints Against the RCMP","David Winkler","5420-2006 W2/OTT",2006-11-01,"04067 - Professional Services","2006-11-01 to 2007-03-31",,24000.00,"Provide written and oral advice on matters pertaining to Chair-initiated complaints and investigations."
http://www.cpc-cpp.gc.ca/prd/contracts-contrats/contract/06-07/rgStevens1101-eng.aspx,"Commission for Public Complaints Against the RCMP","Richard Grant Stevens","5420-2006 S3/OTT",2006-11-01,"04067 &ndash; Professional Services","2006-11-01 to 2007-03-31",,24000.00,"Provide written and oral advice on matters pertaining to Chair-initiated complaints and investigations."
http://www.cpc-cpp.gc.ca/prd/contracts-contrats/contract/06-07/KennethB0707-eng.aspx,"Commission for Public Complaints Against the RCMP","Kenneth C. Binks",AD5420-2006-B2/OTT,2006-07-07,"04067 &ndash; Professional services","2006-07-10 to 2008-03-31",,45500.00,"This contract is for the review and preparation of reports for the approval and signature of the Vice-Chair or Chair of the Commission."
http://www.cpc-cpp.gc.ca/prd/contracts-contrats/contract/06-07/TimothyR0710-eng.aspx,"Commission for Public Complaints Against the RCMP","Timothy Ray","AD 5420-2006-R1/OTT",2006-07-10,"04067 &ndash; Professional Services","2006-07-10 to 2008-03-31",,45500.00,"This contract is for the review and preparation of reports for the approval and signature of the Vice-Chair or Chair of the Commission."
http://www.cpc-cpp.gc.ca/prd/contracts-contrats/contract/06-07/louseL0711-eng.aspx,"Commission for Public Complaints Against the RCMP","Louise Leroux",AD5420-23006-L4/OTT,2006-07-11,"04068 &ndash; Translation Services","2006-07-24 to 2007-03-30",,25000.00,"Provide translation services."
http://www.cpc-cpp.gc.ca/prd/contracts-contrats/contract/06-07/TimothyH0728-eng.aspx,"Commission for Public Complaints Against the RCMP","Timothy Holmes",AD5420-2006-T4/OTT,2006-07-28,"04067 &ndash; Professional services","2006-08-01 to 2008-03-31",,45500.00,"This contract is for the review and preparation of reports for the approval and signature of the Vice-Chair or Chair of the Commission."
http://www.cpc-cpp.gc.ca/prd/contracts-contrats/contract/06-07/CarmenJ0801-eng.aspx,"Commission for Public Complaints Against the RCMP","Carmen Jolicoeur",AD5420-2006-J2/OTT,2006-08-01,"04067 &ndash; Professional Services","2006-08-01 to 2007-07-31",,99375.00,"Provide expert staffing advice &amp; services."
http://www.cpc-cpp.gc.ca/prd/contracts-contrats/contract/06-07/IMTC0831-eng.aspx,"Commission for Public Complaints Against the RCMP",IMTC,AD5420-2006-I2/OTT,2006-08-31,"04067 &ndash; Professional Services","2006-08-31 to 2006-12-31",,17700.00,"Provide professional services re JAD sessions &ndash; e Workspace."
http://www.cpc-cpp.gc.ca/prd/contracts-contrats/contract/06-07/pwgsc0914-eng.aspx,"Commission for Public Complaints Against the RCMP","PWGSC Consulting Services",AD5420-2006-P2/OTT,2006-09-14,"04067 &ndash; Professional services","2006-09-14 to 2006-12-31",,25000.00,"Provide consulting services."
http://www.cpc-cpp.gc.ca/prd/contracts-contrats/contract/06-07/TMF0323-eng.aspx,"Commission for Public Complaints Against the RCMP","TMF Consulting",5420-2006-T1/OTT,2006-03-23,"04067 &ndash; Other Professional Services","2006-04-01 to 2007-03-31",,21000.00,"ATIP Services."
http://www.cpc-cpp.gc.ca/prd/contracts-contrats/contract/06-07/LeadWork0401-eng.aspx,"Commission for Public Complaints Against the RCMP","Your Leadership Works",5420-2006-Y1/OTT,2006-04-01,"04067 &ndash; Other Professional Services","2006-04-01 to 2007-03-31",,25000.00,"Provide organizational &amp; consulting services in group facilitation and team building session."
http://www.cpc-cpp.gc.ca/prd/contracts-contrats/contract/06-07/CorpsComm0401-eng.aspx,"Commission for Public Complaints Against the RCMP","Corps of Commissionaires",5H001-06-7656,2006-04-01,"04050 &ndash; Protection Services","2006-04-01 to 2007-03-31",,82499.64,
http://www.cpc-cpp.gc.ca/prd/contracts-contrats/contract/06-07/IKON0401-eng.aspx,"Commission for Public Complaints Against the RCMP","IKON Office Solutions",5H001-07-7661,2006-04-01,"05028 &ndash; Rental of Photocopy Equipment","2006-04-01 to 2011-03-31",,13000.00,"Rental of photocopy equipment."
http://www.cpc-cpp.gc.ca/prd/contracts-contrats/contract/06-07/Interlangues0404-eng.aspx,"Commission for Public Complaints Against the RCMP",Interlangues,5H001-06-7688,2006-04-04,"04040 &ndash; Language Training","2006-04-04 to 2007-03-27",,10608.00,"Language Training."
http://www.cpc-cpp.gc.ca/prd/contracts-contrats/contract/06-07/CinnabarNet0413-eng.aspx,"Commission for Public Complaints Against the RCMP","Cinnabar Networks, A Division of Bell Security Solutions","AD 5420-2006-C2/OTT",2006-04-13,"04067 &ndash; Professional Services","2006-04-13 to 2006-06-30",,22740.00,"Prepare updated Departmental Security Policy."
http://www.cpc-cpp.gc.ca/prd/contracts-contrats/contract/06-07/FLeblanc0420-eng.aspx,"Commission for Public Complaints Against the RCMP","Fran Leblanc","AD 5420-2006-L3/OTT",2006-04-20,"04067 - Professional Services","2006-04-20 to 2006-08-31",,15000.00,"Provide consulting services to develop a comprehensive recruitment, development and progression program for Reviewer Analysts."
http://www.cpc-cpp.gc.ca/prd/contracts-contrats/contract/06-07/BarP0425-eng.aspx,"Commission for Public Complaints Against the RCMP","Barbara Personnel",5H0014-07-7664,2006-04-25,"04084 - Temporary Help Services","2006-04-25 to 2007-06-30",,23818.20,
http://www.cpc-cpp.gc.ca/prd/contracts-contrats/contract/06-07/BarP0426-eng.aspx,"Commission for Public Complaints Against the RCMP","Barbara Personnel",5H001-07-7662,2006-04-26,"04084 &ndash; Temporary Help Services","2006-04-26 to 2006-09-15",,45742.50,
http://www.cpc-cpp.gc.ca/prd/contracts-contrats/contract/06-07/BEComm0501-eng.aspx,"Commission for Public Complaints Against the RCMP","B&amp;B Editorial Consulting c.o.b. as Prosebusters Communications",5420-2006-P1/OTT,2006-05-01,"03051 &ndash; Communications Professional Services","2006-05-01 to 2007-05-31",,15000.00,"Provide writing/editing/translation services for the production of the 2005-2006 Annual Report."
http://www.cpc-cpp.gc.ca/prd/contracts-contrats/contract/06-07/BEComm0501-2-eng.aspx,"Commission for Public Complaints Against the RCMP","B&amp;B Editorial Consulting c.o.b. as Prosebusters Communications",5420-2006-P1/OTT,2006-05-01,"03051 &ndash; Communications Professional Services","2006-05-01 to 2007-05-31",,15000.00,"Provide writing/editing/translation services for the production of the 2005-2006 Annual Report."
http://www.cpc-cpp.gc.ca/prd/contracts-contrats/contract/06-07/CooperC0519-eng.aspx,"Commission for Public Complaints Against the RCMP","Cooper Consulting",5H001-07-7665,2006-05-19,"04067 &ndash; Other Professional Services","2006-05-19 to 2007-03-31",,13910.00,"Prepare Work Descriptions."
http://www.cpc-cpp.gc.ca/prd/contracts-contrats/contract/06-07/BarP0529-eng.aspx,"Commission for Public Complaints Against the RCMP","Barbara Personnel",5H001-07-7663,2006-05-29,"04084 &ndash; Temporary Help Services","2006-05-29 to 2006-12-30",,40427.47,
http://www.cpc-cpp.gc.ca/prd/contracts-contrats/contract/06-07/ICONet0601-eng.aspx,"Commission for Public Complaints Against the RCMP","ICO Networks Systems Inc.",AD5420-2006-I1/VAN,2006-06-01,"04072 &ndash; EDP Services","2006-06-01 to 2011-03-31",,24990.00,"Provide IT services as required."
http://www.cpc-cpp.gc.ca/prd/contracts-contrats/contract/06-07/IMTC0628-eng.aspx,"Commission for Public Complaints Against the RCMP","IMTC Consultants Inc.","AD 5420-2006-I2/OTT",2006-06-28,"04067 &ndash; Professional Services","2006-06-28 to 2006-10-30",,10000.00,"Finalize the format &amp; content of Review Unit&#39;s Administrative Desk Book."
http://www.cpc-cpp.gc.ca/prd/contracts-contrats/contract/05-06/ThornleyF1215-eng.aspx,"Commission for Public Complaints Against the RCMP","Thornley Fallis Communications",5420-2005-T3/OTT,2005-12-15,"03051 &ndash; Communication Professional Services","2006-01-01 to 2006-06-30",,25000.00,"Production of the Commission&#39;s 2005-2006 Annual Report."
http://www.cpc-cpp.gc.ca/prd/contracts-contrats/contract/05-06/staffing0201-eng.aspx,"Commission for Public Complaints Against the RCMP","The 500 Staffing Inc.",5H001-06-7650,2006-02-01,"04084 &ndash; Temporary Help Services","2006-02-01 to 2006-06-30",,55201.30,"Provide Media Services."
http://www.cpc-cpp.gc.ca/prd/contracts-contrats/contract/05-06/IMTC0201-eng.aspx,"Commission for Public Complaints Against the RCMP","IMTC CONSULTANTS",5420-2005-I1/OTT,2006-02-01,"04067 &ndash; Professional Services","2006-02-01 to 2006-06-30",,25000.00,"Development of procedures manual."
http://www.cpc-cpp.gc.ca/prd/contracts-contrats/contract/05-06/JackG0207-eng.aspx,"Commission for Public Complaints Against the RCMP","Jack Gould",5420-2005-G3/OTT,2006-02-07,"04067 &ndash; Professional Services","2006-02-07 to 2006-07-31",,45500.00,"This contract is for the review and preparation of reports for the approval and signature of the Vice-Chair or Chair of the Commission."
http://www.cpc-cpp.gc.ca/prd/contracts-contrats/contract/05-06/NishaTec0223-eng.aspx,"Commission for Public Complaints Against the RCMP","Nisha Technologies",5H001-06-7651,2006-02-23,"09025 &ndash; EDP Equipment",,2006-03-14,10100.80,"Edp Equipment &ndash; server."
http://www.cpc-cpp.gc.ca/prd/contracts-contrats/contract/05-06/SoftwareHouse0224-eng.aspx,"Commission for Public Complaints Against the RCMP","Software House International",5H001-06-7652,2006-02-24,"09026 &ndash; Software","2006-04-01 to 2007-03-31",,10766.34,"Renewal of Miscrosoft licences."
http://www.cpc-cpp.gc.ca/prd/contracts-contrats/contract/05-06/rwg0303-eng.aspx,"Commission for Public Complaints Against the RCMP","Richard W. Grounds",5420-2005-G1/OTT,2006-03-03,"04067 &ndash; Professional Services","2006-03-23 to 2007-03-25",,72000.00,"This contract is for the review and preparation of reports for the approval and signature of the Vice-Chair or Chair of the Commission."
http://www.cpc-cpp.gc.ca/prd/contracts-contrats/contract/05-06/leadWork0320-eng.aspx,"Commission for Public Complaints Against the RCMP","Your Leadership Works Inc.",5420-2006-Y1/OTT,2006-03-20,"04067 &ndash; Professional Services","2006-04-01 to 2007-03-31",,25000.00,"Provide organizational planning &amp; consulting services in group facilitation &amp; team building session."
http://www.cpc-cpp.gc.ca/prd/contracts-contrats/contract/05-06/MalcolmL0913-eng.aspx,"Commission for Public Complaints Against the RCMP","Malcolm Lindsay","AS 5420-2005-L4/OTT",2005-09-13,"04067 &ndash; Professional Services","2005-10-03 to 2007-03-31",,210000.00,"Perform the role of second Lead Investigator in a Public Interest Investigation."
http://www.cpc-cpp.gc.ca/prd/contracts-contrats/contract/05-06/KevinJG0930-eng.aspx,"Commission for Public Complaints Against the RCMP","Kevin J. Gillett Law Corp.","AD 7330-8-1",2005-09-30,"04067 &ndash; Professional Services","2005-10-01 to 2006-03-31",,36000.00,"This contract is for the review and preparation of reports for the approval and signature of the Vice-Chair or Chair of the Commission."
http://www.cpc-cpp.gc.ca/prd/contracts-contrats/contract/05-06/rg0930-eng.aspx,"Commission for Public Complaints Against the RCMP","Richard Grounds",7330-8-1,2005-09-30,"060467 &ndash; Professional Services","2005-10-01 to 2006-03-31",,36000.00,"This contract is for the review and preparation of reports for the approval and signature of the Vice-Chair or Chair of the Commission."
http://www.cpc-cpp.gc.ca/prd/contracts-contrats/contract/05-06/MichaelP1014-eng.aspx,"Commission for Public Complaints Against the RCMP","Michael P. Kilmartin","AD 5420-2005-K1/OTT",2005-10-14,"04067 - Professional Services","2005-10-24 to 2006-10-10",,126000.00,"Perform the role of second Lead Investigator in a Public Interest Investigation."
http://www.cpc-cpp.gc.ca/prd/contracts-contrats/contract/05-06/FLeblanc1107-eng.aspx,"Commission for Public Complaints Against the RCMP","F.M. (Fran) Leblanc","AD 5420-2005-L5/OTT",2005-11-07,"04067 &ndash; Professional Services","2005-11-07 to 2006-03-31",,10000.00,"To provide consulting services to develop a staffing monitoring framework."
http://www.cpc-cpp.gc.ca/prd/contracts-contrats/contract/05-06/WilliamM1121-eng.aspx,"Commission for Public Complaints Against the RCMP","William M. Blake","AD 5420-2005-B2/OTT",2005-11-21,"04067 &ndash; Professional Services","2005-11-21 to 2006-11-21",,75000.00,"Perform the role of second Lead Investigator in a Public Interest Investigation."
http://www.cpc-cpp.gc.ca/prd/contracts-contrats/contract/05-06/KennethF1130-eng.aspx,"Commission for Public Complaints Against the RCMP","Kenneth Fitch","AD 5420-2005-F1/OTT",2005-11-30,"04067 &ndash; Professional Services","2005-12-01 to 2006-11-21",,75000.00,"Perform the role of second Lead Investigator in a Public Interest Investigation"
http://www.cpc-cpp.gc.ca/prd/contracts-contrats/contract/05-06/SussexC1209-eng.aspx,"Commission for Public Complaints Against the RCMP","Sussex Circle Inc.","AD 5420-2005-S3/OTT",2005-12-09,"04060 &ndash; Management Consultant","2005-12-12 to 2006-03-31",,15000.00,"To provide services primarily in the area of organizational design and work description writing."
http://www.cpc-cpp.gc.ca/prd/contracts-contrats/contract/05-06/robertW1220-eng.aspx,"Commission for Public Complaints Against the RCMP","Robert Wakefield",5420-2005-W1/OTT,2005-12-20,"04067 &ndash; Professional Services","2005-12-31 to 2006-06-30",,45500.00,"This contract is for the review and preparation of reports for the approval and signature of the Vice-Chair or Chair of the Commission."
http://www.cpc-cpp.gc.ca/prd/contracts-contrats/contract/05-06/CinnabarNet0610-eng.aspx,"Commission for Public Complaints Against the RCMP","Cinnabar Networks Inc.",5420-2005-CR/OTT,2005-06-10,"4067 &ndash; Professional Services","2005-07-04 to 2005-08-08",,23184.00,"Perform High Level enterprise Threat and Risk Assessment"
http://www.cpc-cpp.gc.ca/prd/contracts-contrats/contract/05-06/CarefreeT0712-eng.aspx,"Commission for Public Complaints Against the RCMP","Carefree Technologies Inc.",5420-2005-C6/OTT,2005-07-12,"04067 &ndash; Professional Services","2005-07-25 to 2005-11-30",,15000.00,"Provide upgrade to RIMS and training"
http://www.cpc-cpp.gc.ca/prd/contracts-contrats/contract/05-06/JulieLa0718-eng.aspx,"Commission for Public Complaints Against the RCMP","Julie Lafreni&egrave;re",5420-2005-L3/OTT,2005-07-18,"4067 &ndash; Professional Services","2005-07-18 to 2005-08-31",,10800.00,"Assist lead investigators in the preparation of upcoming investigation"
http://www.cpc-cpp.gc.ca/prd/contracts-contrats/contract/05-06/made0718-eng.aspx,"Commission for Public Complaints Against the RCMP","Madeleine Duford",5H001-06-7640,2005-07-18,"04067 &ndash; Professional Services","2005-07-18 to 2006-03-31",,43335.00,"Provide expert staffing advice and services."
http://www.cpc-cpp.gc.ca/prd/contracts-contrats/contract/05-06/LeadWork0912-eng.aspx,"Commission for Public Complaints Against the RCMP","Leadership Works",5420-205-Y1/OTT,2005-09-12,"4067 &ndash; Professional Services","2005-09-12 to 2005-12-30",,15000.00,"Provide organizational and consulting services"
http://www.cpc-cpp.gc.ca/prd/contracts-contrats/contract/05-06/DoreenW0627-eng.aspx,"Commission for Public Complaints Against the RCMP","Doreen Wilson Consulting Inc.",5420-2005-D2/OTT,2005-06-27,"04067 &ndash; Professional Services","2005-06-27 to 2005-11-30",,10000.00,"Provide detailed costing of a Public Hearing."
http://www.cpc-cpp.gc.ca/prd/contracts-contrats/contract/05-06/Combat050621-eng.aspx,"Commission for Public Complaints Against the RCMP","Combat Networks Inc.",5H001-06-7637,2005-06-21,"09026 &ndash; Software",,2005-07-04,10742.80,
http://www.cpc-cpp.gc.ca/prd/contracts-contrats/contract/05-06/BEComm0606-eng.aspx,"Commission for Public Complaints Against the RCMP","B &amp; B Editorial Consulting Ltd c.o.b. as Prosebusters Communications",5420-2005-P2/OTT,2005-06-06,"03051 &ndash; Communication Professional Services","2005-06-08 to 2006-03-31",,15000.00,"Provide writing/editing/translation services"
http://www.cpc-cpp.gc.ca/prd/contracts-contrats/contract/05-06/CMS0606-eng.aspx,"Commission for Public Complaints Against the RCMP","CMS Human Resources Consultants Inc.",5H001-06-7634,2005-06-06,"04067 &ndash; Professional Services","2005-06-06 to 2005-12-31",,27820.00,"Provide consulting services in the staffing process."
http://www.cpc-cpp.gc.ca/prd/contracts-contrats/contract/05-06/TAB0606-eng.aspx,"Commission for Public Complaints Against the RCMP","TAB Canada",5H001-06-7636,2005-06-06,"09015 &ndash; Office Furniture",,2005-08-03,13108.57,
http://www.cpc-cpp.gc.ca/prd/contracts-contrats/contract/05-06/MichaelD0602-eng.aspx,"Commission for Public Complaints Against the RCMP","Michael Desmond Dunn LLB",5420-2005-D1/OTT,2005-06-02,"04067 &ndash; Professional Services","2005-06-13 to 2006-12-31",,215000.00,"Perform the role of second Lead Investigator in a Public Interest Investigation."
http://www.cpc-cpp.gc.ca/prd/contracts-contrats/contract/05-06/JamesL0520-eng.aspx,"Commission for Public Complaints Against the RCMP","James L&eacute;v&egrave;que",5420-2005-L2/OTT,2005-05-20,"03051 &ndash; Communication Professional Services","2005-05-20 to 2006-03-31",,25000.00,"Provide media relations services."
http://www.cpc-cpp.gc.ca/prd/contracts-contrats/contract/05-06/SoftwareHouse0506-eng.aspx,"Commission for Public Complaints Against the RCMP","Software House International",5H001-06-7630,2005-05-06,"09026 &ndash; Software licences","2005-05-06 to 2006-05-05",,10907.58,"Renewal of annual licencing fees."
http://www.cpc-cpp.gc.ca/prd/contracts-contrats/contract/05-06/NishaTec0503-eng.aspx,"Commission for Public Complaints Against the RCMP","Nisha Technologies Inc.",5H001-06-7628,2005-05-03,"09025 &ndash; EDP Equipment (servers)",,2005-05-31,16724.10,
http://www.cpc-cpp.gc.ca/prd/contracts-contrats/contract/05-06/BarP0425-eng.aspx,"Commission for Public Complaints Against the RCMP","Barbara Personnel Inc.",5H001-06-7626,2005-04-25,"04084 &ndash; Temporary Help Services","2005-04-25 to 2005-08-26",,14570.33,
http://www.cpc-cpp.gc.ca/prd/contracts-contrats/contract/05-06/JeaSab0415-eng.aspx,"Commission for Public Complaints Against the RCMP","Jeannette Sabourin",5420-2005-S2/OTT,2005-04-15,"04067 &ndash; Professional services","2005-04-15 to 2005-06-15",,25000.00,"Conduct an administrative review and also provide Human Resources classification advice."
http://www.cpc-cpp.gc.ca/prd/contracts-contrats/contract/05-06/Midland0414-eng.aspx,"Commission for Public Complaints Against the RCMP","Midland Microcomputers Limited",7337-2005-K3/OTT,2005-04-14,"04072 &ndash; EDP Services","2005-04-14 to 2006-03-31",,145750.00,"eWorkspace design for a major investigation."
http://www.cpc-cpp.gc.ca/prd/contracts-contrats/contract/05-06/OfficeT0413-eng.aspx,"Commission for Public Complaints Against the RCMP","Office Team",5H001-06-7625,2005-04-13,"04084 &ndash; Temporary Help Services","2005-04-14 to 2005-06-30",,13506.08,
http://www.cpc-cpp.gc.ca/prd/contracts-contrats/contract/05-06/TerrenceF0413-eng.aspx,"Commission for Public Complaints Against the RCMP","Terrence Firman",5420-2005-T2/OTT,2005-04-13,"04067 &ndash; Professional services","2005-04-14 to 2006-03-31",,24780.00,"ATIP Services"
http://www.cpc-cpp.gc.ca/prd/contracts-contrats/contract/05-06/MichaelB0411-eng.aspx,"Commission for Public Complaints Against the RCMP","Michael Bryans",5420-2005-B1/OTT,2005-04-11,"03051 &ndash; Communication Professional Services","2005-04-11 to 2006-03-31",,16000.00,"Provide speech writing services."
http://www.cpc-cpp.gc.ca/prd/contracts-contrats/contract/05-06/PerG0407-eng.aspx,"Commission for Public Complaints Against the RCMP","Performance Group Inc.",5420-2005-P1/OTT,2005-04-07,"04047 &ndash; Training","2005-04-07 to 2005-10-31",,15500.00,"Provide coaching for public speaking skills for special appearances."
http://www.cpc-cpp.gc.ca/prd/contracts-contrats/contract/05-06/CarsonL0406-eng.aspx,"Commission for Public Complaints Against the RCMP","Carson L. Turncliff",5420-2005-T1/VAN,2005-04-06,"04067 &ndash; Professional services","2005-05-01 to 2005-12-30",,25000.00,"To provide enquiries and complaints assistance in the Western Region Office."
http://www.cpc-cpp.gc.ca/prd/contracts-contrats/contract/05-06/comm050401-eng.aspx,"Commission for Public Complaints Against the RCMP","Commissionaires &ndash; Ottawa",5H001-06-7624,2005-04-01,"04050 &ndash; Protection Services","2005-04-01 to 2006-03-31",,80905.12,
http://www.cpc-cpp.gc.ca/prd/contracts-contrats/contract/05-06/BarP0401-eng.aspx,"Commission for Public Complaints Against the RCMP","Barbara Personnel Inc.",5H001-06-7629,2005-04-01,"04084 &ndash; Temporary Help Services","2005-04-25 to 2005-08-26",,41890.50,
http://www.cpc-cpp.gc.ca/prd/contracts-contrats/contract/05-06/YvetteC0401-eng.aspx,"Commission for Public Complaints Against the RCMP","Yvette Collins",5420-2005-C2/OTT,2005-04-01,"03051 &ndash; Communication Professional Services","2005-04-01 to 2006-03-31",,16500.00,"Provide proofreading, writing and text editing services."
