http://www.fcac-acfc.gc.ca/eng/Disclosure/Contracts-eng.asp?View=V3&ContId=310&Q=1&theYear=2010,"Financial Consumer Agency of Canada","Business Events Solutions",5R000-1020,2010-06-22,"0491 Management Consulting","2010-06-22 to 2011-09-30",,98077.99,
http://www.fcac-acfc.gc.ca/eng/Disclosure/Contracts-eng.asp?View=V3&ContId=312&Q=1&theYear=2010,"Financial Consumer Agency of Canada","Environics Analytics",CON10-033,2010-06-01,"0341 Communications Research Services","2010-06-02 to 2010-06-30",,25000.00,
http://www.fcac-acfc.gc.ca/eng/Disclosure/Contracts-eng.asp?View=V3&ContId=311&Q=1&theYear=2010,"Financial Consumer Agency of Canada","Thornley Fallis / 76 Design",CON10-029,2010-05-25,"0351 Communications Professional Services","2010-05-25 to 2010-08-31",,33448.00,
http://www.fcac-acfc.gc.ca/eng/Disclosure/Contracts-eng.asp?View=V3&ContId=309&Q=1&theYear=2010,"Financial Consumer Agency of Canada","News Canada Inc.",5R000-1017,2010-05-21,"0301 Advertising Services","2010-08-01 to 2011-04-30",,17283.00,
http://www.fcac-acfc.gc.ca/eng/Disclosure/Contracts-eng.asp?View=V3&ContId=306&Q=1&theYear=2010,"Financial Consumer Agency of Canada","Xerox Canada Ltd.",5R000-1014,2010-05-19,"1239 Other Office Equipment and Parts","2010-05-19 to 2015-03-31",,22502.40,"Copier rental (5 year term)"
http://www.fcac-acfc.gc.ca/eng/Disclosure/Contracts-eng.asp?View=V3&ContId=307&Q=1&theYear=2010,"Financial Consumer Agency of Canada","Xerox Canada Ltd.",5R000-1015,2010-05-19,"1239 Other Office Equipment and Parts","2010-05-19 to 2015-03-31",,29332.80,"Copier rental (5 year term)"
http://www.fcac-acfc.gc.ca/eng/Disclosure/Contracts-eng.asp?View=V3&ContId=308&Q=1&theYear=2010,"Financial Consumer Agency of Canada","Xerox Canada Ltd.",5R000-1016,2010-05-19,"1239 Other Office Equipment and Parts","2010-05-19 to 2015-03-31",,53788.20,"Copier rental (5 year term)"
http://www.fcac-acfc.gc.ca/eng/Disclosure/Contracts-eng.asp?View=V3&ContId=305&Q=1&theYear=2010,"Financial Consumer Agency of Canada","Kaboom Communications Design",CON10-031,2010-05-10,"0351 Communications Professional Services","2010-05-10 to 2010-10-30",,12484.50,
http://www.fcac-acfc.gc.ca/eng/Disclosure/Contracts-eng.asp?View=V3&ContId=302&Q=1&theYear=2010,"Financial Consumer Agency of Canada","Kaboom Communications Design",CON10-027,2010-05-10,"0351 Communications Professional Services","2010-05-10 to 2010-09-01",,17508.75,
http://www.fcac-acfc.gc.ca/eng/Disclosure/Contracts-eng.asp?View=V3&ContId=301&Q=1&theYear=2010,"Financial Consumer Agency of Canada","Hewlett-Packard Ltd.",5R000-1009,2010-05-05,"1227 Acquisition - computer",,2010-05-05,10560.80,
http://www.fcac-acfc.gc.ca/eng/Disclosure/Contracts-eng.asp?View=V3&ContId=299&Q=1&theYear=2010,"Financial Consumer Agency of Canada","Dollco Printing",CON10-025,2010-05-03,"0321 Printing Services","2010-05-03 to 2010-05-14",,23424.99,
http://www.fcac-acfc.gc.ca/eng/Disclosure/Contracts-eng.asp?View=V3&ContId=303&Q=1&theYear=2010,"Financial Consumer Agency of Canada","Curriculum Services Canada",CON10-028,2010-04-27,"0491 Management Consulting","2010-04-27 to 2011-03-31",,24522.50,
http://www.fcac-acfc.gc.ca/eng/Disclosure/Contracts-eng.asp?View=V3&ContId=300&Q=1&theYear=2010,"Financial Consumer Agency of Canada","David Clarke",CON10-026,2010-04-26,"0351 Communications Professional Services","2010-04-26 to 2011-03-31",,25000.00,
http://www.fcac-acfc.gc.ca/eng/Disclosure/Contracts-eng.asp?View=V3&ContId=297&Q=1&theYear=2010,"Financial Consumer Agency of Canada","1760508 Ontario Inc.",CON10-024,2010-04-19,"0491 Management Consulting","2010-04-19 to 2010-10-31",,25000.00,
http://www.fcac-acfc.gc.ca/eng/Disclosure/Contracts-eng.asp?View=V3&ContId=298&Q=1&theYear=2010,"Financial Consumer Agency of Canada","Polestar Communications Inc.",5R000-0924,2010-04-13,"0446 Training Consultants","2010-04-13 to 2012-03-31",,263655.00,
http://www.fcac-acfc.gc.ca/eng/Disclosure/Contracts-eng.asp?View=V3&ContId=296&Q=1&theYear=2010,"Financial Consumer Agency of Canada","Newcomp Solutions Inc.",CON10-022,2010-04-09,"0472 Information Technology Consultants","2010-04-09 to 2011-03-31",,11970.00,
http://www.fcac-acfc.gc.ca/eng/Disclosure/Contracts-eng.asp?View=V3&ContId=304&Q=1&theYear=2010,"Financial Consumer Agency of Canada","Cascading Solutions Corporation",CON10-030,2010-04-03,"0472 Information Technology Consultants","2010-04-03 to 2011-03-31",,25000.00,
http://www.fcac-acfc.gc.ca/eng/Disclosure/Contracts-eng.asp?View=V3&ContId=282&Q=1&theYear=2010,"Financial Consumer Agency of Canada","Donna Cona inc.",CON09-060,2010-04-01,"0491 Management Consulting","2010-04-01 to 2011-03-31",,110250.00,
http://www.fcac-acfc.gc.ca/eng/Disclosure/Contracts-eng.asp?View=V3&ContId=283&Q=1&theYear=2010,"Financial Consumer Agency of Canada","N Chenevert-Miquelon",CON10-002,2010-04-01,"0351 Communications Professional Services","2010-04-01 to 2011-03-31",,25000.00,
http://www.fcac-acfc.gc.ca/eng/Disclosure/Contracts-eng.asp?View=V3&ContId=284&Q=1&theYear=2010,"Financial Consumer Agency of Canada","William Hart",CON10-001,2010-04-01,"0351 Communications Professional Services","2010-04-01 to 2011-03-31",,25000.00,
http://www.fcac-acfc.gc.ca/eng/Disclosure/Contracts-eng.asp?View=V3&ContId=285&Q=1&theYear=2010,"Financial Consumer Agency of Canada","RJF Communications",CON10-004,2010-04-01,"0351 Communications Professional Services","2010-04-01 to 2011-03-31",,25000.00,
http://www.fcac-acfc.gc.ca/eng/Disclosure/Contracts-eng.asp?View=V3&ContId=286&Q=1&theYear=2010,"Financial Consumer Agency of Canada",Cision,CON10-006,2010-04-01,"0351 Communications Professional Services","2010-04-01 to 2011-03-31",,18000.00,
http://www.fcac-acfc.gc.ca/eng/Disclosure/Contracts-eng.asp?View=V3&ContId=287&Q=1&theYear=2010,"Financial Consumer Agency of Canada","Aline Barnoti",CON10-003,2010-04-01,"0491 Management Consulting","2010-04-01 to 2011-03-31",,20000.00,
http://www.fcac-acfc.gc.ca/eng/Disclosure/Contracts-eng.asp?View=V3&ContId=288&Q=1&theYear=2010,"Financial Consumer Agency of Canada","Sheila Munroe",CON10-008,2010-04-01,"0491 Management Consulting","2010-04-01 to 2011-03-31",,12000.00,
http://www.fcac-acfc.gc.ca/eng/Disclosure/Contracts-eng.asp?View=V3&ContId=289&Q=1&theYear=2010,"Financial Consumer Agency of Canada","Margo Connors",CON10-009,2010-04-01,"0491 Management Consulting","2010-04-01 to 2011-03-31",,12000.00,
http://www.fcac-acfc.gc.ca/eng/Disclosure/Contracts-eng.asp?View=V3&ContId=290&Q=1&theYear=2010,"Financial Consumer Agency of Canada","Jeff Balch",CON10-011,2010-04-01,"0491 Management Consulting","2010-04-01 to 2011-03-31",,15000.00,
http://www.fcac-acfc.gc.ca/eng/Disclosure/Contracts-eng.asp?View=V3&ContId=291&Q=1&theYear=2010,"Financial Consumer Agency of Canada","Kathy Weninger",CON10-013,2010-04-01,"0491 Management Consulting","2010-04-01 to 2011-03-31",,15000.00,
http://www.fcac-acfc.gc.ca/eng/Disclosure/Contracts-eng.asp?View=V3&ContId=292&Q=1&theYear=2010,"Financial Consumer Agency of Canada","Martin Hogue",CON10-014,2010-04-01,"0491 Management Consulting","2010-04-01 to 2011-03-31",,12000.00,
http://www.fcac-acfc.gc.ca/eng/Disclosure/Contracts-eng.asp?View=V3&ContId=293&Q=1&theYear=2010,"Financial Consumer Agency of Canada","Luciana Johnson",CON10-019,2010-04-01,"0491 Management Consulting","2010-04-01 to 2011-03-31",,15000.00,
http://www.fcac-acfc.gc.ca/eng/Disclosure/Contracts-eng.asp?View=V3&ContId=294&Q=1&theYear=2010,"Financial Consumer Agency of Canada","Barbara McKinnon",CON10-020,2010-04-01,"0491 Management Consulting","2010-04-01 to 2011-03-31",,12000.00,
http://www.fcac-acfc.gc.ca/eng/Disclosure/Contracts-eng.asp?View=V3&ContId=295&Q=1&theYear=2010,"Financial Consumer Agency of Canada","Pierre Roy",CON10-021,2010-04-01,"0491 Management Consulting","2010-04-01 to 2011-03-31",,12000.00,
http://www.fcac-acfc.gc.ca/eng/Disclosure/Contracts-eng.asp?View=V3&ContId=225&Q=1&theYear=2009,"Financial Consumer Agency of Canada","Acart Communications Inc.",CON09-023,2009-06-29,"0351 Communications Professional Services","2009-06-29 to 2009-10-29",,10941.00,
http://www.fcac-acfc.gc.ca/eng/Disclosure/Contracts-eng.asp?View=V3&ContId=226&Q=1&theYear=2009,"Financial Consumer Agency of Canada","Hebb, Knight and Associates",CON09-024,2009-06-29,"0491 Management Consulting","2009-06-29 to 2009-10-31",,11025.00,
http://www.fcac-acfc.gc.ca/eng/Disclosure/Contracts-eng.asp?View=V3&ContId=224&Q=1&theYear=2009,"Financial Consumer Agency of Canada","Haworth Ltd.",5R000-0920,2009-06-15,"1231 Office Furniture and Furnishings, Including Parts","2009-06-15 to 2009-07-24",,23080.24,
http://www.fcac-acfc.gc.ca/eng/Disclosure/Contracts-eng.asp?View=V3&ContId=223&Q=1&theYear=2009,"Financial Consumer Agency of Canada","Social Enterprise Development Innovations",CON08-072,2009-06-02,"0440 Education - Elementary, Secondary, College, University and Special Education","2009-06-02 to 2011-03-31",,261056.25,
http://www.fcac-acfc.gc.ca/eng/Disclosure/Contracts-eng.asp?View=V3&ContId=222&Q=1&theYear=2009,"Financial Consumer Agency of Canada","Delta Printing",CON09-020,2009-05-14,"0321 Printing Services","2009-05-14 to 2009-05-29",,10707.90,
http://www.fcac-acfc.gc.ca/eng/Disclosure/Contracts-eng.asp?View=V3&ContId=220&Q=1&theYear=2009,"Financial Consumer Agency of Canada","Metafore Canada",5R000-0913,2009-04-24,"1227 Acquisition - computer",,2009-05-01,13093.50,
http://www.fcac-acfc.gc.ca/eng/Disclosure/Contracts-eng.asp?View=V3&ContId=219&Q=1&theYear=2009,"Financial Consumer Agency of Canada","Delloitte &amp; Touche LLp",5R000-0912,2009-04-22,"0491 Management Consulting","2009-04-22 to 2009-11-30",,126603.75,
http://www.fcac-acfc.gc.ca/eng/Disclosure/Contracts-eng.asp?View=V3&ContId=221&Q=1&theYear=2009,"Financial Consumer Agency of Canada","Prism Web Plus",CON09-018,2009-04-14,"0472 Information Technology Consultants","2009-04-14 to 2009-08-11",,24855.03,"Contains Amendment"
http://www.fcac-acfc.gc.ca/eng/Disclosure/Contracts-eng.asp?View=V3&ContId=215&Q=1&theYear=2009,"Financial Consumer Agency of Canada","N Chenevert-Miquelon",CON09-009,2009-04-14,"0351 Communications Professional Services","2009-04-14 to 2010-03-31",,25000.00,
http://www.fcac-acfc.gc.ca/eng/Disclosure/Contracts-eng.asp?View=V3&ContId=216&Q=1&theYear=2009,"Financial Consumer Agency of Canada","William Hart",CON09-010,2009-04-14,"0351 Communications Professional Services","2009-04-14 to 2010-03-31",,25000.00,
http://www.fcac-acfc.gc.ca/eng/Disclosure/Contracts-eng.asp?View=V3&ContId=217&Q=1&theYear=2009,"Financial Consumer Agency of Canada","RJF Communications",CON09-011,2009-04-14,"0351 Communications Professional Services","2009-04-14 to 2010-03-31",,25000.00,
http://www.fcac-acfc.gc.ca/eng/Disclosure/Contracts-eng.asp?View=V3&ContId=213&Q=1&theYear=2009,"Financial Consumer Agency of Canada","Footworks Inc.",CON09-007,2009-04-13,"0472 Information Technology Consultants","2009-04-13 to 2009-05-31",,24150.00,
http://www.fcac-acfc.gc.ca/eng/Disclosure/Contracts-eng.asp?View=V3&ContId=214&Q=1&theYear=2009,"Financial Consumer Agency of Canada","Pat Dunphy",CON09-008,2009-04-09,"0491 Management Consulting","2009-04-09 to 2009-10-30",,25000.00,
http://www.fcac-acfc.gc.ca/eng/Disclosure/Contracts-eng.asp?View=V3&ContId=218&Q=1&theYear=2009,"Financial Consumer Agency of Canada","O/A Distribution Access",CON09-012,2009-04-09,"0311 Publishing Services","2009-04-09 to 2010-03-31",,45675.00,"Contains Amendment"
http://www.fcac-acfc.gc.ca/eng/Disclosure/Contracts-eng.asp?View=V3&ContId=210&Q=1&theYear=2009,"Financial Consumer Agency of Canada",Cision,CON09-004,2009-04-07,"0351 Communications Professional Services","2009-04-07 to 2010-03-31",,25000.00,
http://www.fcac-acfc.gc.ca/eng/Disclosure/Contracts-eng.asp?View=V3&ContId=211&Q=1&theYear=2009,"Financial Consumer Agency of Canada","St. Joseph Communications",CON09-005,2009-04-03,"0321 Printing Services","2009-04-03 to 2009-04-30",,12200.68,
http://www.fcac-acfc.gc.ca/eng/Disclosure/Contracts-eng.asp?View=V3&ContId=212&Q=1&theYear=2009,"Financial Consumer Agency of Canada","Newcomp Solutions Inc.",CON09-006,2009-04-01,"0472 Information Technology Consultants","2009-04-01 to 2010-03-31",,17600.00,
http://www.fcac-acfc.gc.ca/eng/Disclosure/Contracts-eng.asp?View=V3&ContId=207&Q=1&theYear=2009,"Financial Consumer Agency of Canada",Marketwire,CON09-001,2009-04-01,"0351 Communications Professional Services","2009-04-01 to 2010-03-31",,20000.00,
http://www.fcac-acfc.gc.ca/eng/Disclosure/Contracts-eng.asp?View=V3&ContId=208&Q=1&theYear=2009,"Financial Consumer Agency of Canada","Will&#39;s Transfer Ltd.",5R000-0902,2009-04-01,"0859 Other Business Services","2009-04-01 to 2010-03-31",,35000.00,
http://www.fcac-acfc.gc.ca/eng/Disclosure/Contracts-eng.asp?View=V3&ContId=209&Q=1&theYear=2009,"Financial Consumer Agency of Canada","1364300 Ontario Inc.",CON09-002,2009-04-01,"0472 Information technology consultants","2009-04-01 to 2010-03-31",,25000.00,
http://www.fcac-acfc.gc.ca/eng/Disclosure/Contracts-eng.asp?View=V3&ContId=244&Q=2&theYear=2009,"Financial Consumer Agency of Canada","Hyperactive Productions Inc.",5R000-0939,2009-09-30,"0332 Audio-visual Services","2009-09-30 to 2010-04-30",,79646.26,
http://www.fcac-acfc.gc.ca/eng/Disclosure/Contracts-eng.asp?View=V3&ContId=251&Q=2&theYear=2009,"Financial Consumer Agency of Canada","Cossette Communication Inc.",5R000-0923-1,2009-09-23,"0301 Advertising Services","2009-09-23 to 2010-03-31",,138810.00,
http://www.fcac-acfc.gc.ca/eng/Disclosure/Contracts-eng.asp?View=V3&ContId=239&Q=2&theYear=2009,"Financial Consumer Agency of Canada",Unilytics,CON09-035,2009-09-21,"0472 Information Technology Consultants","2009-09-21 to 2009-09-24",,18193.73,"Contains Amendment"
http://www.fcac-acfc.gc.ca/eng/Disclosure/Contracts-eng.asp?View=V3&ContId=241&Q=2&theYear=2009,"Financial Consumer Agency of Canada","Akran Marketing",CON09-039,2009-09-14,"0352 Public Relations Services",,2009-11-30,11849.25,
http://www.fcac-acfc.gc.ca/eng/Disclosure/Contracts-eng.asp?View=V3&ContId=242&Q=2&theYear=2009,"Financial Consumer Agency of Canada","Integrus Brand Solutions Inc.",CON09-040,2009-09-14,"0352 Public Relations Services",,2009-10-02,10402.16,
http://www.fcac-acfc.gc.ca/eng/Disclosure/Contracts-eng.asp?View=V3&ContId=243&Q=2&theYear=2009,"Financial Consumer Agency of Canada","RFP Solutions Inc.",CON09-041,2009-09-14,"0491 Management Consulting","2009-09-14 to 2009-12-11",,10500.00,
http://www.fcac-acfc.gc.ca/eng/Disclosure/Contracts-eng.asp?View=V3&ContId=258&Q=2&theYear=2009,"Financial Consumer Agency of Canada","Cossette Communication Inc.",5R000-0922-1,2009-09-11,"0301 Advertising Services","2009-09-22 to 2010-03-31",,118490.09,
http://www.fcac-acfc.gc.ca/eng/Disclosure/Contracts-eng.asp?View=V3&ContId=265&Q=2&theYear=2009,"Financial Consumer Agency of Canada","Target Communications",5R000-0922,2009-09-11,"0351 Communications Professional Services","2009-07-20 to 2009-11-05",,51869.83,
http://www.fcac-acfc.gc.ca/eng/Disclosure/Contracts-eng.asp?View=V3&ContId=238&Q=2&theYear=2009,"Financial Consumer Agency of Canada","Trico Group",CON09-032,2009-08-28,"0321 Printing Services","2009-08-28 to 2009-10-31",,14545.65,
http://www.fcac-acfc.gc.ca/eng/Disclosure/Contracts-eng.asp?View=V3&ContId=237&Q=2&theYear=2009,"Financial Consumer Agency of Canada","Martin Hogue",CON09-034,2009-08-20,"0491 Management Consulting","2009-08-20 to 2010-03-31",,10600.00,
http://www.fcac-acfc.gc.ca/eng/Disclosure/Contracts-eng.asp?View=V3&ContId=240&Q=2&theYear=2009,"Financial Consumer Agency of Canada","CoEd Communications Inc",CON09-038,2009-08-20,"0311 Publishing Services","2009-08-20 to 2009-09-10",,14175.00,
http://www.fcac-acfc.gc.ca/eng/Disclosure/Contracts-eng.asp?View=V3&ContId=236&Q=2&theYear=2009,"Financial Consumer Agency of Canada","Prism Web Plus",CON09-018,2009-08-13,"0472 Information Technology Consultants","2009-05-14 to 2009-10-14",,37085.37,"Contains Amendment"
http://www.fcac-acfc.gc.ca/eng/Disclosure/Contracts-eng.asp?View=V3&ContId=235&Q=2&theYear=2009,"Financial Consumer Agency of Canada","Cygnos Corporation",CON09-030,2009-08-05,"0472 Information Technology Consultants","2009-08-05 to 2009-10-15",,18900.00,
http://www.fcac-acfc.gc.ca/eng/Disclosure/Contracts-eng.asp?View=V3&ContId=229&Q=2&theYear=2009,"Financial Consumer Agency of Canada","Dollco Printing",CON09-028,2009-08-04,"0321 Printing Services","2009-08-04 to 2009-09-25",,11591.98,"Contains Amendment"
http://www.fcac-acfc.gc.ca/eng/Disclosure/Contracts-eng.asp?View=V3&ContId=233&Q=2&theYear=2009,"Financial Consumer Agency of Canada","Quiller &amp; Blake Advertising Limited",5R000-0923,2009-07-29,"0351 Communications Professional Services","2009-07-29 to 2010-03-31",,17928.75,
http://www.fcac-acfc.gc.ca/eng/Disclosure/Contracts-eng.asp?View=V3&ContId=234&Q=2&theYear=2009,"Financial Consumer Agency of Canada","Acart Communications Inc.",CON09-023,2009-07-29,"0351 Communications Professional Services","2009-06-29 to 2009-10-29",,25536.56,"Contains Amendment"
http://www.fcac-acfc.gc.ca/eng/Disclosure/Contracts-eng.asp?View=V3&ContId=230&Q=2&theYear=2009,"Financial Consumer Agency of Canada","Polestar Communications Inc.",CON09-029,2009-07-27,"0440 Education - Elementary, Secondary, College, University and Special Education","2009-07-27 to 2010-03-31",,24996.00,
http://www.fcac-acfc.gc.ca/eng/Disclosure/Contracts-eng.asp?View=V3&ContId=231&Q=2&theYear=2009,"Financial Consumer Agency of Canada","Ogilvie Montr&eacute;al Inc.",5R000-0919,2009-07-24,"0351 Communications Professional Services","2009-07-24 to 2009-12-31",,42708.75,
http://www.fcac-acfc.gc.ca/eng/Disclosure/Contracts-eng.asp?View=V3&ContId=232&Q=2&theYear=2009,"Financial Consumer Agency of Canada","Cossette Communication Inc.",5R000-0919-1,2009-07-24,"0301 Advertising Services","2009-07-24 to 2009-12-31",,102295.23,
http://www.fcac-acfc.gc.ca/eng/Disclosure/Contracts-eng.asp?View=V3&ContId=227&Q=2&theYear=2009,"Financial Consumer Agency of Canada","On Target Communications and Research",5R000-0922,2009-07-22,"0351 Communications Professional Services","2009-07-22 to 2009-11-05",,32069.40,
http://www.fcac-acfc.gc.ca/eng/Disclosure/Contracts-eng.asp?View=V3&ContId=228&Q=2&theYear=2009,"Financial Consumer Agency of Canada","Metafore Canada",5R000-0929,2009-07-22,"1227 Acquisition - computer",,2009-07-30,13560.75,
http://www.fcac-acfc.gc.ca/eng/Disclosure/Contracts-eng.asp?View=V3&ContId=264&Q=3&theYear=2009,"Financial Consumer Agency of Canada","Target Communications",5R000-0922-2,2009-12-18,"0351 Communications Professional Services","2009-12-18 to 2010-03-31",,15989.95,
http://www.fcac-acfc.gc.ca/eng/Disclosure/Contracts-eng.asp?View=V3&ContId=263&Q=3&theYear=2009,"Financial Consumer Agency of Canada","Colterman Maketing Group",CON09-059,2009-12-15,"0352 Public Relations Services","2009-12-15 to 2010-03-31",,10473.75,
http://www.fcac-acfc.gc.ca/eng/Disclosure/Contracts-eng.asp?View=V3&ContId=245&Q=3&theYear=2009,"Financial Consumer Agency of Canada","RFP Solutions Inc.",CON09-041,2009-12-10,"0491 Management Consulting","2009-09-14 to 2010-02-28",,15225.00,"Contains Amendment"
http://www.fcac-acfc.gc.ca/eng/Disclosure/Contracts-eng.asp?View=V3&ContId=259&Q=3&theYear=2009,"Financial Consumer Agency of Canada","Christopher Gilmour",CON08-051,2009-12-04,"0491 Management Consulting","2008-11-28 to 2010-03-31",,3500.00,"Contains Amendment"
http://www.fcac-acfc.gc.ca/eng/Disclosure/Contracts-eng.asp?View=V3&ContId=262&Q=3&theYear=2009,"Financial Consumer Agency of Canada","Tribal DDB",CON09-056,2009-12-03,"0491 Management Consulting","2009-12-15 to 2010-03-31",,25000.00,
http://www.fcac-acfc.gc.ca/eng/Disclosure/Contracts-eng.asp?View=V3&ContId=255&Q=3&theYear=2009,"Financial Consumer Agency of Canada",Brymark,5R000-0954,2009-11-26,"0352 Public Relations Services",,2009-12-07,12965.00,
http://www.fcac-acfc.gc.ca/eng/Disclosure/Contracts-eng.asp?View=V3&ContId=256&Q=3&theYear=2009,"Financial Consumer Agency of Canada","Ogilvie Montr&eacute;al Inc.",5R000-0919,2009-11-23,"0351 Communications Professional Services","2009-07-24 to 2009-12-31",,50494.50,"Contains Amendment"
http://www.fcac-acfc.gc.ca/eng/Disclosure/Contracts-eng.asp?View=V3&ContId=260&Q=3&theYear=2009,"Financial Consumer Agency of Canada","Tri-Graphic Printing (Ottawa) Ltd.",CON09-053,2009-11-19,"0321 Printing Services","2009-11-19 to 2009-12-30",,10216.75,"Contains Amendment"
http://www.fcac-acfc.gc.ca/eng/Disclosure/Contracts-eng.asp?View=V3&ContId=254&Q=3&theYear=2009,"Financial Consumer Agency of Canada","Footworks Inc.",CON09-054,2009-11-19,"0472 Information Technology Consultants","2009-11-19 to 2009-12-31",,16800.00,
http://www.fcac-acfc.gc.ca/eng/Disclosure/Contracts-eng.asp?View=V3&ContId=253&Q=3&theYear=2009,"Financial Consumer Agency of Canada","St. Joseph Communications",CON09-047,2009-11-12,"0321 Printing Services","2009-11-12 to 2009-12-18",,28516.36,
http://www.fcac-acfc.gc.ca/eng/Disclosure/Contracts-eng.asp?View=V3&ContId=250&Q=3&theYear=2009,"Financial Consumer Agency of Canada","Aline Barnoti",CON09-050,2009-11-09,"0351 Communications Professional Services","2009-11-09 to 2010-03-31",,15000.00,
http://www.fcac-acfc.gc.ca/eng/Disclosure/Contracts-eng.asp?View=V3&ContId=249&Q=3&theYear=2009,"Financial Consumer Agency of Canada","National Public Relations",CON09-049,2009-11-03,"0352 Public Relations Services","2009-11-03 to 2010-03-31",,22050.00,
http://www.fcac-acfc.gc.ca/eng/Disclosure/Contracts-eng.asp?View=V3&ContId=257&Q=3&theYear=2009,"Financial Consumer Agency of Canada","Cossette Communication Inc.",5R000-0919-1,2009-11-03,"0301 Advertising Services","2009-07-24 to 2009-12-31",,81171.31,"Contains Amendment"
http://www.fcac-acfc.gc.ca/eng/Disclosure/Contracts-eng.asp?View=V3&ContId=248&Q=3&theYear=2009,"Financial Consumer Agency of Canada","Cossette Communication Inc.",5R000-0946,2009-10-28,"0301 Advertising Services","2009-10-28 to 2010-03-31",,122319.75,"Contains Amendment"
http://www.fcac-acfc.gc.ca/eng/Disclosure/Contracts-eng.asp?View=V3&ContId=246&Q=3&theYear=2009,"Financial Consumer Agency of Canada","Pat Dunphy",CON09-008,2009-10-21,"0491 Management Consulting","2009-04-09 to 2009-10-30",,27646.00,"Contains Amendment"
http://www.fcac-acfc.gc.ca/eng/Disclosure/Contracts-eng.asp?View=V3&ContId=247&Q=3&theYear=2009,"Financial Consumer Agency of Canada","Bristol Group",CON08-066,2009-10-21,"0351 Communications Professional Services","2009-03-18 to 2010-03-31",,105477.30,"Contains Amendment"
http://www.fcac-acfc.gc.ca/eng/Disclosure/Contracts-eng.asp?View=V3&ContId=252&Q=3&theYear=2009,"Financial Consumer Agency of Canada","Acart Communications Inc.",CON09-023,2009-10-19,"0351 Communications Professional Services","2009-10-19 to 2009-10-29",,28871.06,"Contains Amendment"
http://www.fcac-acfc.gc.ca/eng/Disclosure/Contracts-eng.asp?View=V3&ContId=261&Q=3&theYear=2009,"Financial Consumer Agency of Canada","Robert Half Canada inc.",5R000-0942,2009-10-13,"0813 Temporary Help Services","2009-10-13 to 2010-02-12",,12756.36,"Contains Amendment"
http://www.fcac-acfc.gc.ca/eng/Disclosure/Contracts-eng.asp?View=V3&ContId=279&Q=4&theYear=2010,"Financial Consumer Agency of Canada","Kaboom Communications Design",CON09-058,2010-03-30,"0351 Communications Professional Services","2009-12-22 to 2010-03-31",,13828.50,"Contains Amendment"
http://www.fcac-acfc.gc.ca/eng/Disclosure/Contracts-eng.asp?View=V3&ContId=278&Q=4&theYear=2010,"Financial Consumer Agency of Canada","Hyperactive Productions Inc.",5R000-0939,2010-03-23,"0332 Audio-visual Services","2009-09-30 to 2010-04-30",,82646.26,"Contains Amendment"
http://www.fcac-acfc.gc.ca/eng/Disclosure/Contracts-eng.asp?View=V3&ContId=277&Q=4&theYear=2010,"Financial Consumer Agency of Canada","Environics Analytics",5R000-0986,2010-03-18,"0341 Communications Research Services","2010-03-18 to 2010-03-31",,25000.00,
http://www.fcac-acfc.gc.ca/eng/Disclosure/Contracts-eng.asp?View=V3&ContId=276&Q=4&theYear=2010,"Financial Consumer Agency of Canada","Dollco Printing",CON09-074,2010-03-01,"0321 Printing Services","2010-03-01 to 2010-03-31",,18391.89,"Contains Amendment"
http://www.fcac-acfc.gc.ca/eng/Disclosure/Contracts-eng.asp?View=V3&ContId=273&Q=4&theYear=2010,"Financial Consumer Agency of Canada","Integrus Brand Solutions",CON09-070,2010-02-22,"0352 Public Relations Services","2010-02-22 to 2010-03-31",,15713.25,
http://www.fcac-acfc.gc.ca/eng/Disclosure/Contracts-eng.asp?View=V3&ContId=274&Q=4&theYear=2010,"Financial Consumer Agency of Canada","Festival Promotions Inc.",CON09-071,2010-02-22,"0352 Public Relations Services","2010-02-22 to 2010-03-31",,24945.60,
http://www.fcac-acfc.gc.ca/eng/Disclosure/Contracts-eng.asp?View=V3&ContId=275&Q=4&theYear=2010,"Financial Consumer Agency of Canada",Brymark,CON09-072,2010-02-22,"0352 Public Relations Services","2010-02-22 to 2010-03-31",,24990.00,
http://www.fcac-acfc.gc.ca/eng/Disclosure/Contracts-eng.asp?View=V3&ContId=272&Q=4&theYear=2010,"Financial Consumer Agency of Canada","Cygnos Corporation",CON09-066,2010-02-11,"0472 Information Technology Consultants","2010-02-11 to 2010-03-31",,42105.00,
http://www.fcac-acfc.gc.ca/eng/Disclosure/Contracts-eng.asp?View=V3&ContId=270&Q=4&theYear=2010,"Financial Consumer Agency of Canada","National Printers",CON09-067,2010-02-09,"0321 Printing Services","2010-01-27 to 2010-03-26",,63514.50,"Contains Amendment"
http://www.fcac-acfc.gc.ca/eng/Disclosure/Contracts-eng.asp?View=V3&ContId=269&Q=4&theYear=2010,"Financial Consumer Agency of Canada","Robert Half Canada inc.",5R000-0942,2010-02-05,"0813 Temporary Help Services","2009-10-13 to 2010-03-19",,16374.37,"Contains Amendment"
http://www.fcac-acfc.gc.ca/eng/Disclosure/Contracts-eng.asp?View=V3&ContId=267&Q=4&theYear=2010,"Financial Consumer Agency of Canada","Cossette Communication Inc.",5R000-0923-2,2010-01-18,"0301 Advertising Services","2009-09-23 to 2010-03-31",,458010.00,"Contains Amendment"
http://www.fcac-acfc.gc.ca/eng/Disclosure/Contracts-eng.asp?View=V3&ContId=268&Q=4&theYear=2010,"Financial Consumer Agency of Canada","Cossette Communication Inc.",5R000-0922-1,2010-01-18,"0301 Advertising Services","2009-09-22 to 2010-03-31",,235960.63,"Contains Amendment"
http://www.fcac-acfc.gc.ca/eng/Disclosure/Contracts-eng.asp?View=V3&ContId=281&Q=4&theYear=2010,"Financial Consumer Agency of Canada","Donna Cona inc.",CON09-060,2010-01-12,"0491 Management Consulting","2010-01-12 to 2010-03-31",,39375.00,
http://www.fcac-acfc.gc.ca/eng/Disclosure/Contracts-eng.asp?View=V3&ContId=266&Q=4&theYear=2010,"Financial Consumer Agency of Canada",Unilytics,CON09-062,2010-01-06,"0472 Information Technology Consultants","2010-02-08 to 2010-02-08",,11500.00,"Contains Amendment"
http://www.fcac-acfc.gc.ca/eng/Disclosure/Contracts-eng.asp?View=V3&ContId=271&Q=4&theYear=2010,"Financial Consumer Agency of Canada","Luciana Johnson",CON08-056,2010-01-05,"0491 Management Consulting","2008-12-08 to 2010-03-31",,11530.00,"Contains Amendment"
http://www.fcac-acfc.gc.ca/eng/Disclosure/Contracts-eng.asp?View=V3&ContId=159&Q=1&theYear=2008,"Financial Consumer Agency of Canada","Gilles Bernier",CON08-018,2008-06-12,"0491 Management Consulting","2008-06-12 to 2008-07-31",,15000.00,
http://www.fcac-acfc.gc.ca/eng/Disclosure/Contracts-eng.asp?View=V3&ContId=160&Q=1&theYear=2008,"Financial Consumer Agency of Canada","Centre Canadien de leadership en gestion",CON08-020,2008-06-02,"0491 Management Consulting","2008-06-02 to 2008-09-01",,24990.00,
http://www.fcac-acfc.gc.ca/eng/Disclosure/Contracts-eng.asp?View=V3&ContId=161&Q=1&theYear=2008,"Financial Consumer Agency of Canada","Curriculum Services Canada",CON08-021,2008-06-02,"0491 Management Consulting","2008-06-02 to 2009-03-31",,76121.19,
http://www.fcac-acfc.gc.ca/eng/Disclosure/Contracts-eng.asp?View=V3&ContId=157&Q=1&theYear=2008,"Financial Consumer Agency of Canada","1364300 Ontario Inc.",CON08-015,2008-05-15,"0472 Information technology consultants","2008-05-15 to 2008-09-30",,24990.00,
http://www.fcac-acfc.gc.ca/eng/Disclosure/Contracts-eng.asp?View=V3&ContId=158&Q=1&theYear=2008,"Financial Consumer Agency of Canada","HB Social Marketing Group Ltd.",CON08-014,2008-05-05,"0351 Communications Professional Services","2008-05-05 to 2008-10-14",,22778.65,
http://www.fcac-acfc.gc.ca/eng/Disclosure/Contracts-eng.asp?View=V3&ContId=156&Q=1&theYear=2008,"Financial Consumer Agency of Canada","Social Enterprise Development Innovations",CON08-012,2008-04-22,"0491 Management Consulting","2008-04-22 to 2008-12-31",,25000.00,
http://www.fcac-acfc.gc.ca/eng/Disclosure/Contracts-eng.asp?View=V3&ContId=154&Q=1&theYear=2008,"Financial Consumer Agency of Canada","Trico Group",CON08-010,2008-04-22,"0321 Printing Services","2008-04-22 to 2008-07-15",,66087.00,
http://www.fcac-acfc.gc.ca/eng/Disclosure/Contracts-eng.asp?View=V3&ContId=152&Q=1&theYear=2008,"Financial Consumer Agency of Canada","AdamsJette Marketing and Communications",CON09-008,2008-04-16,"0351 Communications Professional Services","2008-04-16 to 2008-07-15",,12810.00,
http://www.fcac-acfc.gc.ca/eng/Disclosure/Contracts-eng.asp?View=V3&ContId=153&Q=1&theYear=2008,"Financial Consumer Agency of Canada","Pat Dunphy",CON08-009,2008-04-14,"0491 Management Consulting","2008-04-14 to 2008-10-31",,21600.00,
http://www.fcac-acfc.gc.ca/eng/Disclosure/Contracts-eng.asp?View=V3&ContId=151&Q=1&theYear=2008,"Financial Consumer Agency of Canada",Cision,CON08-007,2008-04-07,"0351 Communications Professional Services","2008-04-07 to 2009-03-31",,25000.00,
http://www.fcac-acfc.gc.ca/eng/Disclosure/Contracts-eng.asp?View=V3&ContId=150&Q=1&theYear=2008,"Financial Consumer Agency of Canada",Marketwire,CON08-006,2008-04-03,"0351 Communications Professional Services","2008-04-03 to 2009-03-31",,20000.00,
http://www.fcac-acfc.gc.ca/eng/Disclosure/Contracts-eng.asp?View=V3&ContId=147&Q=1&theYear=2008,"Financial Consumer Agency of Canada","William Hart",CON08-003,2008-04-03,"0351 Communications Professional Services","2008-04-03 to 2009-03-31",,25000.00,
http://www.fcac-acfc.gc.ca/eng/Disclosure/Contracts-eng.asp?View=V3&ContId=148&Q=1&theYear=2008,"Financial Consumer Agency of Canada","Nicole Ch&ecirc;nevert-Miquelon",CON08-004,2008-04-03,"0351 Communications Professional Services","2008-04-03 to 2009-03-31",,25000.00,
http://www.fcac-acfc.gc.ca/eng/Disclosure/Contracts-eng.asp?View=V3&ContId=149&Q=1&theYear=2008,"Financial Consumer Agency of Canada","RJF Communications",CON08-005,2008-04-02,"0351 Communications Professional Services","2008-04-02 to 2009-03-31",,25000.00,
http://www.fcac-acfc.gc.ca/eng/Disclosure/Contracts-eng.asp?View=V3&ContId=155&Q=1&theYear=2008,"Financial Consumer Agency of Canada","Sonoptic Media and Communications Corp.",CON08-011,2008-04-01,"0351 Communications Professional Services","2008-04-01 to 2009-03-31",,24990.00,
http://www.fcac-acfc.gc.ca/eng/Disclosure/Contracts-eng.asp?View=V3&ContId=172&Q=2&theYear=2008,"Financial Consumer Agency of Canada","Will&#39;s Transfer Ltd.",5R000-0846,2008-10-01,"0859 Other Business Services","2008-10-01 to 2009-03-31",,25000.00,
http://www.fcac-acfc.gc.ca/eng/Disclosure/Contracts-eng.asp?View=V3&ContId=171&Q=2&theYear=2008,"Financial Consumer Agency of Canada","Trico Group",CON08-035,2008-09-10,"0321 Printing Services","2008-09-10 to 2008-10-17",,10080.00,
http://www.fcac-acfc.gc.ca/eng/Disclosure/Contracts-eng.asp?View=V3&ContId=170&Q=2&theYear=2008,"Financial Consumer Agency of Canada","O/A Distribution Access",CON08-033,2008-09-03,"0311 Publishing Services","2008-09-03 to 2009-03-31",,25000.00,
http://www.fcac-acfc.gc.ca/eng/Disclosure/Contracts-eng.asp?View=V3&ContId=169&Q=2&theYear=2008,"Financial Consumer Agency of Canada","652685 Ontario Ltd/Cooper Consulting",5R000-0843,2008-08-27,"0491 Management Consulting","2008-08-27 to 2008-10-31",,15000.00,
http://www.fcac-acfc.gc.ca/eng/Disclosure/Contracts-eng.asp?View=V3&ContId=167&Q=2&theYear=2008,"Financial Consumer Agency of Canada","Cossette Communication Inc.",5R000-0822,2008-08-11,"0301 Advertising services",,2008-08-14,79574.18,
http://www.fcac-acfc.gc.ca/eng/Disclosure/Contracts-eng.asp?View=V3&ContId=168&Q=2&theYear=2008,"Financial Consumer Agency of Canada","Goodman, McDougall &amp; Associates",CON08-027,2008-08-11,"0491 Management Consulting","2008-08-11 to 2008-12-31",,15000.00,
http://www.fcac-acfc.gc.ca/eng/Disclosure/Contracts-eng.asp?View=V3&ContId=162&Q=2&theYear=2008,"Financial Consumer Agency of Canada","Docu-Map Canada",CON08-026,2008-08-01,"0491 Management Consulting","2008-08-01 to 2009-03-31",,21000.00,
http://www.fcac-acfc.gc.ca/eng/Disclosure/Contracts-eng.asp?View=V3&ContId=166&Q=2&theYear=2008,"Financial Consumer Agency of Canada","Robert Half Canada inc.",5R000-0826,2008-07-28,"0813 Temporary Help Services","2008-07-28 to 2008-09-30",,21085.31,
http://www.fcac-acfc.gc.ca/eng/Disclosure/Contracts-eng.asp?View=V3&ContId=165&Q=2&theYear=2008,"Financial Consumer Agency of Canada","Cakebread Inc.",CON08-025,2008-07-07,"0491 Management Consulting","2008-07-07 to 2008-12-31",,25000.00,
http://www.fcac-acfc.gc.ca/eng/Disclosure/Contracts-eng.asp?View=V3&ContId=164&Q=2&theYear=2008,"Financial Consumer Agency of Canada","Acart Communications Inc.",5R000-0822,2008-07-04,"0351 Communications Professional Services","2008-07-04 to 2009-03-31",,25956.00,
http://www.fcac-acfc.gc.ca/eng/Disclosure/Contracts-eng.asp?View=V3&ContId=163&Q=2&theYear=2008,"Financial Consumer Agency of Canada","Microsoft Licensing, GP",5R000-07104,2008-07-03,"1228 Software","2008-07-03 to --",2008-07-03,56707.00,
http://www.fcac-acfc.gc.ca/eng/Disclosure/Contracts-eng.asp?View=V3&ContId=206&Q=3&theYear=2008,"Financial Consumer Agency of Canada",Globalscape,5R000-0844,2008-12-31,"1228 Software",,2009-01-05,33306.72,
http://www.fcac-acfc.gc.ca/eng/Disclosure/Contracts-eng.asp?View=V3&ContId=195&Q=3&theYear=2008,"Financial Consumer Agency of Canada","Hyperactive Productions Inc.",5R000-0859,2008-12-15,"0332 Audio-visual Services","2008-12-15 to 2009-03-31",,72771.59,
http://www.fcac-acfc.gc.ca/eng/Disclosure/Contracts-eng.asp?View=V3&ContId=191&Q=3&theYear=2008,"Financial Consumer Agency of Canada","Newcomp Solutions Inc.",CON08-043,2008-12-01,"0472 Information Technology Consultants","2008-12-01 to 2008-12-31",,12600.00,
http://www.fcac-acfc.gc.ca/eng/Disclosure/Contracts-eng.asp?View=V3&ContId=192&Q=3&theYear=2008,"Financial Consumer Agency of Canada","Howard Bilinki",CON08-045,2008-11-28,"0491 Management Consulting","2008-11-28 to 2009-08-31",,10600.00,
http://www.fcac-acfc.gc.ca/eng/Disclosure/Contracts-eng.asp?View=V3&ContId=193&Q=3&theYear=2008,"Financial Consumer Agency of Canada","Margo Connors",CON08-047,2008-11-28,"0491 Management Consulting","2008-11-28 to 2009-08-31",,10700.00,
http://www.fcac-acfc.gc.ca/eng/Disclosure/Contracts-eng.asp?View=V3&ContId=194&Q=3&theYear=2008,"Financial Consumer Agency of Canada","Christopher Gilmour",CON08-051,2008-11-28,"0491 Management Consulting","2008-11-28 to 2009-08-31",,14330.00,
http://www.fcac-acfc.gc.ca/eng/Disclosure/Contracts-eng.asp?View=V3&ContId=190&Q=3&theYear=2008,"Financial Consumer Agency of Canada","St. Joseph Communications",CON08-040,2008-11-10,"0321 Printing Services","2008-11-10 to 2009-01-31",,41953.01,
http://www.fcac-acfc.gc.ca/eng/Disclosure/Contracts-eng.asp?View=V3&ContId=189&Q=3&theYear=2008,"Financial Consumer Agency of Canada","Kromar Printing Ltd",CON08-039,2008-11-05,"0321 Printing Services","2008-11-05 to 2008-11-21",,13354.15,
http://www.fcac-acfc.gc.ca/eng/Disclosure/Contracts-eng.asp?View=V3&ContId=204&Q=4&theYear=2009,"Financial Consumer Agency of Canada","Bristol Group",CON08-066,2009-03-18,"0351 Communications Professional Services","2009-03-18 to 2009-05-30",,76125.00,
http://www.fcac-acfc.gc.ca/eng/Disclosure/Contracts-eng.asp?View=V3&ContId=205&Q=4&theYear=2009,"Financial Consumer Agency of Canada","Goodman, McDougall &amp; Associates",CON08-075,2009-03-10,"0491 Management Consulting","2009-03-10 to 2009-05-31",,15000.00,"Contains Amendment"
http://www.fcac-acfc.gc.ca/eng/Disclosure/Contracts-eng.asp?View=V3&ContId=203&Q=4&theYear=2009,"Financial Consumer Agency of Canada","Peter Hadwen Consulting Inc.",CON08-073,2009-03-02,"0491 Management Consulting","2009-03-02 to 2009-04-15",,24832.50,
http://www.fcac-acfc.gc.ca/eng/Disclosure/Contracts-eng.asp?View=V3&ContId=202&Q=4&theYear=2009,"Financial Consumer Agency of Canada","Calian Ltd.",5R000-0884,2009-02-23,"0491 Management Consulting","2009-02-23 to 2009-03-31",,12600.00,
http://www.fcac-acfc.gc.ca/eng/Disclosure/Contracts-eng.asp?View=V3&ContId=200&Q=4&theYear=2009,"Financial Consumer Agency of Canada","Partners for Youth Inc.",CON08-070,2009-02-23,"0440Education - Elementary, Secondary, College, University and Special Education","2009-02-23 to 2011-06-30",,95600.00,
http://www.fcac-acfc.gc.ca/eng/Disclosure/Contracts-eng.asp?View=V3&ContId=201&Q=4&theYear=2009,"Financial Consumer Agency of Canada","Cakebread Inc.",CON08-067,2009-01-28,"0491 Management Consulting","2009-01-28 to 2010-03-31",,24675.00,
http://www.fcac-acfc.gc.ca/eng/Disclosure/Contracts-eng.asp?View=V3&ContId=199&Q=4&theYear=2009,"Financial Consumer Agency of Canada","Curriculum Services Canada",CON08-021,2009-01-22,"0491 Management Consulting","2008-06-02 to 2010-03-31",,100671.19,"Contains Amendment"
http://www.fcac-acfc.gc.ca/eng/Disclosure/Contracts-eng.asp?View=V3&ContId=197&Q=4&theYear=2009,"Financial Consumer Agency of Canada","Information Mapping Canada",CON08-063,2009-01-20,"0448 Purchase of Training Packages and Courses","2009-01-20 to 2009-01-21",,10793.75,
http://www.fcac-acfc.gc.ca/eng/Disclosure/Contracts-eng.asp?View=V3&ContId=196&Q=4&theYear=2009,"Financial Consumer Agency of Canada","Debra Brown Executive Consulting",CON08-060,2009-01-05,"0491 Management Consulting","2009-01-05 to 2009-12-31",,18900.00,
http://www.fcac-acfc.gc.ca/eng/Disclosure/Contracts-eng.asp?View=V3&ContId=117&Q=1&theYear=2007,"Financial Consumer Agency of Canada","1364300 Ontario Inc.",F041009,2007-06-26,"0472 Information technology consultants","2007-06-26 to 2008-03-31",,24645.00,
http://www.fcac-acfc.gc.ca/eng/Disclosure/Contracts-eng.asp?View=V3&ContId=114&Q=1&theYear=2007,"Financial Consumer Agency of Canada","Haworth Ltd.",5R000-0736,2007-06-21,"1231 Office furniture and furnishings, including parts",,2007-08-14,62865.00,
http://www.fcac-acfc.gc.ca/eng/Disclosure/Contracts-eng.asp?View=V3&ContId=115&Q=1&theYear=2007,"Financial Consumer Agency of Canada","Performance Printing",F065SP03,2007-06-20,"0321 Printing Services","2007-06-20 to 2007-07-05",,22607.68,
http://www.fcac-acfc.gc.ca/eng/Disclosure/Contracts-eng.asp?View=V3&ContId=116&Q=1&theYear=2007,"Financial Consumer Agency of Canada","Caroline Cakebread Communications",F025001,2007-06-18,"0491 Management Consulting","2007-06-18 to 2007-12-31",,25000.00,
http://www.fcac-acfc.gc.ca/eng/Disclosure/Contracts-eng.asp?View=V3&ContId=112&Q=1&theYear=2007,"Financial Consumer Agency of Canada","Environics Research Group",5R000-0729,2007-06-07,"0341 Communications Research Services","2007-06-07 to 2007-12-31",,99308.75,
http://www.fcac-acfc.gc.ca/eng/Disclosure/Contracts-eng.asp?View=V3&ContId=110&Q=1&theYear=2007,"Financial Consumer Agency of Canada","The AIM Group Inc.",5R000-0719,2007-05-31,"0813 Temporary Help Services","2007-05-31 to 2007-08-24",,10586.86,
http://www.fcac-acfc.gc.ca/eng/Disclosure/Contracts-eng.asp?View=V3&ContId=111&Q=1&theYear=2007,"Financial Consumer Agency of Canada","Dollco Printing",F065SP01,2007-05-16,"0321 Printing Services","2007-05-16 to 2007-06-08",,10453.07,
http://www.fcac-acfc.gc.ca/eng/Disclosure/Contracts-eng.asp?View=V3&ContId=113&Q=1&theYear=2007,"Financial Consumer Agency of Canada","Cygnos Corporation",5R000-0734,2007-05-01,"0813 Temporary Help Services","2007-01-05 to 2007-07-13",,43249.36,
http://www.fcac-acfc.gc.ca/eng/Disclosure/Contracts-eng.asp?View=V3&ContId=107&Q=1&theYear=2007,"Financial Consumer Agency of Canada","Primus Telecommunications Canada Inc.",F041005,2007-05-01,"0227 Other Communications Services","2007-05-01 to 2008-03-30",,19001.00,
http://www.fcac-acfc.gc.ca/eng/Disclosure/Contracts-eng.asp?View=V3&ContId=108&Q=1&theYear=2007,"Financial Consumer Agency of Canada",Accurate,F065009,2007-04-25,"0351 Communications Professional Services","2007-04-25 to 2007-10-15",,24782.80,
http://www.fcac-acfc.gc.ca/eng/Disclosure/Contracts-eng.asp?View=V3&ContId=106&Q=1&theYear=2007,"Financial Consumer Agency of Canada","AdamsJette Marketing and Communications",F065008,2007-04-15,"0351 Communications Professional Services","2007-04-15 to 2007-07-15",,12190.00,
http://www.fcac-acfc.gc.ca/eng/Disclosure/Contracts-eng.asp?View=V3&ContId=105&Q=1&theYear=2007,"Financial Consumer Agency of Canada","Pat Dunphy",F065007,2007-04-13,"0491 Management Consulting","2007-04-13 to 2007-05-10",,20000.00,
http://www.fcac-acfc.gc.ca/eng/Disclosure/Contracts-eng.asp?View=V3&ContId=109&Q=1&theYear=2007,"Financial Consumer Agency of Canada","ArTemp Personnel Services",5R000-0706,2007-04-04,"0813 Temporary Help Services","2007-04-04 to 2007-08-24",,26425.80,
http://www.fcac-acfc.gc.ca/eng/Disclosure/Contracts-eng.asp?View=V3&ContId=99&Q=1&theYear=2007,"Financial Consumer Agency of Canada","Nicole Ch&ecirc;nevert-Miquelon",F065001,2007-04-01,"0351 Communications Professional Services","2007-04-01 to 2008-03-01",,25000.00,
http://www.fcac-acfc.gc.ca/eng/Disclosure/Contracts-eng.asp?View=V3&ContId=100&Q=1&theYear=2007,"Financial Consumer Agency of Canada","William Hart",F065002,2007-04-01,"0351 Communications Professional Services","2007-04-01 to 2008-03-01",,15000.00,
http://www.fcac-acfc.gc.ca/eng/Disclosure/Contracts-eng.asp?View=V3&ContId=101&Q=1&theYear=2007,"Financial Consumer Agency of Canada",CCNMathews,F065003,2007-04-01,"0351 Communications Professional Services","2007-04-01 to 2008-03-01",,20000.00,
http://www.fcac-acfc.gc.ca/eng/Disclosure/Contracts-eng.asp?View=V3&ContId=102&Q=1&theYear=2007,"Financial Consumer Agency of Canada","Bowdens Media Monitoring Ltd.",F065005,2007-04-01,"0351 Communications Professional Services","2007-04-01 to 2008-03-01",,15000.00,
http://www.fcac-acfc.gc.ca/eng/Disclosure/Contracts-eng.asp?View=V3&ContId=103&Q=1&theYear=2007,"Financial Consumer Agency of Canada",CNWGroup,F065006,2007-04-01,"0351 Communications Professional Services","2007-04-01 to 2008-03-01",,13610.40,
http://www.fcac-acfc.gc.ca/eng/Disclosure/Contracts-eng.asp?View=V3&ContId=104&Q=1&theYear=2007,"Financial Consumer Agency of Canada","Will&#39;s Transfer Ltd.",5R000-0701,2007-04-01,"0859 Other Business Services","2007-04-01 to 2007-09-30",,31800.00,
http://www.fcac-acfc.gc.ca/eng/Disclosure/Contracts-eng.asp?View=V3&ContId=128&Q=2&theYear=2007,"Financial Consumer Agency of Canada","Motion Creative",F065SP014,2007-09-25,"0321 Printing Services","2007-09-25 to 2007-10-29",,17798.46,
http://www.fcac-acfc.gc.ca/eng/Disclosure/Contracts-eng.asp?View=V3&ContId=129&Q=2&theYear=2007,"Financial Consumer Agency of Canada","Polestar Communications Inc.",F025005,2007-09-24,"0351 Communications Professional Services","2007-09-24 to 2007-11-30",,25000.00,
http://www.fcac-acfc.gc.ca/eng/Disclosure/Contracts-eng.asp?View=V3&ContId=126&Q=2&theYear=2007,"Financial Consumer Agency of Canada","Acart Communications Inc.",F065SG04,2007-09-24,"0351 Communications Professional Services","2007-09-24 to 2008-03-31",,58755.80,
http://www.fcac-acfc.gc.ca/eng/Disclosure/Contracts-eng.asp?View=V3&ContId=127&Q=2&theYear=2007,"Financial Consumer Agency of Canada","LNW Consulting",F0410004,2007-09-24,"0472 Information technology consultants","2007-09-26 to 2007-11-30",,41075.00,
http://www.fcac-acfc.gc.ca/eng/Disclosure/Contracts-eng.asp?View=V3&ContId=125&Q=2&theYear=2007,"Financial Consumer Agency of Canada","The AIM Group Inc.",5R000-0764,2007-09-20,"0813 Temporary Help Services","2007-09-20 to 2008-02-01",,27023.25,
http://www.fcac-acfc.gc.ca/eng/Disclosure/Contracts-eng.asp?View=V3&ContId=122&Q=2&theYear=2007,"Financial Consumer Agency of Canada","Metafore Canada",5R000-0752,2007-08-28,"1227 Computer Equipment",,2007-09-14,55625.62,
http://www.fcac-acfc.gc.ca/eng/Disclosure/Contracts-eng.asp?View=V3&ContId=123&Q=2&theYear=2007,"Financial Consumer Agency of Canada","Metafore Canada",5R000-0753,2007-08-28,"1227 Computer Equipment",,2007-09-04,21191.94,
http://www.fcac-acfc.gc.ca/eng/Disclosure/Contracts-eng.asp?View=V3&ContId=124&Q=2&theYear=2007,"Financial Consumer Agency of Canada","Lowe-Martin Group",F065SP013,2007-08-21,"0321 Printing Services","2007-08-31 to 2007-09-21",,13342.97,
http://www.fcac-acfc.gc.ca/eng/Disclosure/Contracts-eng.asp?View=V3&ContId=121&Q=2&theYear=2007,"Financial Consumer Agency of Canada","The AIM Group Inc.",5R000-0746,2007-08-20,"0813 Temporary Help Services","2007-08-20 to 2007-11-23",,12229.64,
http://www.fcac-acfc.gc.ca/eng/Disclosure/Contracts-eng.asp?View=V3&ContId=120&Q=2&theYear=2007,"Financial Consumer Agency of Canada","RJF Communications",F065010,2007-07-17,"0351 Communications Professional Services","2007-07-18 to 2008-03-31",,15000.00,
http://www.fcac-acfc.gc.ca/eng/Disclosure/Contracts-eng.asp?View=V3&ContId=119&Q=2&theYear=2007,"Financial Consumer Agency of Canada","Les Artisans de la promotion",5R000-0730,2007-07-10,"0352 Public Relations Services","2007-07-10 to 2007-09-28",,18126.00,
http://www.fcac-acfc.gc.ca/eng/Disclosure/Contracts-eng.asp?View=V3&ContId=118&Q=2&theYear=2007,"Financial Consumer Agency of Canada","Lanark Network Associates",F025003,2007-07-02,"0491 Management Consulting","2007-07-02 to 2007-10-12",,24327.00,
http://www.fcac-acfc.gc.ca/eng/Disclosure/Contracts-eng.asp?View=V3&ContId=136&Q=3&theYear=2007,"Financial Consumer Agency of Canada","Dollco Printing",F065SP19,2007-12-17,"0321 Printing Services","2007-12-17 to 2008-01-31",,23700.54,
http://www.fcac-acfc.gc.ca/eng/Disclosure/Contracts-eng.asp?View=V3&ContId=137&Q=3&theYear=2007,"Financial Consumer Agency of Canada","David Clarke",F0650020,2007-12-17,"0351 Communications Professional Services","2007-12-17 to 2008-05-31",,25000.00,
http://www.fcac-acfc.gc.ca/eng/Disclosure/Contracts-eng.asp?View=V3&ContId=134&Q=3&theYear=2007,"Financial Consumer Agency of Canada","Dollco Printing",F065SP16,2007-11-22,"0321 Printing Services","2007-11-22 to 2007-12-10",,79383.57,
http://www.fcac-acfc.gc.ca/eng/Disclosure/Contracts-eng.asp?View=V3&ContId=135&Q=3&theYear=2007,"Financial Consumer Agency of Canada","Social Enterprise Development Innovations",F025014,2007-11-21,"0491 Management Consulting","2007-11-21 to 2007-12-30",,25000.00,
http://www.fcac-acfc.gc.ca/eng/Disclosure/Contracts-eng.asp?View=V3&ContId=133&Q=3&theYear=2007,"Financial Consumer Agency of Canada","Tribal DDB",F025013,2007-10-26,"0351 Communications Professional Services","2007-10-26 to 2007-11-30",,25000.00,
http://www.fcac-acfc.gc.ca/eng/Disclosure/Contracts-eng.asp?View=V3&ContId=132&Q=3&theYear=2007,"Financial Consumer Agency of Canada","Performance Printing",F025012,2007-10-15,"0352 Public Relations Services","2007-10-15 to 2008-05-30",,25000.00,
http://www.fcac-acfc.gc.ca/eng/Disclosure/Contracts-eng.asp?View=V3&ContId=130&Q=3&theYear=2007,"Financial Consumer Agency of Canada","Will&#39;s Transfer Ltd.",5R000-0758,2007-10-01,"0859 Other Business Services","2007-10-01 to 2008-09-30",,53000.00,
http://www.fcac-acfc.gc.ca/eng/Disclosure/Contracts-eng.asp?View=V3&ContId=131&Q=3&theYear=2007,"Financial Consumer Agency of Canada","Jean-Pierre Giroux",F010003,2007-10-01,"0491 Management Consulting","2007-10-01 to 2007-12-31",,12000.00,
http://www.fcac-acfc.gc.ca/eng/Disclosure/Contracts-eng.asp?View=V3&ContId=146&Q=4&theYear=2008,"Financial Consumer Agency of Canada","Promotions Universelles",5R000-07108,2008-03-25,"0352 Public Relations Services",,2008-03-31,15435.00,
http://www.fcac-acfc.gc.ca/eng/Disclosure/Contracts-eng.asp?View=V3&ContId=145&Q=4&theYear=2008,"Financial Consumer Agency of Canada","Les &eacute;tudes de march&eacute; Cr&eacute;atec+ Inc.",5R000-07106,2008-03-20,"0341 Communications Research Services","2008-03-20 to 2008-05-31",,55492.50,
http://www.fcac-acfc.gc.ca/eng/Disclosure/Contracts-eng.asp?View=V3&ContId=144&Q=4&theYear=2008,"Financial Consumer Agency of Canada","Trico Group",F065SP027,2008-03-12,"0321 Printing Services","2008-03-12 to 2008-03-31",,14438.55,
http://www.fcac-acfc.gc.ca/eng/Disclosure/Contracts-eng.asp?View=V3&ContId=143&Q=4&theYear=2008,"Financial Consumer Agency of Canada","Voice Print Canada",F065026,2008-02-20,"0351 Communications Professional Services","2008-02-20 to 2008-03-31",,21425.25,
http://www.fcac-acfc.gc.ca/eng/Disclosure/Contracts-eng.asp?View=V3&ContId=142&Q=4&theYear=2008,"Financial Consumer Agency of Canada","The AIM Group Inc.",5R000-0798,2008-02-19,"0813 Temporary Help Services","2008-02-19 to 2008-04-30",,14829.75,
http://www.fcac-acfc.gc.ca/eng/Disclosure/Contracts-eng.asp?View=V3&ContId=141&Q=4&theYear=2008,"Financial Consumer Agency of Canada","Environics Research Group",5R000-0796,2008-02-15,"0341 Communications Research Services","2008-02-15 to 2008-05-31",,74548.95,
http://www.fcac-acfc.gc.ca/eng/Disclosure/Contracts-eng.asp?View=V3&ContId=139&Q=4&theYear=2008,"Financial Consumer Agency of Canada","1364300 Ontario Inc.",F041010,2008-01-21,"0472 Information Technology Consultants","2008-01-21 to 2008-04-15",,24413.00,
http://www.fcac-acfc.gc.ca/eng/Disclosure/Contracts-eng.asp?View=V3&ContId=140&Q=4&theYear=2008,"Financial Consumer Agency of Canada","Business Events Solutions",5R000-0774,2008-01-21,"0491 Management Consulting","2008-01-21 to 2008-11-30",,78692.12,
http://www.fcac-acfc.gc.ca/eng/Disclosure/Contracts-eng.asp?View=V3&ContId=138&Q=4&theYear=2008,"Financial Consumer Agency of Canada","Hewlett-Packard Ltd.",5R000-0780,2008-01-10,"1227 Computer Equipment",,2008-01-20,19107.23,
http://www.fcac-acfc.gc.ca/eng/Disclosure/Contracts-eng.asp?View=V3&ContId=67&Q=1&theYear=2006,"Financial Consumer Agency of Canada","HB Social Marketing Group Ltd.",E065SP11,2006-04-28,"0351 Communications Professional Services","2006-05-15 to 2006-10-15",,18372.88,
http://www.fcac-acfc.gc.ca/eng/Disclosure/Contracts-eng.asp?View=V3&ContId=68&Q=1&theYear=2006,"Financial Consumer Agency of Canada","Public Solutions - John Young",E065012,2006-04-28,"0351 Communications Professional Services","2006-05-01 to 2006-06-30",,10700.00,
http://www.fcac-acfc.gc.ca/eng/Disclosure/Contracts-eng.asp?View=V3&ContId=66&Q=1&theYear=2006,"Financial Consumer Agency of Canada","On Target Communications and Research",E065010,2006-04-13,"0351 Communications Professional Services","2006-04-18 to 2006-10-05",,25000.00,
http://www.fcac-acfc.gc.ca/eng/Disclosure/Contracts-eng.asp?View=V3&ContId=62&Q=1&theYear=2006,"Financial Consumer Agency of Canada","Will&#39;s Transfer Ltd.",5R000-0601,2006-04-01,"0859 Other Business Services","2006-04-01 to 2007-09-30",,20000.00,
http://www.fcac-acfc.gc.ca/eng/Disclosure/Contracts-eng.asp?View=V3&ContId=63&Q=1&theYear=2006,"Financial Consumer Agency of Canada","STG Inc.",5R000-0604,2006-04-01,"0472 Information technology consultants","2006-04-01 to 2007-09-30",,17670.00,
http://www.fcac-acfc.gc.ca/eng/Disclosure/Contracts-eng.asp?View=V3&ContId=64&Q=1&theYear=2006,"Financial Consumer Agency of Canada","Bowdens Media Monitoring Ltd.",E065005,2006-03-31,"0351 Communications Professional Services","2006-04-01 to 2007-03-31",,15000.00,
http://www.fcac-acfc.gc.ca/eng/Disclosure/Contracts-eng.asp?View=V3&ContId=65&Q=1&theYear=2006,"Financial Consumer Agency of Canada",CCNMathews,E065006,2006-03-31,"0351 Communications Professional Services","2006-04-01 to 2007-03-31",,20000.00,
http://www.fcac-acfc.gc.ca/eng/Disclosure/Contracts-eng.asp?View=V3&ContId=72&Q=2&theYear=2006,"Financial Consumer Agency of Canada","Tri-Graphic Printing (Ottawa) Ltd.",E065SP20,2006-09-20,"0321 Printing Services","2006-09-20 to 2006-11-17",,24798.54,
http://www.fcac-acfc.gc.ca/eng/Disclosure/Contracts-eng.asp?View=V3&ContId=71&Q=2&theYear=2006,"Financial Consumer Agency of Canada","Andy Rapoch",E065018,2006-08-31,"0351 Communications Professional Services","2006-09-07 to 2006-10-30",,12470.00,
http://www.fcac-acfc.gc.ca/eng/Disclosure/Contracts-eng.asp?View=V3&ContId=69&Q=2&theYear=2006,"Financial Consumer Agency of Canada","Brondesbury Group",E060002,2006-08-17,"0351 Communications Professional Services","2006-08-17 to 2006-09-30",,12720.00,
http://www.fcac-acfc.gc.ca/eng/Disclosure/Contracts-eng.asp?View=V3&ContId=70&Q=2&theYear=2006,"Financial Consumer Agency of Canada","STG Inc.",5R000-0629,2006-08-01,"0472 Information technology consultants","2006-08-21 to 2007-03-31",,26123.70,
http://www.fcac-acfc.gc.ca/eng/Disclosure/Contracts-eng.asp?View=V3&ContId=89&Q=3&theYear=2006,"Financial Consumer Agency of Canada","Les Artisans de la promotion",5R000-0667,2006-12-18,"0352 Public relations services","2007-01-19 to 2007-04-15",,16907.00,
http://www.fcac-acfc.gc.ca/eng/Disclosure/Contracts-eng.asp?View=V3&ContId=84&Q=3&theYear=2006,"Financial Consumer Agency of Canada",Cr&eacute;atec+,5R000-0666,2006-12-15,"0341 Communications Research Services","2006-12-21 to 2007-03-31",,24231.60,
http://www.fcac-acfc.gc.ca/eng/Disclosure/Contracts-eng.asp?View=V3&ContId=82&Q=3&theYear=2006,"Financial Consumer Agency of Canada","Bridgetown Consulting",E041005,2006-12-12,"0491 Management consulting","2006-12-14 to 2007-01-31",,12667.00,
http://www.fcac-acfc.gc.ca/eng/Disclosure/Contracts-eng.asp?View=V3&ContId=83&Q=3&theYear=2006,"Financial Consumer Agency of Canada","Royal York Films Inc.",5R000-0664,2006-12-07,"332 Audio&#150;visual services","2006-12-22 to 2007-04-15",,53689.00,
http://www.fcac-acfc.gc.ca/eng/Disclosure/Contracts-eng.asp?View=V3&ContId=81&Q=3&theYear=2006,"Financial Consumer Agency of Canada","Cygnos Corporation",5R000-0660,2006-12-05,"0472 Information technology consultants","2006-12-06 to 2007-03-30",,28832.90,
http://www.fcac-acfc.gc.ca/eng/Disclosure/Contracts-eng.asp?View=V3&ContId=78&Q=3&theYear=2006,"Financial Consumer Agency of Canada","Tri-Graphic Printing (Ottawa) Ltd.",E065SP25,2006-12-05,"0321 Printing Services","2006-12-06 to 2007-01-30",,35071.12,
http://www.fcac-acfc.gc.ca/eng/Disclosure/Contracts-eng.asp?View=V3&ContId=80&Q=3&theYear=2006,"Financial Consumer Agency of Canada","McLoughlin Media",E065027,2006-12-04,"0352 Public relations services","2007-02-20 to 2007-03-31",,13250.00,
http://www.fcac-acfc.gc.ca/eng/Disclosure/Contracts-eng.asp?View=V3&ContId=77&Q=3&theYear=2006,"Financial Consumer Agency of Canada","Decima Research",5R000-0654,2006-11-30,"0341 Communications Research Services","2006-11-30 to 2007-03-31",,90690.60,
http://www.fcac-acfc.gc.ca/eng/Disclosure/Contracts-eng.asp?View=V3&ContId=76&Q=3&theYear=2006,"Financial Consumer Agency of Canada","Trico Group",E065SP23,2006-11-06,"0321 Printing Services","2006-11-07 to 2006-12-15",,62161.12,
http://www.fcac-acfc.gc.ca/eng/Disclosure/Contracts-eng.asp?View=V3&ContId=75&Q=3&theYear=2006,"Financial Consumer Agency of Canada","Hebb, Knight and Associates",E010004,2006-11-02,"0491 Management consulting","2006-11-02 to 2007-04-30",,25000.00,
http://www.fcac-acfc.gc.ca/eng/Disclosure/Contracts-eng.asp?View=V3&ContId=79&Q=3&theYear=2006,"Financial Consumer Agency of Canada","Hewlett-Packard Ltd.",5R000-0645,2006-11-02,"1226 Computer equipment &#150; large/medium &#150; mainframe, mini",,2006-11-10,10485.52,
http://www.fcac-acfc.gc.ca/eng/Disclosure/Contracts-eng.asp?View=V3&ContId=74&Q=3&theYear=2006,"Financial Consumer Agency of Canada",Cr&eacute;atec+,5R000-0640,2006-10-04,"0341 Communications Research Services","2006-10-05 to 2007-02-28",,62730.80,
http://www.fcac-acfc.gc.ca/eng/Disclosure/Contracts-eng.asp?View=V3&ContId=73&Q=3&theYear=2006,"Financial Consumer Agency of Canada","Trico Group",E065SP21,2006-10-03,"0321 Printing Services","2006-10-03 to 2006-11-20",,13250.00,
http://www.fcac-acfc.gc.ca/eng/Disclosure/Contracts-eng.asp?View=V3&ContId=94&Q=4&theYear=2007,"Financial Consumer Agency of Canada","Xerox Canada Ltd.",5R000-0686,2007-02-20,"053 Rental of machinery, office furniture and fixtures and other equipment","2007-03-01 to 2012-01-03",,38859.60,"60 month rental"
http://www.fcac-acfc.gc.ca/eng/Disclosure/Contracts-eng.asp?View=V3&ContId=95&Q=4&theYear=2007,"Financial Consumer Agency of Canada","Xerox Canada Ltd.",5R000-0687,2007-02-20,"053 Rental of machinery, office furniture and fixtures and other equipment","2007-03-01 to 2012-01-03",,19834.30,"60 month rental"
http://www.fcac-acfc.gc.ca/eng/Disclosure/Contracts-eng.asp?View=V3&ContId=96&Q=4&theYear=2007,"Financial Consumer Agency of Canada","Xerox Canada Ltd.",5R000-0688,2007-02-20,"053 Rental of machinery, office furniture and fixtures and other equipment","2007-03-01 to 2012-01-03",,19834.30,"60 month rental"
http://www.fcac-acfc.gc.ca/eng/Disclosure/Contracts-eng.asp?View=V3&ContId=92&Q=4&theYear=2007,"Financial Consumer Agency of Canada","Haworth Ltd.",5R000-0679,2007-02-12,"1231 Office furniture and furnishings, including parts",,2007-03-31,48061.23,
http://www.fcac-acfc.gc.ca/eng/Disclosure/Contracts-eng.asp?View=V3&ContId=93&Q=4&theYear=2007,"Financial Consumer Agency of Canada","The AIM Group Inc.",5R000-0683,2007-02-12,"0813 Temporary help services","2007-02-19 to 2007-05-24",,13783.87,
http://www.fcac-acfc.gc.ca/eng/Disclosure/Contracts-eng.asp?View=V3&ContId=91&Q=4&theYear=2007,"Financial Consumer Agency of Canada","Dell Canada Inc.",5R000-0677,2007-02-06,"1226 Computer equipment &#150; large/medium &#150; mainframe, mini",,2007-02-17,32706.30,
http://www.fcac-acfc.gc.ca/eng/Disclosure/Contracts-eng.asp?View=V3&ContId=97&Q=4&theYear=2007,"Financial Consumer Agency of Canada","Trico Group",5R000-0638-1,2007-02-05,"0321 Printing Services","2007-03-01 to 2007-03-16",,68661.50,
http://www.fcac-acfc.gc.ca/eng/Disclosure/Contracts-eng.asp?View=V3&ContId=98&Q=4&theYear=2007,"Financial Consumer Agency of Canada","Tri-Graphic Printing (Ottawa) Ltd.",5R000-0637-1,2007-02-05,"0321 Printing Services","2007-03-05 to 2007-03-16",,81563.56,
http://www.fcac-acfc.gc.ca/eng/Disclosure/Contracts-eng.asp?View=V3&ContId=90&Q=4&theYear=2007,"Financial Consumer Agency of Canada","Success Skills Centre",E065036,2007-01-26,"0446 Training Consultants","2007-01-22 to 2007-03-31",,10245.00,
http://www.fcac-acfc.gc.ca/eng/Disclosure/Contracts-eng.asp?View=V3&ContId=88&Q=4&theYear=2007,"Financial Consumer Agency of Canada","Canadian Policy Research Networks",E065033,2007-01-19,"0341 Communications Research Services","2007-01-19 to 2007-06-30",,20000.00,
http://www.fcac-acfc.gc.ca/eng/Disclosure/Contracts-eng.asp?View=V3&ContId=86&Q=4&theYear=2007,"Financial Consumer Agency of Canada","CCL Group Incorporated",5R000-0675,2007-01-18,"0351 Communications Professional Services","2007-02-07 to 2007-03-31",,68131.50,
http://www.fcac-acfc.gc.ca/eng/Disclosure/Contracts-eng.asp?View=V3&ContId=87&Q=4&theYear=2007,"Financial Consumer Agency of Canada","Cossette Communication Inc.",5R000-0675-1,2007-01-18,"0301 Advertising services","2007-01-18 to 2007-03-31",,252560.74,
http://www.fcac-acfc.gc.ca/eng/Disclosure/Contracts-eng.asp?View=V3&ContId=85&Q=4&theYear=2007,"Financial Consumer Agency of Canada","Hewlett-Packard Ltd.",5R000-0657,2007-01-12,"1226 Computer equipment &#150; large/medium &#150; mainframe, mini",,2007-01-31,27356.48,
http://www.fcac-acfc.gc.ca/eng/Disclosure/Contracts-eng.asp?View=V3&ContId=41&Q=1&theYear=2005,"Financial Consumer Agency of Canada","Jeffrey B. Hochstadter",5R000-0514,2005-06-03,"1179 Miscellaneous manufactured articles",,2005-08-31,17548.00,
http://www.fcac-acfc.gc.ca/eng/Disclosure/Contracts-eng.asp?View=V3&ContId=40&Q=1&theYear=2005,"Financial Consumer Agency of Canada","Clear Ideas",D065012,2005-05-18,"0351 Communications Professional Services","2005-05-18 to 2006-03-31",,20000.00,
http://www.fcac-acfc.gc.ca/eng/Disclosure/Contracts-eng.asp?View=V3&ContId=39&Q=1&theYear=2005,"Financial Consumer Agency of Canada",Accurate,D065SG9,2005-05-09,"0351 Communications Professional Services","2005-05-09 to 2005-10-15",,22182.39,
http://www.fcac-acfc.gc.ca/eng/Disclosure/Contracts-eng.asp?View=V3&ContId=36&Q=1&theYear=2005,"Financial Consumer Agency of Canada","Canada NewsWire",D065007,2005-04-11,"0351 Communications Professional Services","2005-04-12 to 2006-03-31",,15000.00,
http://www.fcac-acfc.gc.ca/eng/Disclosure/Contracts-eng.asp?View=V3&ContId=37&Q=1&theYear=2005,"Financial Consumer Agency of Canada","William Hart",D065006,2005-04-11,"0351 Communications Professional Services","2005-04-12 to 2006-03-31",,20000.00,
http://www.fcac-acfc.gc.ca/eng/Disclosure/Contracts-eng.asp?View=V3&ContId=38&Q=1&theYear=2005,"Financial Consumer Agency of Canada","Tristan Creative",D065008,2005-04-11,"0351 Communications Professional Services","2005-04-14 to 2005-06-30",,12679.50,
http://www.fcac-acfc.gc.ca/eng/Disclosure/Contracts-eng.asp?View=V3&ContId=35&Q=1&theYear=2005,"Financial Consumer Agency of Canada","Nicole Ch&ecirc;nevert-Miquelon",D065005,2005-04-05,"0351 Communications Professional Services","2005-04-08 to 2006-03-31",,20000.00,
http://www.fcac-acfc.gc.ca/eng/Disclosure/Contracts-eng.asp?View=V3&ContId=34&Q=1&theYear=2005,"Financial Consumer Agency of Canada","Press News Ltd",D065004,2005-04-04,"0351 Communications Professional Services","2005-04-08 to 2006-03-31",,10000.00,
http://www.fcac-acfc.gc.ca/eng/Disclosure/Contracts-eng.asp?View=V3&ContId=32&Q=1&theYear=2005,"Financial Consumer Agency of Canada","Boyds Commercial Warehousing &amp; Distribution",5R000-0401,2005-03-31,"0859 Other Business Services","2005-04-01 to 2006-03-31",,40000.00,
http://www.fcac-acfc.gc.ca/eng/Disclosure/Contracts-eng.asp?View=V3&ContId=33&Q=1&theYear=2005,"Financial Consumer Agency of Canada","Bowdens Media Monitoring Ltd.",D065002,2005-03-31,"0351 Communications Professional Services","2005-04-01 to 2006-03-31",,15000.00,
http://www.fcac-acfc.gc.ca/eng/Disclosure/Contracts-eng.asp?View=V3&ContId=45&Q=2&theYear=2005,"Financial Consumer Agency of Canada","Will&#39;s Transfer Ltd.",5R000-0532,2005-09-29,"0859 Other Business Services","2005-10-01 to 2006-03-31",,30000.00,
http://www.fcac-acfc.gc.ca/eng/Disclosure/Contracts-eng.asp?View=V3&ContId=44&Q=2&theYear=2005,"Financial Consumer Agency of Canada","Trico Group",D065SP18,2005-09-19,"0321 Printing Services","2005-09-23 to 2005-11-11",,12211.91,
http://www.fcac-acfc.gc.ca/eng/Disclosure/Contracts-eng.asp?View=V3&ContId=43&Q=2&theYear=2005,"Financial Consumer Agency of Canada","Trico Group",D065019,2005-08-25,"0321 Printing Services","2005-08-25 to 2005-09-21",,57957.62,
http://www.fcac-acfc.gc.ca/eng/Disclosure/Contracts-eng.asp?View=V3&ContId=42&Q=2&theYear=2005,"Financial Consumer Agency of Canada","STG Inc.",5R000-0522,2005-07-25,"0472 Information technology consultants","2005-09-19 to 2005-11-15",,33170.00,
http://www.fcac-acfc.gc.ca/eng/Disclosure/Contracts-eng.asp?View=V3&ContId=56&Q=3&theYear=2005,"Financial Consumer Agency of Canada","Software Spectrum",5R000-0553,2005-12-22,"1228 Computer software",,2005-12-30,10281.63,
http://www.fcac-acfc.gc.ca/eng/Disclosure/Contracts-eng.asp?View=V3&ContId=55&Q=3&theYear=2005,"Financial Consumer Agency of Canada","Social Enterprise Development Innovations",D065029,2005-12-16,"0491 Management consulting","2005-12-19 to 2006-05-30",,25000.00,
http://www.fcac-acfc.gc.ca/eng/Disclosure/Contracts-eng.asp?View=V3&ContId=54&Q=3&theYear=2005,"Financial Consumer Agency of Canada","STG Inc.",5R000-0549,2005-12-08,"0472 Information technology consultants","2005-12-12 to 2006-03-31",,16585.00,
http://www.fcac-acfc.gc.ca/eng/Disclosure/Contracts-eng.asp?View=V3&ContId=57&Q=3&theYear=2005,"Financial Consumer Agency of Canada","Neopost Canada Ltd",5R000-0555,2005-12-05,"1239 Other office equipment and parts",,2005-12-16,10185.97,
http://www.fcac-acfc.gc.ca/eng/Disclosure/Contracts-eng.asp?View=V3&ContId=51&Q=3&theYear=2005,"Financial Consumer Agency of Canada","Trico Group",D065SP27,2005-11-28,"0321 Printing Services","2005-11-29 to 2005-12-31",,59198.24,
http://www.fcac-acfc.gc.ca/eng/Disclosure/Contracts-eng.asp?View=V3&ContId=53&Q=3&theYear=2005,"Financial Consumer Agency of Canada","Jim H. Hackett",D065028,2005-11-28,"0491 Management consulting","2005-11-28 to 2006-01-31",,11700.00,
http://www.fcac-acfc.gc.ca/eng/Disclosure/Contracts-eng.asp?View=V3&ContId=52&Q=3&theYear=2005,"Financial Consumer Agency of Canada","Cygnos Corporation",5R000-0545,2005-11-21,"0813 Temporary help services","2005-11-22 to 2006-03-31",,35309.12,
http://www.fcac-acfc.gc.ca/eng/Disclosure/Contracts-eng.asp?View=V3&ContId=50&Q=3&theYear=2005,"Financial Consumer Agency of Canada","AIM Personnel services",5R000-0544,2005-11-16,"0813 Temporary help services","2005-11-22 to 2006-03-31",,18563.59,
http://www.fcac-acfc.gc.ca/eng/Disclosure/Contracts-eng.asp?View=V3&ContId=49&Q=3&theYear=2005,"Financial Consumer Agency of Canada","F&eacute;d&eacute;ration canadienne pour l&#39;alphab&eacute;tisation en fran&ccedil;ais",D060001-B,2005-11-08,"0491 Management consulting","2005-11-08 to 2006-01-31",,17948.00,
http://www.fcac-acfc.gc.ca/eng/Disclosure/Contracts-eng.asp?View=V3&ContId=48&Q=3&theYear=2005,"Financial Consumer Agency of Canada","NCR Associates",D050001,2005-10-28,"0491 Management consulting","2005-10-31 to 2006-04-30",,15515.00,
http://www.fcac-acfc.gc.ca/eng/Disclosure/Contracts-eng.asp?View=V3&ContId=47&Q=3&theYear=2005,"Financial Consumer Agency of Canada","Ipsos-Reid Corporation",5R000-0536,2005-10-14,"0341 Communications Research Services","2005-10-19 to 2006-03-31",,29906.00,
http://www.fcac-acfc.gc.ca/eng/Disclosure/Contracts-eng.asp?View=V3&ContId=46&Q=3&theYear=2005,"Financial Consumer Agency of Canada","Lawrence A.Moore Consulting Ltd",D041006,2005-10-11,"0491 Management consulting","2005-10-11 to 2006-03-31",,24650.00,
http://www.fcac-acfc.gc.ca/eng/Disclosure/Contracts-eng.asp?View=V3&ContId=61&Q=4&theYear=2006,"Financial Consumer Agency of Canada","Dollco Printing",D065SP32,2006-03-01,"0321 Printing Services","2006-03-10 to 2006-05-06",,24820.94,
http://www.fcac-acfc.gc.ca/eng/Disclosure/Contracts-eng.asp?View=V3&ContId=60&Q=4&theYear=2006,"Financial Consumer Agency of Canada","Interdoc Corporation",D041007,2006-02-15,"0472 Information technology consultants","2006-02-16 to 2006-03-31",,21667.50,
http://www.fcac-acfc.gc.ca/eng/Disclosure/Contracts-eng.asp?View=V3&ContId=58&Q=4&theYear=2006,"Financial Consumer Agency of Canada","Lowe-Martin Group",D065SP31,2006-01-10,"0321 Printing Services","2006-01-11 to 2006-01-31",,40604.69,
http://www.fcac-acfc.gc.ca/eng/Disclosure/Contracts-eng.asp?View=V3&ContId=59&Q=4&theYear=2006,"Financial Consumer Agency of Canada","Dollco Printing",D065SP30,2006-01-10,"0321 Printing Services","2006-01-11 to 2006-01-31",,46949.95,
http://www.fcac-acfc.gc.ca/eng/Disclosure/Contracts-eng.asp?View=V3&ContId=10&Q=1&theYear=2004,"Financial Consumer Agency of Canada","Lee Corasaniti",C0650014,2004-06-11,"0446 Training Consultants","2004-06-14 to 2005-03-31",,16050.00,
http://www.fcac-acfc.gc.ca/eng/Disclosure/Contracts-eng.asp?View=V3&ContId=11&Q=1&theYear=2004,"Financial Consumer Agency of Canada","Delta Printing",C0650009,2004-06-11,"0321 Printing Services","2004-06-12 to 2004-07-31",,79151.71,
http://www.fcac-acfc.gc.ca/eng/Disclosure/Contracts-eng.asp?View=V3&ContId=20&Q=1&theYear=2004,"Financial Consumer Agency of Canada","Xerox Canada Ltd.",500077,2004-05-17,"0533 Rental of machinery, office furniture and fixtures and other equipment","2004-06-01 to 2009-05-31",,21186.00,"Photocopier rental"
http://www.fcac-acfc.gc.ca/eng/Disclosure/Contracts-eng.asp?View=V3&ContId=21&Q=1&theYear=2004,"Financial Consumer Agency of Canada","Xerox Canada Ltd.",500078,2004-05-17,"0533 Rental of machinery, office furniture and fixtures and other equipment","2004-06-01 to 2009-05-31",,21186.00,"Photocopier rental"
http://www.fcac-acfc.gc.ca/eng/Disclosure/Contracts-eng.asp?View=V3&ContId=26&Q=1&theYear=2004,"Financial Consumer Agency of Canada","Xerox Canada Ltd.",500079,2004-05-17,"0533 Rental of machinery, office furniture and fixtures and other equipment","2004-06-01 to 2009-05-31",,40446.00,"Photocopier rental"
http://www.fcac-acfc.gc.ca/eng/Disclosure/Contracts-eng.asp?View=V3&ContId=9&Q=1&theYear=2004,"Financial Consumer Agency of Canada","Acart Communications Inc.",C0650006,2004-05-17,"0351Communications Professional Services","2004-05-17 to 2004-09-30",,28488.75,
http://www.fcac-acfc.gc.ca/eng/Disclosure/Contracts-eng.asp?View=V3&ContId=7&Q=1&theYear=2004,"Financial Consumer Agency of Canada","Space Saver Mobile Storage Systems",5R000-0406,2004-05-13,"1246 Other Furniture and Fixtures",,2004-07-02,16429.85,"Mobile Shelving System"
http://www.fcac-acfc.gc.ca/eng/Disclosure/Contracts-eng.asp?View=V3&ContId=8&Q=1&theYear=2004,"Financial Consumer Agency of Canada","Bowdens Media Monitoring Ltd.",C0650008,2004-05-13,"0351 Communications Professional Services","2004-05-13 to 2005-03-31",,10000.00,
http://www.fcac-acfc.gc.ca/eng/Disclosure/Contracts-eng.asp?View=V3&ContId=6&Q=1&theYear=2004,"Financial Consumer Agency of Canada","Canada NewsWire",C0650007,2004-04-27,"0351 Communications Professional Services","2004-04-30 to 2005-03-31",,20000.00,
http://www.fcac-acfc.gc.ca/eng/Disclosure/Contracts-eng.asp?View=V3&ContId=5&Q=1&theYear=2004,"Financial Consumer Agency of Canada","William Hart",C0650005,2004-04-16,"0351 Communications Professional Services","2004-04-21 to 2005-03-31",,20000.00,
http://www.fcac-acfc.gc.ca/eng/Disclosure/Contracts-eng.asp?View=V3&ContId=2&Q=1&theYear=2004,"Financial Consumer Agency of Canada","N Chenevert-Miquelon",C0650001,2004-04-08,"0351 Communications Professional Services","2004-04-08 to 2005-03-31",,20000.00,
http://www.fcac-acfc.gc.ca/eng/Disclosure/Contracts-eng.asp?View=V3&ContId=3&Q=1&theYear=2004,"Financial Consumer Agency of Canada","Vankellers Editorial and Writing Services",C0650002,2004-04-08,"0351 Communications Professional Services","2004-04-08 to 2005-03-31",,10000.00,
http://www.fcac-acfc.gc.ca/eng/Disclosure/Contracts-eng.asp?View=V3&ContId=4&Q=1&theYear=2004,"Financial Consumer Agency of Canada","Mark Johnson",C0650003,2004-04-08,"0351 Communications Professional Services","2004-04-08 to 2005-03-31",,10000.00,
http://www.fcac-acfc.gc.ca/eng/Disclosure/Contracts-eng.asp?View=V3&ContId=1&Q=1&theYear=2004,"Financial Consumer Agency of Canada","Boyds Commercial Warehousing &amp; Distribution",5R000-0401,2004-04-01,"0859 Other Business Services","2004-04-01 to 2005-03-31",,10700.00,
http://www.fcac-acfc.gc.ca/eng/Disclosure/Contracts-eng.asp?View=V3&ContId=18&Q=2&theYear=2004,"Financial Consumer Agency of Canada","Ekos Research Associates",5R000-0427,2004-09-30,"0492 Research contracts","2004-10-12 to 2005-03-31",,97175.47,"Mystery Shopping"
http://www.fcac-acfc.gc.ca/eng/Disclosure/Contracts-eng.asp?View=V3&ContId=17&Q=2&theYear=2004,"Financial Consumer Agency of Canada","Data Management Design Inc.",5R000-0523,2004-09-03,"0472 Information technology consultants","2004-10-13 to 2005-03-31",,8292.50,
http://www.fcac-acfc.gc.ca/eng/Disclosure/Contracts-eng.asp?View=V3&ContId=13&Q=2&theYear=2004,"Financial Consumer Agency of Canada","Delta Printing",C0650021,2004-08-27,"0321 Printing Services","2004-08-27 to 2004-09-30",,17967.12,
http://www.fcac-acfc.gc.ca/eng/Disclosure/Contracts-eng.asp?View=V3&ContId=16&Q=2&theYear=2004,"Financial Consumer Agency of Canada","Data Management Design Inc.",5R000-0420,2004-08-20,"0472 Information technology consultants","2004-10-22 to 2005-03-31",,52644.00,
http://www.fcac-acfc.gc.ca/eng/Disclosure/Contracts-eng.asp?View=V3&ContId=12&Q=2&theYear=2004,"Financial Consumer Agency of Canada","Trico Group",C0650019,2004-07-29,"0321 Printing Services","2004-07-29 to 2004-09-06",,56786.46,
http://www.fcac-acfc.gc.ca/eng/Disclosure/Contracts-eng.asp?View=V3&ContId=24&Q=3&theYear=2004,"Financial Consumer Agency of Canada","Maxsys Professionals and Solutions inc.",5R000-0437,2004-12-30,"0813 Temporary help services","2005-01-04 to 2005-04-29",,15168.05,
http://www.fcac-acfc.gc.ca/eng/Disclosure/Contracts-eng.asp?View=V3&ContId=23&Q=3&theYear=2004,"Financial Consumer Agency of Canada","Interdoc Corporation",C0410002,2004-12-15,"0472 Information technology consultants","2005-01-04 to 2005-01-31",,11074.50,
http://www.fcac-acfc.gc.ca/eng/Disclosure/Contracts-eng.asp?View=V3&ContId=22&Q=3&theYear=2004,"Financial Consumer Agency of Canada","Clear Ideas",C0650031,2004-12-09,"0351 Communications Professional Services","2004-12-09 to 2005-02-28",,15000.00,
http://www.fcac-acfc.gc.ca/eng/Disclosure/Contracts-eng.asp?View=V3&ContId=19&Q=3&theYear=2004,"Financial Consumer Agency of Canada","Jacques B&eacute;langer",C0650026,2004-10-27,"0351 Communications Professional Services","2004-10-27 to 2004-11-30",,10000.00,
http://www.fcac-acfc.gc.ca/eng/Disclosure/Contracts-eng.asp?View=V3&ContId=15&Q=3&theYear=2004,"Financial Consumer Agency of Canada","Trico Group",C0650024,2004-10-04,"0321 Printing Services","2004-10-04 to 2004-10-30",,13864.20,
http://www.fcac-acfc.gc.ca/eng/Disclosure/Contracts-eng.asp?View=V3&ContId=14&Q=3&theYear=2004,"Financial Consumer Agency of Canada","Consult Ink",C0650025,2004-10-01,"0351 Communications Professional Services","2004-09-30 to 2004-10-30",,10368.30,
http://www.fcac-acfc.gc.ca/eng/Disclosure/Contracts-eng.asp?View=V3&ContId=31&Q=4&theYear=2005,"Financial Consumer Agency of Canada","Cygnos Corporation",C410003,2005-03-03,"0472 Information technology consultants","2005-03-04 to 2005-03-31",,24610.00,
http://www.fcac-acfc.gc.ca/eng/Disclosure/Contracts-eng.asp?View=V3&ContId=30&Q=4&theYear=2005,"Financial Consumer Agency of Canada","Imprimerie Plantagenet Printing",C0650034,2005-02-28,"0321 Printing Services","2005-03-01 to 2005-03-24",,15214.71,
http://www.fcac-acfc.gc.ca/eng/Disclosure/Contracts-eng.asp?View=V3&ContId=29&Q=4&theYear=2005,"Financial Consumer Agency of Canada","Newcomp Solutions Inc.",5R000-0451,2005-02-07,"1228 Computer Software",,2005-02-28,14846.25,
http://www.fcac-acfc.gc.ca/eng/Disclosure/Contracts-eng.asp?View=V3&ContId=27&Q=4&theYear=2005,"Financial Consumer Agency of Canada","OSL Marketing Communications Inc.",5R000-0446-1,2005-01-28,"0301 Advertising services","2005-02-14 to 2005-03-31",,43538.30,
http://www.fcac-acfc.gc.ca/eng/Disclosure/Contracts-eng.asp?View=V3&ContId=28&Q=4&theYear=2005,"Financial Consumer Agency of Canada","Cossette Communication Inc.",5R000-0446-2,2005-01-28,"0301 Advertising services","2005-03-04 to 2005-03-31",,257844.75,
http://www.fcac-acfc.gc.ca/eng/Disclosure/Contracts-eng.asp?View=V3&ContId=25&Q=4&theYear=2005,"Financial Consumer Agency of Canada","Ipsos-Reid Corporation",5R000-0448,2005-01-26,"0341 Communications Research Services","2005-01-28 to 2005-03-31",,16290.75,
