http://www.npb-cnlc.gc.ca/rprts/contracts/200708/200708_q3/200708_3_1-eng.shtml,"National Parole Board","Pitney Bowes",ATL07-CU026,2007-12-24,"0533 - Rental of machinery, office furniture and fixtures and other equipment","2008-04-01 to 2012-03-31",,21088.00,"PWGSC Standing Offer"
http://www.npb-cnlc.gc.ca/rprts/contracts/200708/200708_q3/200708_3_2-eng.shtml,"National Parole Board",Corcan,QUE-07-CU011,2007-12-17,"1231 - Office furniture and furnishings, including parts",2007-12-31,,16047.65,"PWGSC Standing Offer"
http://www.npb-cnlc.gc.ca/rprts/contracts/200708/200708_q3/200708_3_3-eng.shtml,"National Parole Board","Subaru Canada",QUE-07-CU005,2007-12-06,"1261 - Road motor vehicles",2008-01-31,,28489.62,"PWGSC Standing Offer"
http://www.npb-cnlc.gc.ca/rprts/contracts/200708/200708_q3/200708_3_4-eng.shtml,"National Parole Board","Canon Canada",NO07-CU050,2007-11-26,"0533 - Rental of machinery, office furniture and fixtures and other equipment","2007-12-01 to 2010-11-30",,22083.51,"PWGSC Standing Offer"
http://www.npb-cnlc.gc.ca/rprts/contracts/200708/200708_q3/200708_3_5-eng.shtml,"National Parole Board","GSI Group",NO07-SC035,2007-11-08,"0472 - Information technology consultants","2007-11-13 to 2008-01-17",,46746.00,"PWGSC Supply Arrangement"
http://www.npb-cnlc.gc.ca/rprts/contracts/200708/200708_q3/200708_3_6-eng.shtml,"National Parole Board",Quantum,NO07-CU048,2007-11-05,"0813 - Temporary help services","2007-11-06 to 2008-06-30",,34355.13,"PWGSC Standing Offer (Temporary Help Services)"
http://www.npb-cnlc.gc.ca/rprts/contracts/200708/200708_q3/200708_3_7-eng.shtml,"National Parole Board",ARTEMP,NO07-CU047,2007-11-02,"0813 - Temporary help services","2007-11-05 to 2008-06-30",,35351.66,"PWGSC Standing Offer (Temporary Help Services)"
http://www.npb-cnlc.gc.ca/rprts/contracts/200708/200708_q3/200708_3_8-eng.shtml,"National Parole Board","Harrington Staffing",NO07-CU044,2007-11-02,"0813 - Temporary help services","2007-11-05 to 2008-06-30",,35351.66,"PWGSC Standing Offer (Temporary Help Services)"
http://www.npb-cnlc.gc.ca/rprts/contracts/200708/200708_q3/200708_3_9-eng.shtml,"National Parole Board","Harrington Staffing",NO07-CU046,2007-11-02,"0813 - Temporary help services","2007-11-05 to 2008-06-30",,35351.66,"PWGSC Standing Offer (Temporary Help Services)"
http://www.npb-cnlc.gc.ca/rprts/contracts/200708/200708_q3/200708_3_10-eng.shtml,"National Parole Board",Quantum,NO07-CU045,2007-11-02,"0813 - Temporary help services","2007-11-05 to 2008-06-30",,34564.61,"PWGSC Standing Offer (Temporary Help Services)"
http://www.npb-cnlc.gc.ca/rprts/contracts/200708/200708_q3/200708_3_11-eng.shtml,"National Parole Board","Harrington Staffing",NO07-CU043,2007-11-01,"0813 - Temporary help services","2007-11-05 to 2008-06-30",,35351.66,"PWGSC Standing Offer (Temporary Help Services)"
http://www.npb-cnlc.gc.ca/rprts/contracts/200708/200708_q3/200708_3_12-eng.shtml,"National Parole Board","The Associates Group",NO07-CU042,2007-11-01,"0813 - Temporary help services","2007-11-05 to 2008-06-30",,35955.06,"PWGSC Standing Offer (Temporary Help Services)"
http://www.npb-cnlc.gc.ca/rprts/contracts/200708/200708_q3/200708_3_13-eng.shtml,"National Parole Board","Nova Networks Inc.",NO07-CU039,2007-10-25,"1227 - Computer equipment - small-desktop/ personal/ portable/keyboard",2007-11-01,,21170.32,"PWGSC Standing Offer"
http://www.npb-cnlc.gc.ca/rprts/contracts/200708/200708_q3/200708_3_14-eng.shtml,"National Parole Board","Excel HR",NO07-CU040,2007-10-23,"0813 - Temporary help services","2007-10-22 to 2007-12-21",,10210.66,"PWGSC Standing Offer (Temporary Help Services)"
http://www.npb-cnlc.gc.ca/rprts/contracts/200708/200708_q3/200708_3_15-eng.shtml,"National Parole Board","Toyota Canada",QUE-07-CU004,2007-10-23,"1261 - Road motor vehicles",2007-11-30,,32565.32,"PWGSC Standing Offer"
http://www.npb-cnlc.gc.ca/rprts/contracts/200708/200708_q2/200708_2_1-eng.shtml,"National Parole Board","Office Interiors",ATL07-CU014,2007-08-28,"1231- Office furniture and furnishings, including parts","2007-08-28 to 2007-10-31",,11341.29,NMSO#E60PQ-030005/001/PQ
http://www.npb-cnlc.gc.ca/rprts/contracts/200708/200708_q2/200708_2_2-eng.shtml,"National Parole Board","Office Interiors",ATL07-CU015,2007-08-28,"1231- Office furniture and furnishings, including parts","2007-08-28 to 2007-10-31",,69232.49,NMSO#E60PQ-030005/001/PQ
http://www.npb-cnlc.gc.ca/rprts/contracts/200708/200708_q2/200708_2_3-eng.shtml,"National Parole Board","Randstad Temporary Help agency",NO07-CU0032,2007-08-22,"0813 - Temporary help services","2007-09-19 to 2008-01-25",,23272.83,
http://www.npb-cnlc.gc.ca/rprts/contracts/200708/200708_q2/200708_2_4-eng.shtml,"National Parole Board","Artur Doyle",NO07-SC028,2007-08-16,"0491 - Management consulting","2007-09-10 to 2007-11-31",,12540.00,
http://www.npb-cnlc.gc.ca/rprts/contracts/200708/200708_q2/200708_2_5-eng.shtml,"National Parole Board",Harrington,NO07-CU030,2007-08-15,"0813 - Temporary help services","2007-08-10 to 2007-11-16",,11159.01,
http://www.npb-cnlc.gc.ca/rprts/contracts/200708/200708_q2/200708_2_6-eng.shtml,"National Parole Board",Harrington,NO07-CU024,2007-07-31,"0813 - Temporary help services","2007-08-07 to 2007-10-26",,21889.53,
http://www.npb-cnlc.gc.ca/rprts/contracts/200708/200708_q2/200708_2_7-eng.shtml,"National Parole Board",Xerox,PA07-CU004,2007-07-13,"0533 - Rental of machinery, office furniture and fixtures and other equipment","2007-08-21 to 2012-08-21",,31164.00,NMSO#EZ107-030003/010/VAN
http://www.npb-cnlc.gc.ca/rprts/contracts/200708/200708_q2/200708_2_8-eng.shtml,"National Parole Board","City of Abotsford",PAC07-SC005,2007-07-01,"0630 - Office buildings","2007-07-04 to 2007-07-13",,17059.97,"RENOVATION BY BUILDING OWNER"
http://www.npb-cnlc.gc.ca/rprts/contracts/200708/200708_q2/200708_2_9-eng.shtml,"National Parole Board","City of Abotsford",PAC07-SC006,2007-07-01,"0630 - Office buildings","2007-07-04 to 2007-07-14",,22052.17,"RENOVATION BY BUILDING OWNER"
http://www.npb-cnlc.gc.ca/rprts/contracts/200708/200708_q1/200708_1_1-eng.shtml,"National Parole Board","SCOTIA PLACE OWNERS",PRA07-SC011,2007-06-12,"0630 - Office buildings",2007-06-12,,10600.00,
http://www.npb-cnlc.gc.ca/rprts/contracts/200708/200708_q1/200708_1_2-eng.shtml,"National Parole Board","Sussex Circle",NO07-SC018,2007-06-12,"0491 - Management consulting","2007-06-12 to 2007-10-31",,24438.30,PS-Online
http://www.npb-cnlc.gc.ca/rprts/contracts/200708/200708_q1/200708_1_3-eng.shtml,"National Parole Board",TAB,NO07-CU021,2007-06-05,"1172 - Office and stationers supplies",2007-07-20,,22024.68,"SO# : E60PD-060076/003/PD"
http://www.npb-cnlc.gc.ca/rprts/contracts/200708/200708_q1/200708_1_4-eng.shtml,"National Parole Board","Dr. Franca Cortini",NO07-SC022,2007-06-04,"0446 - Training consultants","2007-05-31 to 2008-03-31",,21000.00,
http://www.npb-cnlc.gc.ca/rprts/contracts/200708/200708_q1/200708_1_5-eng.shtml,"National Parole Board","APS-Antian Professional Services Inc.",NO07-CU015,2007-05-30,"0813 - Temporary help services","2007-06-01 to 2008-03-31",,56984.65,"SO#: EN537-8-4015/083ZJ"
http://www.npb-cnlc.gc.ca/rprts/contracts/200708/200708_q1/200708_1_6-eng.shtml,"National Parole Board","Charlotte H&eacute;bert",NO07-SC021,2007-05-28,"0446 - Training consultants","2007-05-18 to 2008-03-31",,20080.00,
http://www.npb-cnlc.gc.ca/rprts/contracts/200708/200708_q1/200708_1_7-eng.shtml,"National Parole Board","Dr. Ralph Serin",NO07-SC020,2007-05-28,"0446 - Training consultants","2007-05-18 to 2008-03-31",,18310.00,
http://www.npb-cnlc.gc.ca/rprts/contracts/200708/200708_q1/200708_1_8-eng.shtml,"National Parole Board","Ranstand Temp Help Agency",NO07-CU016,2007-05-14,"0813 - Temporary help services","2007-05-14 to 2007-07-20",,11657.88,
http://www.npb-cnlc.gc.ca/rprts/contracts/200708/200708_q1/200708_1_9-eng.shtml,"National Parole Board",XEROX,PAC07-CU002,2007-05-14,"0533 - Rental of machinery, office furniture and fixtures and other equipment","2007-07-01 to 2010-06-30",,10023.36,"SOA EZ107-030003/010/VAN"
http://www.npb-cnlc.gc.ca/rprts/contracts/200708/200708_q1/200708_1_10-eng.shtml,"National Parole Board",Berlitz,NO07-SC010,2007-05-04,"0447 - Tuition Fees and Costs of Attending Courses Including Seminars not Elsewhere Specified","2007-05-04 to 2007-11-30",,21687.62,
http://www.npb-cnlc.gc.ca/rprts/contracts/200708/200708_q1/200708_1_11-eng.shtml,"National Parole Board","Cooper Consulting",NO07-CU013,2007-04-18,"0491 - Management consulting","2007-04-18 to 2007-05-31",,10679.50,"SO#: E60ZG-30001/024/ZG"
http://www.npb-cnlc.gc.ca/rprts/contracts/200708/200708_q1/200708_1_12-eng.shtml,"National Parole Board","CDN Corps of Commissionaires",ONT07-CU003,2007-04-16,"0460 - Protection services",2008-03-31,,37123.32,
http://www.npb-cnlc.gc.ca/rprts/contracts/200708/200708_q1/200708_1_13-eng.shtml,"National Parole Board","Ben Bishop",ATL07-SC006,2007-04-01,"0859 - Other business services not elsewhere specified","2007-04-01 to 2008-03-31",,40000.00,ACAN/PAC
http://www.npb-cnlc.gc.ca/rprts/contracts/200708/200708_q1/200708_1_14-eng.shtml,"National Parole Board","Canadian Corps of Commissionaires",ATL07-SC003,2007-04-01,"0460 - Protection services","2007-04-01 to 2008-03-31",,36858.82,
http://www.npb-cnlc.gc.ca/rprts/contracts/200708/200708_q1/200708_1_15-eng.shtml,"National Parole Board","Community Employment Agency",ATL07-SC001,2007-04-01,"0813 - Temporary help services","2007-04-01 to 2008-03-31",,20007.00,
http://www.npb-cnlc.gc.ca/rprts/contracts/200708/200708_q1/200708_1_16-eng.shtml,"National Parole Board","Noel Millea",ATL07-SC005,2007-04-01,"0859 - Other business services not elsewhere specified","2007-04-01 to 2008-03-31",,25000.00,
http://www.npb-cnlc.gc.ca/rprts/contracts/200708/200708_q1/200708_1_17-eng.shtml,"National Parole Board","TOM SAMPSON",PAC07-SC003,2007-04-01,"0859 - Other business services not elsewhere specified","2007-04-01 to 2008-03-31",,20000.00,
http://www.npb-cnlc.gc.ca/rprts/contracts/200708/200708_q1/200708_1_18-eng.shtml,"National Parole Board","MARY LOUIE",PAC07-SC002,2007-03-31,"0859 - Other business services not elsewhere specified","2007-04-01 to 2008-03-31",,20000.00,
http://www.npb-cnlc.gc.ca/rprts/contracts/200708/200708_q1/200708_1_19-eng.shtml,"National Parole Board","BC CORP OF COMMISSIONAIRES",PAC07-CU001,2007-03-30,"0460 - Protection services","2007-04-01 to 2008-03-31",,39438.36,"SOA EN576-060435/001/2L"
http://www.npb-cnlc.gc.ca/rprts/contracts/200708/200708_q1/200708_1_20-eng.shtml,"National Parole Board","GEORGE ISBISTER",PAC07-SC001,2007-03-21,"0859 - Other business services not elsewhere specified","2007-04-01 to 2008-03-31",,20000.00,
http://www.npb-cnlc.gc.ca/rprts/contracts/200607/200607_q4/200607_4_1-eng.shtml,"National Parole Board","Chase Office Interior",PRA06-CU022,2007-03-27,"1231 - Office furniture and furnishings, including parts",2007-03-31,,17704.27,"SOA# E60PQ-02001/008/PQ"
http://www.npb-cnlc.gc.ca/rprts/contracts/200607/200607_q4/200607_4_2-eng.shtml,"National Parole Board","Hewlett Packard Canada",PRA06-CU025,2007-03-26,"1227 - Computer equipment - small-desktop, personal, portable, keyboard",2007-03-31,,10981.60,"SOA# E60EJ-04000N/003/EJ"
http://www.npb-cnlc.gc.ca/rprts/contracts/200607/200607_q4/200607_4_3-eng.shtml,"National Parole Board","Itex Inc",NO06-CU073,2007-03-23,"1226 - Computer equipment - large-medium - mainframe, mini",2007-03-31,,16837.04,"RAM for Citrix Server"
http://www.npb-cnlc.gc.ca/rprts/contracts/200607/200607_q4/200607_4_4-eng.shtml,"National Parole Board","Dasco data",NO06-CU071,2007-03-21,"1231 - Office furniture and furnishings, including parts",2007-03-31,,26287.95,"Secure Cabinets"
http://www.npb-cnlc.gc.ca/rprts/contracts/200607/200607_q4/200607_4_5-eng.shtml,"National Parole Board",Compugen,NO06-CU072,2007-03-21,"1227 - Computer equipment - small-desktop, personal, portable, keyboard",2007-03-31,,21420.00,"Purchase of scanner"
http://www.npb-cnlc.gc.ca/rprts/contracts/200607/200607_q4/200607_4_6-eng.shtml,"National Parole Board","Hyundai Auto Canada",ATL06-R0028,2007-03-19,"1261 - Road motor vehicles",2007-03-31,,22314.00,"SOA# E60HP-06DS01/009/HP"
http://www.npb-cnlc.gc.ca/rprts/contracts/200607/200607_q4/200607_4_7-eng.shtml,"National Parole Board",TOUS,QUE-06-CU036,2007-02-28,"1261 - Road motor vehicles",2007-03-31,,26594.34,"SOA #E60HP-06DS01/004/HP"
http://www.npb-cnlc.gc.ca/rprts/contracts/200607/200607_q4/200607_4_8-eng.shtml,"National Parole Board","LNW Consulting",NO06-SC048,2007-02-26,"0472 - Information technology consultants","2007-02-26 to 2007-03-31",,23267.00,"Development of Training Material and Training for Documentum Records Manager"
http://www.npb-cnlc.gc.ca/rprts/contracts/200607/200607_q4/200607_4_9-eng.shtml,"National Parole Board","Chase Office Interior",PRA06-CU020,2007-02-23,"1231 - Office furniture and furnishings, including parts",2007-03-31,,19072.37,SOA#E60PQ-03001/016/PQ
http://www.npb-cnlc.gc.ca/rprts/contracts/200607/200607_q4/200607_4_10-eng.shtml,"National Parole Board","Atlantic Business Interiors",ATL06-CU044,2007-02-16,"1231 - Office furniture and furnishings, including parts",2007-03-31,,11494.05,"SOA # E60PQ-030004/019/PQ"
http://www.npb-cnlc.gc.ca/rprts/contracts/200607/200607_q4/200607_4_11-eng.shtml,"National Parole Board","6073760 Canada Inc",NO06-SC051,2007-02-13,"0472 - Information technology consultants","2007-03-13 to 2008-03-31",,11872.00,"Upgrade and support of Financial Integrated Tools System (FITS) to version 6.8.52"
http://www.npb-cnlc.gc.ca/rprts/contracts/200607/200607_q4/200607_4_12-eng.shtml,"National Parole Board","DELL Canada Inc",PRA06-CU013,2007-02-09,"1227 - Computer equipment - small-desktop, personal, portable, keyboard",2007-03-31,,21353.70,"SOA #E60EJ-03000D/001/EJ"
http://www.npb-cnlc.gc.ca/rprts/contracts/200607/200607_q4/200607_4_13-eng.shtml,"National Parole Board","Dr. Chris Webster",NO06-SC040,2007-02-01,"0491 - Management consulting","2007-02-01 to 2007-03-31",,12720.00,"To prepare for and deliver two one-day courses for new Board members on Mental Health Issues"
http://www.npb-cnlc.gc.ca/rprts/contracts/200607/200607_q4/200607_4_14-eng.shtml,"National Parole Board","DELL Canada Inc",PAC06-CU007,2007-01-31,"1227 - Computer equipment - small-desktop, personal, portable, keyboard",2007-03-31,,21147.00,"SOA #E60EJ-03000D/001/EJ"
http://www.npb-cnlc.gc.ca/rprts/contracts/200607/200607_q4/200607_4_15-eng.shtml,"National Parole Board","CITY OF ABBOTSFORD",PAC06-SC009,2007-01-29,"0630 - Office buildings","2007-01-02 to 2007-03-31",,11193.15,"Office Renovations"
http://www.npb-cnlc.gc.ca/rprts/contracts/200607/200607_q4/200607_4_16-eng.shtml,"National Parole Board",Tabufile,ATL06-R023A,2007-01-18,"1231 - Office furniture and furnishings, including parts",2007-03-31,,14022.00,"Buy and Install removable shelving"
http://www.npb-cnlc.gc.ca/rprts/contracts/200607/200607_q4/200607_4_17-eng.shtml,"National Parole Board",Telus,QUE-06-CU025,2007-01-16,"1223 - Image-video equipment","2007-01-16 to 2007-03-31",,16511.62,"Video Conference Equipments"
http://www.npb-cnlc.gc.ca/rprts/contracts/200607/200607_q3/200607_3_1-eng.shtml,"National Parole Board","Hyundai Auto Canada",6-R0021,2006-12-20,"1261 - Road motor vehicles","2006-12-20 to 2007-03-15",,26577.96,"Standing Offer - E60HP-06DS01/009/HP"
http://www.npb-cnlc.gc.ca/rprts/contracts/200607/200607_q3/200607_3_2-eng.shtml,"National Parole Board","St. Thomas Moore College",PRA06-SC017,2006-12-14,"0447 Tuition Fees and Costs of Attending Courses Including Seminars not Elsewhere Specified","2007-01-08 to 2007-07-04",,22308.00,"French Language Training"
http://www.npb-cnlc.gc.ca/rprts/contracts/200607/200607_q3/200607_3_3-eng.shtml,"National Parole Board",Corcan,PAC06-CU006,2006-12-06,"1231 - Office furniture and furnishings, including parts","2006-11-14 to 2011-07-15",,106537.05,"Standing Offer - E60PQ-050000/001/PQ"
http://www.npb-cnlc.gc.ca/rprts/contracts/200607/200607_q3/200607_3_4-eng.shtml,"National Parole Board","Itex Inc.",NO06-CU059,2006-12-04,"1226 - Computer equipment - large, medium - mainframe, mini",2006-12-15,,13536.20,"Standing Offer - E60ET-030003/001/ET"
http://www.npb-cnlc.gc.ca/rprts/contracts/200607/200607_q3/200607_3_5-eng.shtml,"National Parole Board","Itex Inc.",NO06-CU060,2006-12-04,"1226 - Computer equipment - large, medium - mainframe, mini",2006-12-08,,17977.60,"Standing Offer - E60ET-010003/001/EJ"
http://www.npb-cnlc.gc.ca/rprts/contracts/200607/200607_q3/200607_3_6-eng.shtml,"National Parole Board","Eyedu Solutions",NO06-CU057,2006-11-29,"1228 Software",2006-12-15,,24993.57,"Standing Offer - E60ET-000005/001/ET"
http://www.npb-cnlc.gc.ca/rprts/contracts/200607/200607_q3/200607_3_7-eng.shtml,"National Parole Board","CDI Furnishings",PRA06-CU010,2006-11-09,"1231 - Office furniture and furnishings, including parts",2006-12-22,,11299.60,"Standing Offer - E60PQ-030005/005/PQ"
http://www.npb-cnlc.gc.ca/rprts/contracts/200607/200607_q3/200607_3_8-eng.shtml,"National Parole Board",ISTS,NO06-CU051,2006-11-06,"0520 Rental of Voice Communications Equipment",2006-11-17,,19309.81,"Standing Offer - E60HN-06SIMU/003/HN"
http://www.npb-cnlc.gc.ca/rprts/contracts/200607/200607_q3/200607_3_9-eng.shtml,"National Parole Board","Freebalance Inc.",NO06-CU048,2006-10-31,"0472 - Information technology consultants",2007-01-31,,22260.00,"Standing Offer - E60ET-9-0026/001/ET"
http://www.npb-cnlc.gc.ca/rprts/contracts/200607/200607_q3/200607_3_10-eng.shtml,"National Parole Board","Freebalance Inc.",NO06-CU049,2006-10-31,"0447 Tuition Fees and Costs of Attending Courses Including Seminars not Elsewhere Specified",2006-11-29,,11801.78,"Standing Offer - E60ET-9-0010/001/ET"
http://www.npb-cnlc.gc.ca/rprts/contracts/200607/200607_q3/200607_3_11-eng.shtml,"National Parole Board",TAB,NO06-CU046,2006-10-25,"0321 - Printing services",2006-11-14,,21170.32,"Standing Offer - E60PD-060076/003/PD"
http://www.npb-cnlc.gc.ca/rprts/contracts/200607/200607_q3/200607_3_12-eng.shtml,"National Parole Board","Itex Inc.",NO06-CU044,2006-10-11,"1224 - Digital Communications Equipment for Integrated Voice, Data (Message, Text and Computer) or Image, Video Communications",2006-10-31,,24040.80,"Standing Offer - E60EJ-010003/001/EJ"
http://www.npb-cnlc.gc.ca/rprts/contracts/200607/200607_q3/200607_3_13-eng.shtml,"National Parole Board","Raven&#39;s Sun Management Inc.",6-SC0016,2006-10-02,"0499 Other Professional Services not Elsewhere Specified","2006-09-01 to 2007-03-31",,20000.00,"Organization of 8 Community Forums"
http://www.npb-cnlc.gc.ca/rprts/contracts/200607/200607_q3/200607_3_14-eng.shtml,"National Parole Board",Dell,6A007-7-0012,2006-09-21,"1227 - Computer equipment - small-desktop, personal, portable, keyboard",2006-10-11,,13822.40,"Standing Offer - E60EJ03000D001E"
http://www.npb-cnlc.gc.ca/rprts/contracts/200607/200607_q3/200607_3_15-eng.shtml,"National Parole Board",Compugen,QUE-06-013,2006-07-10,"1227 - Computer equipment - small-desktop, personal, portable, keyboard",2006-07-24,,15912.72,"Standing Offer - E60EJ-0300D/004/EJ"
http://www.npb-cnlc.gc.ca/rprts/contracts/200607/200607_q3/200607_3_16-eng.shtml,"National Parole Board","Xerox Canada Ltd.",PAC06-CU002,2006-04-25,"0533 Rental of Machinery, Office Furniture and Fixtures and Other Equipment","2006-04-24 to 2011-04-25",,24825.07,"Standing Offer - EC095-04002/006/MCT"
http://www.npb-cnlc.gc.ca/rprts/contracts/200607/200607_q2/200607_2_1-eng.shtml,"National Parole Board","Tom Sampson",PAC06-SC001,2006-03-14,"0859 - Other business services not elsewhere specified","2006-04-01 to 2007-03-31",,15000.00,
http://www.npb-cnlc.gc.ca/rprts/contracts/200607/200607_q2/200607_2_2-eng.shtml,"National Parole Board","George Isbister",PAC06-SC002,2006-03-14,"0859 - Other business services not elsewhere specified","2006-04-01 to 2007-03-31",,20000.00,
http://www.npb-cnlc.gc.ca/rprts/contracts/200607/200607_q2/200607_2_3-eng.shtml,"National Parole Board","Mary Louie",PAC06-SC003,2006-03-14,"0859 - Other business services not elsewhere specified","2006-04-01 to 2007-03-31",,15000.00,
http://www.npb-cnlc.gc.ca/rprts/contracts/200607/200607_q2/200607_2_4-eng.shtml,"National Parole Board","Tom Harris",PAC06-SC004,2006-03-14,"0859 - Other business services not elsewhere specified","2006-04-01 to 2007-03-31",,15000.00,
http://www.npb-cnlc.gc.ca/rprts/contracts/200607/200607_q2/200607_2_5-eng.shtml,"National Parole Board","Canadian Corps of Commissionaires",PAC06-CU001,2006-04-05,"0460 - Protection services","2006-04-01 to 2007-03-31",,36388.56,"Standing Offer - E60ZL-060001/001ZL"
http://www.npb-cnlc.gc.ca/rprts/contracts/200607/200607_q2/200607_2_6-eng.shtml,"National Parole Board","City of Abbotsford",PAC06-SC006,2006-06-12,"630 - Office buildings",,2006-06-30,13866.10,
http://www.npb-cnlc.gc.ca/rprts/contracts/200607/200607_q2/200607_2_7-eng.shtml,"National Parole Board",CGI,NO06-CU029,2006-07-06,"0472 - Information technology consultants","2006-07-05 to 2006-10-09",,33231.00,"Standing Offer - W2213-2-1696/001-QE"
http://www.npb-cnlc.gc.ca/rprts/contracts/200607/200607_q2/200607_2_8-eng.shtml,"National Parole Board","Itex Inc.",NO06-CU033,2006-07-21,"1226 - Computer equipment - large/medium - mainframe, mini",,2006-07-24,32600.79,"Standing Offer - E60ET-030003/001/ET"
http://www.npb-cnlc.gc.ca/rprts/contracts/200607/200607_q2/200607_2_9-eng.shtml,"National Parole Board","Aepos Technologies Corp.",NO06-CU035,2006-08-11,"0472 - Information technology consultants","2006-08-11 to 2006-10-31",,61493.25,"Standing Offer - W2213-2-1696/001-QE"
http://www.npb-cnlc.gc.ca/rprts/contracts/200607/200607_q2/200607_2_10-eng.shtml,"National Parole Board","Maxsys Professionals &amp; Solutions Inc.",NO06-CU037,2006-08-16,"0813 - Temporary help services","2006-08-28 to 2007-03-31",,36430.88,"Standing Offer - EN537-8-4015/061/ZJ"
http://www.npb-cnlc.gc.ca/rprts/contracts/200607/200607_q2/200607_2_11-eng.shtml,"National Parole Board","Marie-Paul Chartrand",NO06-SC011,2006-08-24,"0491 - Management consulting","2006-08-22 to 2007-03-31",,10200.00,
http://www.npb-cnlc.gc.ca/rprts/contracts/200607/200607_q2/200607_2_12-eng.shtml,"National Parole Board","CDI Furnishings",PRA06-CU008,2006-08-31,"1231 - Office furniture and furnishings, including parts",,2006-10-15,11236.00,"Standing Offer - E60PQ-030005/005/PQ"
http://www.npb-cnlc.gc.ca/rprts/contracts/200607/200607_q2/200607_2_13-eng.shtml,"National Parole Board","LNW Consulting",NO06-SC012,2006-09-13,"0472 - Information technology consultants","2006-09-05 to 2006-12-31",,36040.00,"Professional Services (PS) Online"
http://www.npb-cnlc.gc.ca/rprts/contracts/200607/200607_q2/200607_2_14-eng.shtml,"National Parole Board","Quintet Consulting Corp.",NO06-CU040,2006-09-27,"0491 - Management consulting","2006-10-03 to 2006-12-20",,44339.80,"Standing Offer - E60ZG-030002/013/ZG"
http://www.npb-cnlc.gc.ca/rprts/contracts/200607/200607_1_1-eng.shtml,"National Parole Board","Community Employment Agency",ATL06-SC001,2006-03-10,"0499 - Other professional services not otherwise specified","2006-04-01 to 2007-03-31",,18606.41,
http://www.npb-cnlc.gc.ca/rprts/contracts/200607/200607_1_2-eng.shtml,"National Parole Board","Canadian Corps of Commissionaires",5-R0005,2006-04-01,"0460 - Protection services","2006-04-01 to 2007-03-31",,30318.60,"Standing Offer - E60ZL-060001/001ZL"
http://www.npb-cnlc.gc.ca/rprts/contracts/200607/200607_1_3-eng.shtml,"National Parole Board","Robert Cardinal",PRA06-SC002,2006-04-01,"0859 - Other business services not elsewhere specified","2006-04-01 to 2007-03-31",,20000.00,
http://www.npb-cnlc.gc.ca/rprts/contracts/200607/200607_1_4-eng.shtml,"National Parole Board","Cecil Crier",PRA06-SC003,2006-04-01,"0859 - Other business services not elsewhere specified","2006-04-01 to 2007-03-31",,15000.00,
http://www.npb-cnlc.gc.ca/rprts/contracts/200607/200607_1_5-eng.shtml,"National Parole Board","Michael David",PRA06-SC004,2006-04-01,"0859 - Other business services not elsewhere specified","2006-04-01 to 2007-03-31",,12000.00,
http://www.npb-cnlc.gc.ca/rprts/contracts/200607/200607_1_6-eng.shtml,"National Parole Board","Roland Duquette",PRA06-SC005,2006-04-01,"0859 - Other business services not elsewhere specified","2006-04-01 to 2007-03-31",,28000.00,
http://www.npb-cnlc.gc.ca/rprts/contracts/200607/200607_1_7-eng.shtml,"National Parole Board","Velma Orvis",PRA06-SC007,2006-04-01,"0859 - Other business services not elsewhere specified","2006-04-01 to 2007-03-31",,16000.00,
http://www.npb-cnlc.gc.ca/rprts/contracts/200607/200607_1_8-eng.shtml,"National Parole Board","Speedy Messenger Service",NO06-CU014,2006-04-05,"0213 - Courier services","2006-04-05 to 2007-03-31",,32100.00,"Standing Offer - E60LM-030004/007/LM"
http://www.npb-cnlc.gc.ca/rprts/contracts/200607/200607_1_9-eng.shtml,"National Parole Board","Valprince Inc.",NO06-CU009,2006-04-07,"0491 - Management consulting","2006-04-07 to 2006-09-30",,12626.00,"Standing Offer - E60ZG-030001/081/ZG"
http://www.npb-cnlc.gc.ca/rprts/contracts/200607/200607_1_10-eng.shtml,"National Parole Board","Noel Milliea",ATL06-SC006,2006-04-21,"0859 - Other business services not elsewhere specified","2006-04-01 to 2007-03-31",,25000.00,
http://www.npb-cnlc.gc.ca/rprts/contracts/200607/200607_1_11-eng.shtml,"National Parole Board","Jim Taylor",ONT06-SC003,2006-04-26,"0859 - Other business services not elsewhere specified","2006-04-01 to 2007-03-31",,15500.00,
http://www.npb-cnlc.gc.ca/rprts/contracts/200607/200607_1_12-eng.shtml,"National Parole Board","Maxsys Professionals &amp; Solutions Inc.",NO06-CU020,2006-05-08,"0813 - Temporary help services","2006-05-15 to 2006-09-30",,21571.20,"Standing Offer - EN537-8-4015/061-ZJ"
http://www.npb-cnlc.gc.ca/rprts/contracts/200607/200607_1_13-eng.shtml,"National Parole Board","White Pine Enterprises",ONT06-SC005,2006-05-22,"0491 - Management consulting","2006-05-01 to 2007-03-31",,25000.00,
http://www.npb-cnlc.gc.ca/rprts/contracts/200607/200607_1_14-eng.shtml,"National Parole Board","Donna Nixon",NO06-SC002,2006-05-23,"0472 - Information technology consultants","2006-05-23 to 2007-03-31",,24396.00,"Professional Services (PS) Online"
http://www.npb-cnlc.gc.ca/rprts/contracts/200607/200607_1_15-eng.shtml,"National Parole Board","Canadian Corps of Commissionaires",6A007-7-0001,2006-05-30,"0460 - Protection services","2006-04-01 to 2007-03-31",,35825.48,"Standing Offer - E60ZL-060001/001ZL"
http://www.npb-cnlc.gc.ca/rprts/contracts/200607/200607_1_16-eng.shtml,"National Parole Board","Dr. Ralph Serin",NO06-SC004,2006-05-30,"0491 - Management consulting","2006-06-01 to 2007-03-31",,21625.00,
http://www.npb-cnlc.gc.ca/rprts/contracts/200607/200607_1_17-eng.shtml,"National Parole Board","Dr. Ralph Serin",NO06-SC007,2006-06-06,"0446 - Training consultants","2006-07-01 to 2007-03-31",,16000.00,
http://www.npb-cnlc.gc.ca/rprts/contracts/200607/200607_1_18-eng.shtml,"National Parole Board","Furlow Financial Corporation",NO06-SC005,2006-06-07,"0472 - Information technology consultants","2006-06-15 to 2006-09-30",,27713.00,"Professional Services (PS) Online"
http://www.npb-cnlc.gc.ca/rprts/contracts/200607/200607_1_19-eng.shtml,"National Parole Board","Delta Reprographics",NO06-SC006,2006-06-08,"0321 - Printing services","2006-06-07 to 2007-03-31",,52922.08,"Competitive Service contract (MERX)"
http://www.npb-cnlc.gc.ca/rprts/contracts/200506/200506_4_1-eng.shtml,"National Parole Board","Global Upholstery Co. Inc.",NO05-CU067,2006-01-13,"1231 - Office furniture and furnishings, including parts",,2006-03-10,14562.55,"Standing Offer - E60PQ-030001/006/PQ"
http://www.npb-cnlc.gc.ca/rprts/contracts/200506/200506_4_2-eng.shtml,"National Parole Board","Global Upholstery Co. Inc.",NO05-CU068,2006-01-13,"1231 - Office furniture and furnishings, including parts",,2006-03-10,11415.74,"Standing Offer - E60PQ-030001/006/PQ"
http://www.npb-cnlc.gc.ca/rprts/contracts/200506/200506_4_3-eng.shtml,"National Parole Board","Seabrooke Communications",NO05-SC037,2006-01-26,"0221 - Basic data communications services (excluding enhanced telecommunications services)","2006-02-01 to 2006-03-10",,17157.45,
http://www.npb-cnlc.gc.ca/rprts/contracts/200506/200506_4_4-eng.shtml,"National Parole Board","Canadian Corps of Commissionaires",QUE06-CU005,2006-01-27,"0460 - Protection services","2006-04-01 to 2007-03-31",,45357.73,"Standing Offer - E60ZL-060001/001ZL"
http://www.npb-cnlc.gc.ca/rprts/contracts/200506/200506_4_5-eng.shtml,"National Parole Board",Corcan,6A007-6016,2006-01-27,"1231 - Office furniture and furnishings, including parts",,2006-03-31,49456.60,"Standing Offer - E60PQ-000008/001/PQ"
http://www.npb-cnlc.gc.ca/rprts/contracts/200506/200506_4_6-eng.shtml,"National Parole Board","City of Abbotsford",PAC05-SC006,2006-02-01,"0630 - Office buildings",,2006-02-17,15765.35,
http://www.npb-cnlc.gc.ca/rprts/contracts/200506/200506_4_7-eng.shtml,"National Parole Board","Itex Inc.",NO05-CU075,2006-02-03,"1226 - Computer equipment - large/medium - mainframe, mini",,2006-02-10,22185.38,"Standing Offer - E60EJ-7-0005/011/EJ"
http://www.npb-cnlc.gc.ca/rprts/contracts/200506/200506_4_8-eng.shtml,"National Parole Board",Documentum,NO05-CU066,2006-02-07,"0472 - Information technology consultants","2006-04-01 to 2007-03-31",,24353.84,"Standing Offer - E60ET-9-0017/001/ET"
http://www.npb-cnlc.gc.ca/rprts/contracts/200506/200506_4_9-eng.shtml,"National Parole Board","Dell Computer Corporation",PRA05-CU020,2006-02-08,"1227 - Computer equipment - small-desktop/ personal/ portable/keyboard",,2006-03-31,18083.00,"Standing Offer - E60EJ-03000D/001/EJ"
http://www.npb-cnlc.gc.ca/rprts/contracts/200506/200506_4_10-eng.shtml,"National Parole Board","Manicom Consulting Ltd.",NO05-SC040,2006-03-01,"0491 - Management consulting","2006-03-01 to 2006-03-31",,22470.00,
http://www.npb-cnlc.gc.ca/rprts/contracts/200506/200506_4_11-eng.shtml,"National Parole Board",OTGroup,ONT05-CU469,2006-03-06,"0533 - Rental of machinery, office furniture and fixtures and other equipment",,"2006-03-16 to 2010-03-15",12840.00,"Standing Offer - EZ107-030003/001/VAN"
http://www.npb-cnlc.gc.ca/rprts/contracts/200506/200506_4_12-eng.shtml,"National Parole Board","FreeBalance Inc.",NO06-CU006,2006-03-08,"0472 - Information technology consultants","2006-04-01 to 2007-03-31",,34165.10,"Standing Offer - E60ET-9-0010/001/ET"
http://www.npb-cnlc.gc.ca/rprts/contracts/200506/200506_4_13-eng.shtml,"National Parole Board","Softchoice Corp",NO05-CU083,2006-03-09,"1228 - Computer software",,2006-03-31,22799.56,"Standing Offer - E60ET-9-0009/001/ET"
http://www.npb-cnlc.gc.ca/rprts/contracts/200506/200506_4_14-eng.shtml,"National Parole Board","Canadian Corps of Commissionaires",NO06-CU001,2006-03-10,"0460 - Protection services","2006-04-01 to 2007-03-31",,44096.38,"Standing Offer - E60ZL-060001/001ZL"
http://www.npb-cnlc.gc.ca/rprts/contracts/200506/200506_4_15-eng.shtml,"National Parole Board","Canadian Corps of Commissionaires",NO06-CU002,2006-03-10,"0460 - Protection services","2006-04-01 to 2007-03-31",,112018.57,"Standing Offer - E60ZL-060001/001ZL"
http://www.npb-cnlc.gc.ca/rprts/contracts/200506/200506_4_16-eng.shtml,"National Parole Board","Canadian Corps of Commissionaires",NO06-CU003,2006-03-10,"0460 - Protection services","2006-04-01 to 2007-03-31",,18548.99,"Standing Offer - E60ZL-060001/001ZL"
http://www.npb-cnlc.gc.ca/rprts/contracts/200506/200506_4_17-eng.shtml,"National Parole Board","Canon Canada Inc.",NO06-CU007,2006-03-10,"0533 - Rental of machinery, office furniture and fixtures and other equipment","2006-04-01 to 2009-03-31",,10265.58,"Standing Offer - EZ107-030003/001/VAN"
http://www.npb-cnlc.gc.ca/rprts/contracts/200506/200506_4_18-eng.shtml,"National Parole Board","Itex Inc.",NO05-CU085,2006-03-13,"1226 - Computer equipment - large/medium - mainframe, mini",,2006-03-31,26964.00,"Standing Offer - E60EJ-010003/001/EJ"
http://www.npb-cnlc.gc.ca/rprts/contracts/200506/200506_4_19-eng.shtml,"National Parole Board","Itex Inc.",NO05-CU086,2006-03-13,"1226 - Computer equipment - large/medium - mainframe, mini",,2006-03-31,26450.40,"Standing Offer - E60EJ-7-0005/011/EJ"
http://www.npb-cnlc.gc.ca/rprts/contracts/200506/200506_4_20-eng.shtml,"National Parole Board","Itex Inc.",NO05-CU087,2006-03-13,"1226 - Computer equipment - large/medium - mainframe, mini",,2006-03-31,71118.17,"Standing Offer - E60EJ-020005/005/EJ"
http://www.npb-cnlc.gc.ca/rprts/contracts/200506/200506_4_21-eng.shtml,"National Parole Board","Dell Computer Corporation",PRA05-CU021,2006-03-13,"1227 - Computer equipment - small-desktop/ personal/ portable/keyboard",,2006-03-31,10849.80,"Standing Offer - E60EJ-03000D/001/EJ"
http://www.npb-cnlc.gc.ca/rprts/contracts/200506/200506_4_22-eng.shtml,"National Parole Board","Maxsys Aboriginal Services",NO06-CU008,2006-03-15,"0813 - Temporary help services","2006-04-01 to 2006-08-11",,43816.50,"Standing Offer - EN537-8-1015/065-ZJ"
http://www.npb-cnlc.gc.ca/rprts/contracts/200506/200506_3_1-eng.shtml,"National Parole Board","Maxsys Professionals &amp; Solutions Inc.",NO05-CU049,2005-10-12,"0813 - Temporary help services","2005-11-01 to 2006-03-31",,61792.50,"Standing Offer - EN537-8-4015/061-ZJ"
http://www.npb-cnlc.gc.ca/rprts/contracts/200506/200506_3_2-eng.shtml,"National Parole Board","Itex Inc.",NO05-CU052,2005-10-14,"1226 - Computer equipment &ndash; large/medium &ndash; mainframe, mini",,2005-10-27,31337.09,"Standing Offer - E60EJ-010003/001/EJ"
http://www.npb-cnlc.gc.ca/rprts/contracts/200506/200506_3_3-eng.shtml,"National Parole Board","Centre for Public Management",NO05-CU050,2005-11-01,"0491 - Management consulting","2005-11-01 to 2006-01-31",,42800.00,"Standing Offer - 24062-030150/006/ZG"
http://www.npb-cnlc.gc.ca/rprts/contracts/200506/200506_3_4-eng.shtml,"National Parole Board","Cecil Crier",PRA05-SC013,2005-11-21,"0859 - Other business services not elsewhere specified","2005-12-01 to 2006-03-31",,10000.00,
http://www.npb-cnlc.gc.ca/rprts/contracts/200506/200506_3_5-eng.shtml,"National Parole Board","Mirinda Consulting",NO05-SC031,2005-11-28,"0491 - Management consulting","2005-12-01 to 2006-03-31",,16036.63,
http://www.npb-cnlc.gc.ca/rprts/contracts/200506/200506_3_6-eng.shtml,"National Parole Board","Conoscenti Telecommunications Inc.",NO05-SC032,2005-11-30,"0472 - Information technology consultants","2006-01-04 to 2006-01-31",,14445.00,
http://www.npb-cnlc.gc.ca/rprts/contracts/200506/200506_3_7-eng.shtml,"National Parole Board","Ricoh Canada Inc.",QUE05-CU004,2005-12-15,"0533 - Rental of machinery, office furniture and fixtures and other equipment","2005-12-15 to 2010-12-14",,123649.20,"Standing Offer - EZ107-030003/007/VAN"
http://www.npb-cnlc.gc.ca/rprts/contracts/200506/200506_3_8-eng.shtml,"National Parole Board","e-Merging Solutions",NO05-SC035,2005-12-20,"0472 - Information technology consultants","2005-12-20 to 2006-03-31",,20009.00,
http://www.npb-cnlc.gc.ca/rprts/contracts/200506/200506_2_1-eng.shtml,"National Parole Board","Excel Human Resources Inc.",NO05-CU038,2005-07-13,"0813 - Temporary help services","2005-07-13 to 2005-10-14",,10719.39,"Standing Offer - EN537-8-4015/007-ZF"
http://www.npb-cnlc.gc.ca/rprts/contracts/200506/200506_2_2-eng.shtml,"National Parole Board","Coradix Technology Ltd.",NO05-CU021,2005-07-15,"0472 - Information technology consultants","2005-07-15 to 2005-12-31",,22042.00,
http://www.npb-cnlc.gc.ca/rprts/contracts/200506/200506_2_3-eng.shtml,"National Parole Board","Houlton Fraser Inc.",NO05-CU022,2005-07-19,"0472 - Information technology consultants","2005-07-18 to 2006-01-31",,10593.00,
http://www.npb-cnlc.gc.ca/rprts/contracts/200506/200506_2_4-eng.shtml,"National Parole Board","Hewlett-Packard (Canada) Co.",QUE05-CU037,2005-08-26,"1227 - Computer equipment &ndash; small&ndash;desktop/ personal/ portable/keyboard",,2005-08-26,10435.71,"Standing Offer - E60EJ-03000D/004/EJ"
http://www.npb-cnlc.gc.ca/rprts/contracts/200506/200506_2_5-eng.shtml,"National Parole Board","Learning Tree International",NO05-SC025,2005-09-01,"0447 - Tuition fees and costs of attending courses including seminars not elsewhere specified",,2005-09-01,18832.00,
http://www.npb-cnlc.gc.ca/rprts/contracts/200506/200506_2_6-eng.shtml,"National Parole Board","Maxsys Professionals &amp; Solutions Inc.",NO05-CU046,2005-09-02,"0813 - Temporary help services","2005-09-12 to 2006-01-31",,23436.21,"Standing Offer - EN537-8-4015/061/ZJ"
http://www.npb-cnlc.gc.ca/rprts/contracts/200506/200506_2_7-eng.shtml,"National Parole Board","Raven Sun Management",ATL05-SC019,2005-09-08,"0855 - Acquisition and contract charges","2005-09-01 to 2006-03-31",,23862.50,
http://www.npb-cnlc.gc.ca/rprts/contracts/200506/200506_2_8-eng.shtml,"National Parole Board","Xerox Canada Ltd.",PAC05-CU002,2005-09-12,"0533 - Rental of machinery, office furniture and fixtures and other equipment","2005-09-12 to 2010-09-30",,31458.00,"Standing Offer - EZ156-040002/006/XSB"
http://www.npb-cnlc.gc.ca/rprts/contracts/200506/200506_2_9-eng.shtml,"National Parole Board","Sto:Lo Office Outfitters",PAC05-CU003,2005-09-12,"1231 - Office furniture and furnishings, including parts",,2005-09-12,38600.15,"Standing Offer - E60PQ-030003/013/PQ"
http://www.npb-cnlc.gc.ca/rprts/contracts/200506/200506_2_10-eng.shtml,"National Parole Board","Dr. Ralph Serin",NO05-SC026,2005-09-23,"0491 - Management consulting","2005-09-28 to 2006-04-30",,28500.00,
http://www.npb-cnlc.gc.ca/rprts/contracts/200506/200506_1_1-eng.shtml,"National Parole Board","Valprince Inc.",NO05-SC005,2005-03-21,"0491 - Management consulting","2005-04-01 to 2005-05-31",,11128.00,
http://www.npb-cnlc.gc.ca/rprts/contracts/200506/200506_1_2-eng.shtml,"National Parole Board","Community Employment Agency",5-SC0001,2005-03-24,"0499 - Other Professional Services not otherwise specified","2005-04-01 to 2006-03-31",,17940.00,
http://www.npb-cnlc.gc.ca/rprts/contracts/200506/200506_1_3-eng.shtml,"National Parole Board","Tom Sampson",PAC05-SC001,2005-03-30,"0859 - Other business services not elsewhere specified","2005-04-01 to 2006-03-31",,15000.00,
http://www.npb-cnlc.gc.ca/rprts/contracts/200506/200506_1_4-eng.shtml,"National Parole Board","George Isbister",PAC05-SC002,2005-03-30,"0859 - Other business services not elsewhere specified","2005-04-01 to 2006-03-31",,20000.00,
http://www.npb-cnlc.gc.ca/rprts/contracts/200506/200506_1_5-eng.shtml,"National Parole Board","Mary Louie",PAC05-SC003,2005-03-30,"0859 - Other business services not elsewhere specified","2005-04-01 to 2006-03-31",,15000.00,
http://www.npb-cnlc.gc.ca/rprts/contracts/200506/200506_1_6-eng.shtml,"National Parole Board","Tom Harris",PAC05-SC004,2005-03-30,"0859 - Other business services not elsewhere specified","2005-04-01 to 2006-03-31",,15000.00,
http://www.npb-cnlc.gc.ca/rprts/contracts/200506/200506_1_7-eng.shtml,"National Parole Board","Top Box Consulting Group Inc.",NO05-SC002,2005-04-01,"0499 - Other Professional Services not otherwise specified","2005-04-01 to 2006-03-31",,24824.00,
http://www.npb-cnlc.gc.ca/rprts/contracts/200506/200506_1_8-eng.shtml,"National Parole Board","Donna Nixon",NO05-SC003,2005-04-01,"0499 - Other Professional Services not otherwise specified","2005-04-01 to 2006-03-31",,24556.50,
http://www.npb-cnlc.gc.ca/rprts/contracts/200506/200506_1_9-eng.shtml,"National Parole Board","ADT Security Services Inc.",NO05-SC013,2005-04-01,"0460 - Protection services","2005-04-01 to 2007-03-31",,16702.88,
http://www.npb-cnlc.gc.ca/rprts/contracts/200506/200506_1_10-eng.shtml,"National Parole Board","Boyd Commercial Warehousing &amp; Distribution Services Ltd.",NO05-CU001,2005-04-01,"0859 - Other business services not elsewhere specified","2005-04-01 to 2006-03-31",,10700.00,"Standing Offer - E60LM-020006/001/LM"
http://www.npb-cnlc.gc.ca/rprts/contracts/200506/200506_1_11-eng.shtml,"National Parole Board","Canadian Corps of Commissionaires",NO05-CU012,2005-04-01,"0460 - Protection services","2005-04-01 to 2006-03-31",,106206.86,"Standing Offer - E60ZH-050001/001ZH"
http://www.npb-cnlc.gc.ca/rprts/contracts/200506/200506_1_12-eng.shtml,"National Parole Board","Canadian Corps of Commissionaires",NO05-CU014,2005-04-01,"0460 - Protection services","2005-04-01 to 2006-03-31",,42905.12,"Standing Offer - E60ZH-050001/001ZH"
http://www.npb-cnlc.gc.ca/rprts/contracts/200506/200506_1_13-eng.shtml,"National Parole Board","Robert Cardinal",PRA-C-05-003,2005-04-01,"0859 - Other business services not elsewhere specified","2005-04-01 to 2006-03-31",,35000.00,
http://www.npb-cnlc.gc.ca/rprts/contracts/200506/200506_1_14-eng.shtml,"National Parole Board","Roland Duquette",PRA-C-05-004,2005-04-01,"0859 - Other business services not elsewhere specified","2005-04-01 to 2006-03-31",,28000.00,
http://www.npb-cnlc.gc.ca/rprts/contracts/200506/200506_1_15-eng.shtml,"National Parole Board","Velma Orvis",PRA-C-05-005,2005-04-01,"0859 - Other business services not elsewhere specified","2005-04-01 to 2006-03-31",,15000.00,
http://www.npb-cnlc.gc.ca/rprts/contracts/200506/200506_1_16-eng.shtml,"National Parole Board","Michael David",PRA-C-05-006,2005-04-01,"0859 - Other business services not elsewhere specified","2005-04-01 to 2006-03-31",,10000.00,
http://www.npb-cnlc.gc.ca/rprts/contracts/200506/200506_1_17-eng.shtml,"National Parole Board","Audrey Green",ONT05-SC001,2005-04-01,"0491 - Management consulting","2005-04-01 to 2005-09-30",,21400.00,
http://www.npb-cnlc.gc.ca/rprts/contracts/200506/200506_1_18-eng.shtml,"National Parole Board","Sue Kelly",ONT05-SC002,2005-04-01,"0859 - Other business services not elsewhere specified","2005-04-01 to 2006-03-31",,14445.00,
http://www.npb-cnlc.gc.ca/rprts/contracts/200506/200506_1_19-eng.shtml,"National Parole Board","Jim Taylor",ONT05-SC006,2005-04-01,"0491 - Management consulting","2005-04-01 to 2006-03-31",,19795.00,
http://www.npb-cnlc.gc.ca/rprts/contracts/200506/200506_1_20-eng.shtml,"National Parole Board","Canadian Corps of Commissionaires",6A007-3-0344,2005-04-01,"0460 - Protection services","2005-04-01 to 2006-03-31",,32737.46,"Standing Offer - E60ZH-050001/001ZH"
http://www.npb-cnlc.gc.ca/rprts/contracts/200506/200506_1_21-eng.shtml,"National Parole Board","Sierra Systems Group Inc.",NO05-SC006,2005-04-04,"0472 - Information technology consultants","2005-04-04 to 2005-09-30",,58154.00,"Informatics Professional Services (IPS)"
http://www.npb-cnlc.gc.ca/rprts/contracts/200506/200506_1_22-eng.shtml,"National Parole Board","Sierra Systems Group Inc.",NO05-SC007,2005-04-04,"0472 - Information technology consultants","2005-04-04 to 2005-09-30",,84744.00,"Informatics Professional Services (IPS)"
http://www.npb-cnlc.gc.ca/rprts/contracts/200506/200506_1_23-eng.shtml,"National Parole Board","Sierra Systems Group Inc.",NO05-SC008,2005-04-04,"0472 - Information technology consultants","2005-04-04 to 2005-09-30",,53928.00,"Informatics Professional Services (IPS)"
http://www.npb-cnlc.gc.ca/rprts/contracts/200506/200506_1_24-eng.shtml,"National Parole Board","Canadian Corps of Commissionaires",QUE-05-006,2005-04-05,"0460 - Protection services","2005-04-01 to 2006-03-31",,44356.20,"Standing Offer - E60ZH-050001/001ZH"
http://www.npb-cnlc.gc.ca/rprts/contracts/200506/200506_1_25-eng.shtml,"National Parole Board","Canadian Corps of Commissionaires",PAC05-CU001,2005-04-06,"0460 - Protection services","2005-04-01 to 2006-03-31",,33146.00,"Standing Offer - E60ZH-050001/001ZH"
http://www.npb-cnlc.gc.ca/rprts/contracts/200506/200506_1_26-eng.shtml,"National Parole Board","Canadian Corps of Commissionaires",5-0007,2005-05-05,"0460 - Protection services","2005-04-01 to 2006-03-31",,28847.52,"Standing Offer - E60ZH-050001/001ZH"
http://www.npb-cnlc.gc.ca/rprts/contracts/200506/200506_1_27-eng.shtml,"National Parole Board","Egl 2 Egl &amp; Associates",5-SC0008,2005-05-06,"0499 - Other Professional Services not otherwise specified","2005-04-01 to 2006-03-31",,24035.00,
http://www.npb-cnlc.gc.ca/rprts/contracts/200506/200506_1_28-eng.shtml,"National Parole Board","Noel Milliea",5-0006,2005-05-06,"0859 - Other business services not elsewhere specified","2005-04-01 to 2006-03-31",,25000.00,
http://www.npb-cnlc.gc.ca/rprts/contracts/200506/200506_1_29-eng.shtml,"National Parole Board","Global Upholstery Co. Inc.",NO05-CU029,2005-06-15,"1231 - Office furniture and furnishings, including parts",,2005-07-15,10205.42,"Standing Offer - E60HN-02INCA/001/HN"
http://www.npb-cnlc.gc.ca/rprts/contracts/200405/200405_4_1-eng.shtml,"National Parole Board","General Motors of  Canada               Ltd",6A004-040013/001/HP,2004-12-21,"1261- Road motor vehicles",,2005-03-31,21153.37,"Standing Offer - E60HP-02DS01/001/HP"
http://www.npb-cnlc.gc.ca/rprts/contracts/200405/200405_4_2-eng.shtml,"National Parole Board","General Motors  of               Canada",6A004-040014/001/HP,2004-12-22,"1261 - Road               motor vehicles",,2005-03-31,21153.37,"Standing Offer - E60HP-02DS01/001/HP"
http://www.npb-cnlc.gc.ca/rprts/contracts/200405/200405_4_3-eng.shtml,"National Parole Board","AEPOS               Technologies",6A002-4-0559,2005-01-06,"0472 - Information technology consultants","2004-12-30 to 2005-03-31",,35479.06,"Supply Arrangement - W2213-2-1696/002/QE"
http://www.npb-cnlc.gc.ca/rprts/contracts/200405/200405_4_4-eng.shtml,"National Parole Board","Learning  Tree               International",C-2004-54,2005-01-10,"0448 - Purchase of training packages and courses",,2005-01-10,17976.00,
http://www.npb-cnlc.gc.ca/rprts/contracts/200405/200405_4_5-eng.shtml,"National Parole Board","Itex Inc.",6A002-4-0566,2005-01-12,"1227 - Computer equipment",,2005-01-14,14806.66,"Standing Offer - E60EJ-03000D/004/EJ"
http://www.npb-cnlc.gc.ca/rprts/contracts/200405/200405_4_6-eng.shtml,"National Parole Board","Audrey               Green",C-2004-ONT-08,2005-01-14,"0859 - Other business services not elsewhere specified","2005-01-17 to 2005-03-31",,15301.00,
http://www.npb-cnlc.gc.ca/rprts/contracts/200405/200405_4_7-eng.shtml,"National Parole Board","The Ancien Group",6A002-4-0573,2005-01-16,"0499 - Other Professional Services               not               otherwise specified","2005-01-17 to           2005-03-31",,11770.00,"Standing Offer - E60ZG-030002/016/ZG"
http://www.npb-cnlc.gc.ca/rprts/contracts/200405/200405_4_8-eng.shtml,"National Parole Board","AEPOS               Technologies",6A002-4-0570,2005-01-17,"0472 - Information technology consultants","2005-01-17 to 2005-03-31",,28444.88,"Supply Arrangement - W2213-2-1696/002/QE"
http://www.npb-cnlc.gc.ca/rprts/contracts/200405/200405_4_9-eng.shtml,"National Parole Board","Documentum               Inc.",6A002-4-0571,2005-01-18,"0499 - Other Professional Services not otherwise specified",,2005-02-02,22630.50,"Standing Offer - E60ET-9-0017/001/ET"
http://www.npb-cnlc.gc.ca/rprts/contracts/200405/200405_4_10-eng.shtml,"National Parole Board","APS-Antien Professional  Services               Inc.",6A002-4-0574,2005-01-19,"0813 - Temporary help services","2005-01-20 to 2005-03-31",,17727.87,"Standing Offer - EN537-8-4015/083ZJ"
http://www.npb-cnlc.gc.ca/rprts/contracts/200405/200405_4_11-eng.shtml,"National Parole Board","I/TSM               Inc.",C-2004-56,2005-01-19,"0472 - Information technology consultants","2005-01-19 to 2005-09-02",,88981.20,"Informatics Professional Services (IPS)"
http://www.npb-cnlc.gc.ca/rprts/contracts/200405/200405_4_12-eng.shtml,"National Parole Board","APS-Antien Professional  Services               Inc.",6A002-4-0575,2005-01-20,"0813 - Temporary help services","2005-01-24 to 2005-03-31",,20144.74,"Standing Offer - EN537-8-4015/083ZJ"
http://www.npb-cnlc.gc.ca/rprts/contracts/200405/200405_4_13-eng.shtml,"National Parole Board","Valprince               Inc.",6A002-4-0572,2005-01-25,"0491 - Management consulting","2005-01-24 to 2005-03-31",,16692.00,"Standing Offer - E60ZG-010002/096/ZG"
http://www.npb-cnlc.gc.ca/rprts/contracts/200405/200405_4_14-eng.shtml,"National Parole Board","Maxsys  Aboriginal               Services",6A002-4-0578,2005-01-25,"0813 - Temporary help services","2005-01-28 to 2005-06-30",,49416.75,"Standing Offer - EN537-8-1015/065-ZJ"
http://www.npb-cnlc.gc.ca/rprts/contracts/200405/200405_4_15-eng.shtml,"National Parole Board","I/TSM               Inc.",C-2004-65,2005-01-25,"0472 - Information technology consultants","2005-01-26 to 2005-09-30",,88221.50,"Informatics Professional Services (IPS)"
http://www.npb-cnlc.gc.ca/rprts/contracts/200405/200405_4_16-eng.shtml,"National Parole Board","Itex               Inc.",6A002-4-0567,2005-01-26,"1226 -               Computer equipment",,2005-02-09,42319.57,"Standing Offer - E60EJ-10003/001/EJ"
http://www.npb-cnlc.gc.ca/rprts/contracts/200405/200405_4_17-eng.shtml,"National Parole Board","Subaru  Canada               Inc.",6A007-3-0301,2005-01-31,"1261 - Road motor vehicles",,2005-01-31,59021.20,"Standing Offer - E60HP-04DS01/004/HP"
http://www.npb-cnlc.gc.ca/rprts/contracts/200405/200405_4_18-eng.shtml,"National Parole Board","Itex               Inc.",6A002-4-0582,2005-02-01,"1226 -               Computer equipment",,2005-02-09,27848.89,"Standing Offer - E60EJ-10003/001/EJ"
http://www.npb-cnlc.gc.ca/rprts/contracts/200405/200405_4_19-eng.shtml,"National Parole Board","Softchoice               Corp.",6A002-4-0576,2005-02-02,"1228 -               Computer software",,2005-03-15,28249.07,"Standing Offer - E60ET-9-0009/001/ET"
http://www.npb-cnlc.gc.ca/rprts/contracts/200405/200405_4_20-eng.shtml,"National Parole Board","City  of               Abbotsford",PAC-04-SC006,2005-02-10,"0630 - Office buildings","2005-02-10 to 2005-03-22",,24673.86,
http://www.npb-cnlc.gc.ca/rprts/contracts/200405/200405_4_21-eng.shtml,"National Parole Board","Subaru  Canada               Inc.",6A006-050175,2005-02-10,"1261 - Road motor vehicles",,2005-03-31,29510.60,"Standing Offer - E60HP-04DS01/004/HP"
http://www.npb-cnlc.gc.ca/rprts/contracts/200405/200405_4_22-eng.shtml,"National Parole Board","Delta  Printing               Ltd",C-2004-67,2005-02-15,"0321 - Printing services","2005-02-16 to 2006-03-31",,64252.43,"Competitive Service contract (MERX)"
http://www.npb-cnlc.gc.ca/rprts/contracts/200405/200405_4_23-eng.shtml,"National Parole Board","Itex               Inc.",6A002-4-0591,2005-02-18,"1228 -               Computer software",,2005-02-25,24792.44,"Standing Offer - E60ET-03003/001/ET"
http://www.npb-cnlc.gc.ca/rprts/contracts/200405/200405_4_24-eng.shtml,"National Parole Board","Itex               Inc.",6A002-4-0593,2005-02-23,"1227 - Computer equipment",,2005-03-01,30559.20,"Standing Offer - E60EJ-03000D/004/EJ"
http://www.npb-cnlc.gc.ca/rprts/contracts/200405/200405_4_25-eng.shtml,"National Parole Board","Itex               Inc.",6A002-4-0592,2005-02-23,"1227 -               Computer equipment",,2005-03-05,10710.70,"Standing Offer - EZ107-030001/003/VIC"
http://www.npb-cnlc.gc.ca/rprts/contracts/200405/200405_4_26-eng.shtml,"National Parole Board","CGI               Inc.",6A002-4-0595,2005-02-25,"0472 - Information technology consultants","2005-04-04 to 2005-05-13",,35577.50,"Supply Arrangement - W2213-2-1696/001/QE"
http://www.npb-cnlc.gc.ca/rprts/contracts/200405/200405_4_27-eng.shtml,"National Parole Board","Documentum               Inc.",6A002-4-0596,2005-02-25,"0499 - Other Professional Services not otherwise specified","2005-04-01 to 2006-03-31",,17420.24,"Standing Offer - E60ET-9-0017/001/ET"
http://www.npb-cnlc.gc.ca/rprts/contracts/200405/200405_4_28-eng.shtml,"National Parole Board","CMS HR  Consultants               Inc",6A002-4-0598,2005-02-28,"0499 - Other Professional Services not otherwise specified","2005-04-01 to 2005-06-30",,42800.00,"Standing Offer - E60ZG-010002/019/ZG"
http://www.npb-cnlc.gc.ca/rprts/contracts/200405/200405_4_29-eng.shtml,"National Parole Board","Dell Canada                 Inc.",6A007-3-0324,2005-03-02,"1227 - Computer equipment",,2005-03-02,14043.75,"Standing Offer - E60EJ-03000D/001/EJ"
http://www.npb-cnlc.gc.ca/rprts/contracts/200405/200405_4_30-eng.shtml,"National Parole Board","Dell Canada Inc.",6A007-3-0326,2005-03-02,"1227 - Computer equipment",,2005-03-02,35866.40,"Standing Offer - E60EJ-03000D/001/EJ"
http://www.npb-cnlc.gc.ca/rprts/contracts/200405/200405_4_31-eng.shtml,"National Parole Board","Dasco Data  Products               Ltd.",6A006-040195,2005-03-03,"1231 - Office furniture and furnishings, including parts",,2005-03-31,49139.75,"PWGSC contract"
http://www.npb-cnlc.gc.ca/rprts/contracts/200405/200405_4_32-eng.shtml,"National Parole Board","Kelly Sears  Consulting               Group",C-2004-70,2005-03-04,"0491               - Management consulting","2005-03-07 to 2005-03-31",,15028.15,
http://www.npb-cnlc.gc.ca/rprts/contracts/200405/200405_4_33-eng.shtml,"National Parole Board","AEPOS               Technologies",6A002-4-0600,2005-03-08,"0472 - Information technology consultants","2005-03-09 to 2005-04-30",,10100.80,"Supply Arrangement - W2213-2-1696/002/QE"
http://www.npb-cnlc.gc.ca/rprts/contracts/200405/200405_4_34-eng.shtml,"National Parole Board","Houlton  Fraser,               Inc.",C-2004-71,2005-03-08,"0472 - Information technology consultants","2005-03-09 to 2005-08-31",,21560.50,
http://www.npb-cnlc.gc.ca/rprts/contracts/200405/200405_4_35-eng.shtml,"National Parole Board","Global Upholstery  Co.               Inc.",6A002-4-0601,2005-03-09,"1231 - Office furniture and furnishings, including parts",,2005-03-31,24432.98,"Standing Offer - E60HN-02INCA/001/HN"
http://www.npb-cnlc.gc.ca/rprts/contracts/200405/200405_4_36-eng.shtml,"National Parole Board","IT/NET  Ottawa               Inc.",C-2004-73,2005-03-09,"0491 - Management consulting","2005-03-09 to 2005-03-31",,19538.20,
http://www.npb-cnlc.gc.ca/rprts/contracts/200405/200405_4_37-eng.shtml,"National Parole Board","Colin               Marvin",C-2004-74,2005-03-09,"0472 - Information technology consultants","2005-03-16 to 2005-09-09",,19200.00,
http://www.npb-cnlc.gc.ca/rprts/contracts/200405/200405_4_38-eng.shtml,"National Parole Board","Global Upholstery  Co.               Inc.",6A002-4-0604,2005-03-10,"1231 - Office furniture and furnishings, including parts",,2005-03-31,20128.67,"Standing Offer - E60PQ-030003/009/PQ"
http://www.npb-cnlc.gc.ca/rprts/contracts/200405/200405_4_39-eng.shtml,"National Parole Board","Adcom               Videoconferencing",6A007-3-0334,2005-03-14,"1223 - Image/video equipment",,2005-03-14,10292.33,"Standing Offer - E60HN-04VISU/002/HN"
http://www.npb-cnlc.gc.ca/rprts/contracts/200405/200405_4_40-eng.shtml,"National Parole Board","Documentum               Inc.",6A002-4-0608,2005-03-16,"1228-               Computer software",,2005-03-31,38520.00,"Standing Offer - E60ET-9-0017/001/ET"
http://www.npb-cnlc.gc.ca/rprts/contracts/200405/200405_4_41-eng.shtml,"National Parole Board","Samson  &amp;               Associates",C-2004-75,2005-03-18,"0491-               Management consulting","2005-03-18 to  2005-04-15",,11984.00,
http://www.npb-cnlc.gc.ca/rprts/contracts/200405/200405_4_42-eng.shtml,"National Parole Board","Pitney               Bowes",6A002-4-0609,2005-03-21,"1239 - Other office  equipment               and parts",,2005-03-31,19185.74,"Standing Offer - EC095-010007/001/MCT"
http://www.npb-cnlc.gc.ca/rprts/contracts/200405/200405_4_43-eng.shtml,"National Parole Board","Privasoft               Corp.",6A002-4-0580,2005-03-23,"1228  -               Computer software","2005-03-21 to  2006-03-20",,80563.51,"PWGSC contract"
http://www.npb-cnlc.gc.ca/rprts/contracts/200405/200405_4_44-eng.shtml,"National Parole Board","FreeBalance                 Inc.",6A002-4-0563,2005-03-24,"0499 - Other Professional Services  not               otherwise specified",,2005-04-01,32718.46,"Standing Offer - E60ET-9-0010/001/ET"
http://www.npb-cnlc.gc.ca/rprts/contracts/200405/200405_3_1-eng.shtml,"National Parole Board","Simcon Solutions Inc.",C-2004-28,2004-10-01,"0472 - Information technology consultants","2004-10-04 to 2005-03-31",,84369.50,"Informatics Professional Services (IPS)"
http://www.npb-cnlc.gc.ca/rprts/contracts/200405/200405_3_2-eng.shtml,"National Parole Board","MSC Maplesoft Consulting Inc.",C-2004-27,2004-10-01,"0472 - Information technology consultants","2004-10-04 to 2005-03-31",,84155.50,"Informatics Professional Services (IPS)"
http://www.npb-cnlc.gc.ca/rprts/contracts/200405/200405_3_3-eng.shtml,"National Parole Board","Global Upholstery Co. Inc.",6A002-4-0531,2004-10-01,"1231 - Office furniture and furnishings, including parts",2004-10-25,,18911.60,"Call-up Against a Standing Offer               - E60PQ-030003/009/PQ"
http://www.npb-cnlc.gc.ca/rprts/contracts/200405/200405_3_4-eng.shtml,"National Parole Board","Global Upholstery Co. Inc.",6A002-4-0530,2004-10-01,"1231 - Office furniture and furnishings, including parts",2004-10-13,,24865.01,"Commande subs&eacute;quente &agrave; une offre &agrave; commandes - E60PQ-030001/006/PQ"
http://www.npb-cnlc.gc.ca/rprts/contracts/200405/200405_3_5-eng.shtml,"National Parole Board","Northern Brainwaves Consulting Group Inc.",C-2004-29,2004-10-05,"0472 - Conseillers en               technologie d&#39;information","2004-10-12 to  2005-04-30",,84289.25,"Informatics Professional               Services (IPS)"
http://www.npb-cnlc.gc.ca/rprts/contracts/200405/200405_3_6-eng.shtml,"National Parole Board","Itex               Inc.",6A002-4-0532,2004-10-05,"1226 -               Mat&eacute;riel d&#39;ordinateurs",,2004-10-13,61253.49,"Call-up Against a     Standing Offer               - E60EJ-010003/001/EJ"
http://www.npb-cnlc.gc.ca/rprts/contracts/200405/200405_3_7-eng.shtml,"National Parole Board","Primexcel               Consultants",PAC-04-SC001,2004-10-06,"0491 -               Management consulting","2004-12-12 to     2005-03-31",,22800.00,
http://www.npb-cnlc.gc.ca/rprts/contracts/200405/200405_3_8-eng.shtml,"National Parole Board","The Canadian Corps    of               Commissionaires",PAC-04-SO002,2004-10-06,"0460 -               Protection services","2004-10-01 to     2005-03-31",,17143.41,"Call-up Against a Standing Offer - E60ZH-040001/001/ZH"
http://www.npb-cnlc.gc.ca/rprts/contracts/200405/200405_3_9-eng.shtml,"National Parole Board","The Canadian Corps    of               Commissionaires",PAC-04-SO001,2004-10-06,"0460 -               Protection services","2004-04-01 to     2004-09-30",,17143.41,"Call-up Against a Standing Offer - E60ZH-040001/001/ZH"
http://www.npb-cnlc.gc.ca/rprts/contracts/200405/200405_3_10-eng.shtml,"National Parole Board","Itex               Inc.",6A002-4-0533,2004-10-08,"1227 -               Computer equipment",,2004-10-12,17796.24,"Call-up Against a Standing Offer - E60EJ-03000D/004/EJ"
http://www.npb-cnlc.gc.ca/rprts/contracts/200405/200405_3_11-eng.shtml,"National Parole Board","Itex               Inc.",6A002-4-0535,2004-10-14,"1227 -               Computer equipment",,2004-10-15,15793.20,"Call-up Against a Standing Offer - E60EJ-03000D/004/EJ"
http://www.npb-cnlc.gc.ca/rprts/contracts/200405/200405_3_12-eng.shtml,"National Parole Board","QMR Staffing          Solutions               Inc.",6A002-4-0537,2004-10-15,"0813    - Temporary               help services","2004-10-27 to           2005-01-27",,31345.65,"Call-up Against a Standing Offer - EN537-8-4015/140-ZJ"
http://www.npb-cnlc.gc.ca/rprts/contracts/200405/200405_3_13-eng.shtml,"National Parole Board","InGenius          Engineering               Inc.",C-2004-32,2004-10-19,"0472    - Information               technology consultants","2004-10-25 to           2005-05-30",,84310.65,"Informatics               Professional Services (IPS)"
http://www.npb-cnlc.gc.ca/rprts/contracts/200405/200405_3_14-eng.shtml,"National Parole Board","Svetlana               Ershov",C-2004-33,2004-10-20,"0472    - Information               technology consultants","2004-10-25 to           2005-05-30",,24075.00,
http://www.npb-cnlc.gc.ca/rprts/contracts/200405/200405_3_15-eng.shtml,"National Parole Board","Cygnos                     Corp               Inc.",C-2004-35,2004-10-22,"0472    - Information               technology consultants","2004-10-25 to           2005-05-30",,84744.00,"Informatics Professional Services (IPS)"
http://www.npb-cnlc.gc.ca/rprts/contracts/200405/200405_3_16-eng.shtml,"National Parole Board","InGenius          Engineering               Inc.",C-2004-34,2004-10-22,"0472    - Information               technology consultants","2004-10-25 to           2005-05-30",,84369.50,"Informatics               Professional Services (IPS)"
http://www.npb-cnlc.gc.ca/rprts/contracts/200405/200405_3_17-eng.shtml,"National Parole Board","Murray,           Nicholas          &amp;               Associates",C-2004-43,2004-11-05,"0491 -               Management consulting","2004-11-08 to           2005-03-31",,20062.50,
http://www.npb-cnlc.gc.ca/rprts/contracts/200405/200405_3_18-eng.shtml,"National Parole Board","Canon          Canada               Inc.",6A002-4-0544,2004-11-05,"0533 - Rental of machinery, office               furniture &amp;        fixtures and               other equipment","2004-12-01 to           2009-11-30",,20062.50,"Call-up Against a Standing Offer - EZ107-010003/001/VAN"
http://www.npb-cnlc.gc.ca/rprts/contracts/200405/200405_3_19-eng.shtml,"National Parole Board","Canon          Canada               Inc.",6A002-4-0543,2004-11-05,"0533 - Rental of machinery, office               furniture &amp;        fixtures and               other equipment","2004-12-01 to           2009-11-30",,19003.20,"Call-up Against a Standing Offer - EZ107-010003/001/VAN"
http://www.npb-cnlc.gc.ca/rprts/contracts/200405/200405_3_20-eng.shtml,"National Parole Board","Canon          Canada               Inc.",6A002-4-0542,2004-11-05,"0533 - Rental of machinery, office               furniture &amp;        fixtures and               other equipment","2004-12-01 to           2007-11-30",,17372.52,"Call-up Against a Standing Offer - EZ107-010003/001/VAN"
http://www.npb-cnlc.gc.ca/rprts/contracts/200405/200405_3_21-eng.shtml,"National Parole Board","Aztech               Consulting",C-2004-42,2004-11-05,"0472        - Information               technology consultants","2004-11-08 to           2005-06-30",,84936.60,"Informatics               Professional Services (IPS)"
http://www.npb-cnlc.gc.ca/rprts/contracts/200405/200405_3_22-eng.shtml,"National Parole Board","CMS HR                                Consultants               Inc.",6A002-4-0545,2004-11-08,"0813        - Temporary               help services","2004-11-15 to           2005-02-28",,40125.00,"Call-up Against a   Standing               Offer - E60ZG-010002/019/ZG"
http://www.npb-cnlc.gc.ca/rprts/contracts/200405/200405_3_23-eng.shtml,"National Parole Board","Jean-Jacques               Malette",C-2004-44,2004-11-17,"0491 -               Management consulting","2004-11-22 to           2005-02-28",,13642.50,
http://www.npb-cnlc.gc.ca/rprts/contracts/200405/200405_3_24-eng.shtml,"National Parole Board","Gartner Group                                                                 Canada               Co",6A002-4-0552,2004-11-24,"0472                                     - Information               technology consultants","2004-12-01 to           2005-01-31",,23540.00,"Call-up Against a Standing Offer - E60ZM-010002/001/ZM"
http://www.npb-cnlc.gc.ca/rprts/contracts/200405/200405_3_25-eng.shtml,"National Parole Board","Logic                                                                                                                                   2000               Inc.",6A002-4-0551,2004-11-24,"0813                                                                          - Temporary               help services","2004-12-13 to           2005-05-31",,52772.72,"Call-up Against a Standing Offer - EN537-8-4015/151-ZJ"
http://www.npb-cnlc.gc.ca/rprts/contracts/200405/200405_3_26-eng.shtml,"National Parole Board","LMB               Inc.",C-2004-30,2004-11-29,"0494 -               Translation services","2004-12-01 to           2005-02-28",,18443.59,"Traditional Competitive"
http://www.npb-cnlc.gc.ca/rprts/contracts/200405/200405_3_27-eng.shtml,"National Parole Board","Northern Brainwaves Consulting                                                                                                                                                                                                                                                                      Group               Inc.",C-2004-47,2004-12-03,"0472                                                                                                                                                    - Information               technology consultants","2004-12-03 to           2005-06-30",,83058.75,"Informatics Professional                   Services (IPS)"
http://www.npb-cnlc.gc.ca/rprts/contracts/200405/200405_3_28-eng.shtml,"National Parole Board","MSC Maplesoft                                                                                                                                                                                                                                                                      Consulting               Inc.",C-2004-46,2004-12-03,"0472                                                                                                                                                    - Information               technology consultants","2004-12-03 to           2005-06-30",,84931.25,"Informatics Professional                   Services (IPS)"
http://www.npb-cnlc.gc.ca/rprts/contracts/200405/200405_3_29-eng.shtml,"National Parole Board","BDL Conseillers                                                                                                                                                                                                                                                                      en               Administration",QUE-04-136,2004-12-14,"0491 -               Management consulting","2004-12-01 to           2005-03-31",,22042.00,
http://www.npb-cnlc.gc.ca/rprts/contracts/200405/200405_3_30-eng.shtml,"National Parole Board","Canon                                                                                                                                                                                                                                                                      Canada               Inc.",6A002-4-0556,2004-12-16,"0533 - Rental of machinery, office               furniture &amp;                                                                                                                                                                                                                                                                                                        fixtures and               other equipment","2004-12-01 to           2009-11-30",,21678.20,"Call-up Against a Standing Offer - EZ107-010003/001/VAN"
http://www.npb-cnlc.gc.ca/rprts/contracts/200405/200405_3_31-eng.shtml,"National Parole Board","Canon                                                                                                                                                                                                                                                                      Canada               Inc.",6A002-4-0555,2004-12-16,"0533 - Rental of machinery, office               furniture &amp;                                                                                                                                                                                                                                                                                                        fixtures and               other equipment","2005-01-01 to           2009-12-31",,21678.20,"Call-up Against a Standing Offer - EZ107-010003/001/VAN"
http://www.npb-cnlc.gc.ca/rprts/contracts/200405/200405_3_32-eng.shtml,"National Parole Board","Canon                                                                                                                                                                                                                                                                      Canada               Inc.",6A002-4-0554,2004-12-16,"0533 - Rental of machinery, office               furniture &amp;                                                                                                                                                                                                                                                                                                        fixtures and               other equipment","2004-12-01 to           2009-11-30",,55843.30,"Call-up Against a Standing Offer - EZ107-010003/001/VAN"
http://www.npb-cnlc.gc.ca/rprts/contracts/200405/200405_3_33-eng.shtml,"National Parole Board","FileNet                                                                                                                                                                                                                                                                      Canada               Inc.",6A002-4-0524,2004-12-24,"1228 -               Computer software","2003-11-01 to           2005-10-31",,43249.40,"PWGSC contract"
http://www.npb-cnlc.gc.ca/rprts/contracts/200405/200405_2_1-eng.shtml,"National Parole Board","Canadian Corps of Commissionaires",6A002-4-0508,2004-07-06,"0460 Protection Services","2004-04-01 to 2005-03-31",,41220.00,
http://www.npb-cnlc.gc.ca/rprts/contracts/200405/200405_2_2-eng.shtml,"National Parole Board","Itex               Inc.",6A002-4-0517,2004-07-06,"1226 - Computer Equipment",,2004-08-20,16944.52,
http://www.npb-cnlc.gc.ca/rprts/contracts/200405/200405_2_3-eng.shtml,"National Parole Board","Canadian Corps of Commissionaires",6A002-4-0510,2004-07-07,"0460 - Protection Services","2004-04-01 to 2005-03-31",,70689.02,
http://www.npb-cnlc.gc.ca/rprts/contracts/200405/200405_2_4-eng.shtml,"National Parole Board","Executive Software International",6A002-4-0515,2004-07-15,"1228 - Computer Software",,2004-07-19,11796.75,
http://www.npb-cnlc.gc.ca/rprts/contracts/200405/200405_2_5-eng.shtml,"National Parole Board","Daniel               Comanici",C-2004-12,2004-07-16,"0472 - Information Technology Consultant","2004-07-15 to 2004-11-30",,24999.00,
http://www.npb-cnlc.gc.ca/rprts/contracts/200405/200405_2_6-eng.shtml,"National Parole Board","Aztech               Consulting",C-2004-13,2004-07-21,"0491 - Management Consulting","2004-07-19 to 2005-05-31",,85000.00,
http://www.npb-cnlc.gc.ca/rprts/contracts/200405/200405_2_7-eng.shtml,"National Parole Board","Delta Ottawa Hotel &amp; Suites",C-2004-15,2004-07-21,"0511 - Rental of office buildings","2004-07-21 to 2004-11-30",,24866.80,
http://www.npb-cnlc.gc.ca/rprts/contracts/200405/200405_2_8-eng.shtml,"National Parole Board","Andrew               Richardson",C-2004-17,2004-07-29,"0472 - Information Technology Consultant","2004-08-30 to 2005-01-31",,24797.25,
http://www.npb-cnlc.gc.ca/rprts/contracts/200405/200405_2_9-eng.shtml,"National Parole Board","AEPOS               Technologies",C-2004-18,2004-08-13,"0472 - Information Technology Consultant","2004-08-16 to 2004-12-03",,34584.54,
http://www.npb-cnlc.gc.ca/rprts/contracts/200405/200405_2_10-eng.shtml,"National Parole Board","AEPOS Technologies",C-2004-19,2004-08-13,"0472 - Information Technology Consultant","2004-08-16 to 2004-12-03",,36234.48,
http://www.npb-cnlc.gc.ca/rprts/contracts/200405/200405_2_11-eng.shtml,"National Parole Board","AEPOS Technologies",C-2004-20,2004-08-13,"0472 - Information Technology Consultant","2004-08-16 to 2004-12-03",,29511.46,
http://www.npb-cnlc.gc.ca/rprts/contracts/200405/200405_2_12-eng.shtml,"National Parole Board","Peter               Blackmore",C-2004-22,2004-08-26,"0472 - Information Technology Consultant","2004-08-26 to 2004-12-31",,24610.00,
http://www.npb-cnlc.gc.ca/rprts/contracts/200405/200405_2_13-eng.shtml,"National Parole Board","Simcon Solutions Inc.",C-2004-23,2004-08-26,"0472 - Information Technology Consultant","2004-08-26 to 2004-12-31",,24610.00,
http://www.npb-cnlc.gc.ca/rprts/contracts/200405/200405_2_14-eng.shtml,"National Parole Board","MSC Maplesoft Consulting Inc.",C-2004-24,2004-09-07,"0472 - Information Technology Consultant","2004-09-07 to 2005-03-31",,84744.00,
http://www.npb-cnlc.gc.ca/rprts/contracts/200405/200405_2_15-eng.shtml,"National Parole Board",Documentum,6A002-4-0513,2004-09-14,"0499 - Other Professional Services not otherwise specified","2004-04-01 to 2005-03-31",,14767.50,
http://www.npb-cnlc.gc.ca/rprts/contracts/200405/200405_2_16-eng.shtml,"National Parole Board","Fairfield Consulting Group Inc.",C-2004-21,2004-09-23,"0499 - Other Professional Services not otherwise specified","2004-09-01 to 2004-12-17",,37985.00,
http://www.npb-cnlc.gc.ca/rprts/contracts/200405/200405_2_17-eng.shtml,"National Parole Board","Canadian Corp of Commissionaires",E60ZH-0-4001/00-1ZH,2004-09-30,"0460 - Commissionaire Services","2004-04-01 to 2005-03-31",,32403.62,
http://www.npb-cnlc.gc.ca/rprts/contracts/200405/200405_2_18-eng.shtml,"National Parole Board","Dr. Ralph Serin",C-2004-25,2004-09-24,"0499 - Other Professional Services not otherwise specified","2004-09-27 to 2005-03-31",,24342.50,
http://www.npb-cnlc.gc.ca/rprts/contracts/200405/200405_1_1-eng.shtml,"National Parole Board","Corps Can. Des commissionnaires",QUE-04-0001,2004-02-04,"0460 Protection Services","2004-04-01 to 2005-03-31",,44044.62,
http://www.npb-cnlc.gc.ca/rprts/contracts/200405/200405_1_2-eng.shtml,"National Parole Board","Aztech Consulting",C-2004-1,2004-03-14,"0472 Information Technology Consultant","2004-04-01 to 2005-01-31",,87954.00,
http://www.npb-cnlc.gc.ca/rprts/contracts/200405/200405_1_3-eng.shtml,"National Parole Board","George Isbister",Isbister,2004-03-25,"0859 Other business service not elsewhere specified","2004-04-01 to 2005-03-31",,18000.00,
http://www.npb-cnlc.gc.ca/rprts/contracts/200405/200405_1_4-eng.shtml,"National Parole Board","Donna Nixon",C-2004-5,2004-03-31,"0499 - Other Professional Services not otherwise specified","2004-04-01 to 2005-03-31",,24931.00,
http://www.npb-cnlc.gc.ca/rprts/contracts/200405/200405_1_5-eng.shtml,"National Parole Board","Bob Cardinal",PRA-C-04-0002,2004-04-01,"0859 Other business service not elsewhere specified","2004-04-01 to 2005-03-31",,36071.67,
http://www.npb-cnlc.gc.ca/rprts/contracts/200405/200405_1_6-eng.shtml,"National Parole Board","Roland Duquette",PRA-C-04-0003,2004-04-01,"0859 Other business service not elsewhere specified","2004-04-01 to 2005-03-31",,44271.17,
http://www.npb-cnlc.gc.ca/rprts/contracts/200405/200405_1_7-eng.shtml,"National Parole Board","Top Box Consulting",C-2004-4,2004-04-01,"0499 Other Professional Services not otherwise specified","2004-04-01 to 2005-03-31",,24985.00,
http://www.npb-cnlc.gc.ca/rprts/contracts/200405/200405_1_8-eng.shtml,"National Parole Board","Syst&egrave;mes Influatec",6A002-4-0511,2004-04-19,"0499 Other Professional Services not otherwise specified","2004-04-01 to 2005-03-31",,10272.00,
http://www.npb-cnlc.gc.ca/rprts/contracts/200405/200405_1_9-eng.shtml,"National Parole Board",FreeBalance,6A002-4-0512,2004-04-19,"0499 Other Professional Services not otherwise specified","2004-04-01 to 2005-03-31",,31648.00,
http://www.npb-cnlc.gc.ca/rprts/contracts/200405/200405_1_10-eng.shtml,"National Parole Board","Egl 2 Egl",6A005-4-00,2004-04-20,"0859 Other business service not elsewhere specified","2004-04-20 to 2005-03-30",,32200.00,
http://www.npb-cnlc.gc.ca/rprts/contracts/200405/200405_1_11-eng.shtml,"National Parole Board","Aztech Consulting",C-2004-3,2004-04-21,"0491 Management Consulting","2004-04-26 to 2005-01-31",,87954.00,
http://www.npb-cnlc.gc.ca/rprts/contracts/200405/200405_1_12-eng.shtml,"National Parole Board",IBM,C-2004-2,2004-05-18,"0472 Information Technology Consultant","2004-04-01 to 2004-06-30",,20813.80,
http://www.npb-cnlc.gc.ca/rprts/contracts/200405/200405_1_13-eng.shtml,"National Parole Board","Sue Kelly",C-2004-ONT-1,2004-05-26,"0859 Other business service not elsewhere specified","2004-04-01 to 2005-03-31",,25000.00,
http://www.npb-cnlc.gc.ca/rprts/contracts/200405/200405_1_14-eng.shtml,"National Parole Board","Derek Pitawanakwat",C-2004-ONT-2,2004-05-26,"0859 Other business service not elsewhere specified","2004-04-01 to 2005-03-31",,25000.00,
http://www.npb-cnlc.gc.ca/rprts/contracts/200405/200405_1_15-eng.shtml,"National Parole Board","Susan Rickard",C-2004-ONT-3,2004-05-26,"0859 Other business service not elsewhere specified","2004-04-01 to 2005-03-31",,25000.00,
http://www.npb-cnlc.gc.ca/rprts/contracts/200405/200405_1_16-eng.shtml,"National Parole Board","IBM Canada",C-2004-10,2004-06-30,"0472 Information Technology Consultant","2004-07-05 to 2004-09-30",,46224.00,
http://www.npb-cnlc.gc.ca/rprts/contracts/200405/200405_1_17-eng.shtml,"National Parole Board","Velma Orvis",PRA-C-04-0004,2004-04-01,"0859 Other business service not elsewhere specified","2004-04-01 to 2005-03-31",,14558.98,
http://www.npb-cnlc.gc.ca/rprts/contracts/200405/200405_1_18-eng.shtml,"National Parole Board","Michael David",PRA-C-04-005,2004-04-01,"0859 Other business service not elsewhere specified","2004-04-01 to 2005-03-31",,16564.02,
