http://www.fja.gc.ca/pd-dp/contracts-contrats/2008-2009_3/ctrt1-eng.html,"Office of the Commissioner for Federal Judicial Affairs","Estelle Cardin Tremblay",C2008-119,2008-10-01,"0444-Teachers and Instructors on contract","2008-10-01 to 2009-01-23",,32681.25,
http://www.fja.gc.ca/pd-dp/contracts-contrats/2008-2009_3/ctrt2-eng.html,"Office of the Commissioner for Federal Judicial Affairs","Les Productions Jean-Marc Levasseur",C2008-123,2008-10-10,"0444-Teachers and Instructors on contract","2008-10-10 to 2008-12-05",,15620.00,
http://www.fja.gc.ca/pd-dp/contracts-contrats/2008-2009_3/ctrt3-eng.html,"Office of the Commissioner for Federal Judicial Affairs","Peter Hogg",C2008-127,2008-10-20,"0491-Management Consulting","2008-10-20 to 2009-02-28",,14700.00,
http://www.fja.gc.ca/pd-dp/contracts-contrats/2008-2009_3/ctrt4-eng.html,"Office of the Commissioner for Federal Judicial Affairs","George Thomson",C2008-128,2008-10-10,"0491-Management Consulting","2008-10-20 to 2009-02-28",,14700.00,
http://www.fja.gc.ca/pd-dp/contracts-contrats/2008-2009_3/ctrt5-eng.html,"Office of the Commissioner for Federal Judicial Affairs","Daniel Jutras",C2008-129,2008-10-17,"0859-Other Business services not elsewhere specified","2008-10-20 to 2009-02-28",,14700.00,
http://www.fja.gc.ca/pd-dp/contracts-contrats/2008-2009_3/ctrt6-eng.html,"Office of the Commissioner for Federal Judicial Affairs","Peter Hadwen Consulting Inc",C2008-132,2008-10-29,"0491-Management Consulting","2008-10-29 to 2008-11-30",,10972.50,
http://www.fja.gc.ca/pd-dp/contracts-contrats/2008-2009_3/ctrt7-eng.html,"Office of the Commissioner for Federal Judicial Affairs","Jeanne Ruest",C2008-140,2008-11-20,"0859-Other Business services not elsewhere specified","2008-11-24 to 2009-03-31",,15750.00,
http://www.fja.gc.ca/pd-dp/contracts-contrats/2008-2009_3/ctrt8-eng.html,"Office of the Commissioner for Federal Judicial Affairs","Peter Hadwen Consulting Inc",C2008-144,2008-12-08,"0491-Management Consulting","2008-12-08 to 2009-01-31",,16170.00,
http://www.fja.gc.ca/pd-dp/contracts-contrats/2008-2009_3/ctrt9-eng.html,"Office of the Commissioner for Federal Judicial Affairs","Vasili Kosenko",C2008-145,2008-12-15,"0494-Translation services","2008-12-15 to 2009-03-31",,10500.00,
http://www.fja.gc.ca/pd-dp/contracts-contrats/2008-2009_3/ctrt10-eng.html,"Office of the Commissioner for Federal Judicial Affairs",Freebalance,4F001-08-220,2008-10-09,"0859-Other Business services not elsewhere specified",,,24990.00,
http://www.fja.gc.ca/pd-dp/contracts-contrats/2008-2009_3/ctrt11-eng.html,"Office of the Commissioner for Federal Judicial Affairs",Nisha,4F001-08-223,2008-11-05,"1226- Computer Equipment Large/Medium Mainframe",,,16808.40,
http://www.fja.gc.ca/pd-dp/contracts-contrats/2008-2009_3/ctrt12-eng.html,"Office of the Commissioner for Federal Judicial Affairs","Longo &amp; Associates",4F001-08-227,2008-12-08,"0491-Management Consulting",,,15750.00,
http://www.fja.gc.ca/pd-dp/contracts-contrats/2008-2009_2/ctrt1-eng.html,"Office of the Commissioner for Federal Judicial Affairs","Cygnos I.T. Security",C2008-081,2008-07-15,"0472-Information Technology Consultants","2008-07-15 to 2008-11-30",,38850.00,
http://www.fja.gc.ca/pd-dp/contracts-contrats/2008-2009_2/ctrt2-eng.html,"Office of the Commissioner for Federal Judicial Affairs","Jeanne Ruest",C2008-082,2008-07-09,"0859-Other Business services not elsewhere specified","2008-07-09 to 2008-09-30",,24990.00,
http://www.fja.gc.ca/pd-dp/contracts-contrats/2008-2009_2/ctrt3-eng.html,"Office of the Commissioner for Federal Judicial Affairs","Anita Clement Sanctuaire",C2008-083,2008-06-01,"0859-Other Business services not elsewhere specified","2008-06-01 to 2008-11-30",,15000.00,
http://www.fja.gc.ca/pd-dp/contracts-contrats/2008-2009_2/ctrt4-eng.html,"Office of the Commissioner for Federal Judicial Affairs","Carole Tiberi",C2008-110,2008-08-06,"0859-Other Business services not elsewhere specified","2008-08-11 to 2008-10-31",,18900.00,
http://www.fja.gc.ca/pd-dp/contracts-contrats/2008-2009_2/ctrt5-eng.html,"Office of the Commissioner for Federal Judicial Affairs","Estelle Cardin Tremblay",C2008-119,2008-09-29,"0444-Teachers and Instructors on contract","2008-09-29 to 2009-01-23",,32681.25,
http://www.fja.gc.ca/pd-dp/contracts-contrats/2008-2009_2/ctrt6-eng.html,"Office of the Commissioner for Federal Judicial Affairs",ArtBank,4F001-08-012,2008-03-31,"0570 - Rental - other",,,17115.00,"ommited from prior disclosure"
http://www.fja.gc.ca/pd-dp/contracts-contrats/2008-2009_2/ctrt7-eng.html,"Office of the Commissioner for Federal Judicial Affairs","Imprimerie Vincent",4F001-08-025,2008-07-23,"0321 - Printing Services",,,11198.25,
http://www.fja.gc.ca/pd-dp/contracts-contrats/2008-2009_2/ctrt8-eng.html,"Office of the Commissioner for Federal Judicial Affairs","C.L.A. Personnel",4F001-08-507,2008-07-23,"0813 -Temporary Help Services","2008-08-01 to 2009-03-31",,33787.00,
http://www.fja.gc.ca/pd-dp/contracts-contrats/2008-2009_2/ctrt9-eng.html,"Office of the Commissioner for Federal Judicial Affairs",OpenText,4F001-08-212,2008-09-12,"0670-Computer Equipment - Hardware and Software","2008-09-12 to 2008-11-30",,15369.21,
http://www.fja.gc.ca/pd-dp/contracts-contrats/2008-2009_1/ctrt1-eng.html,"Office of the Commissioner for Federal Judicial Affairs","Longo &amp; Associates",4F001-07-255,2008-04-01,"0491 - Management consulting","2008-04-01 to 2008-06-30",,18375.00,
http://www.fja.gc.ca/pd-dp/contracts-contrats/2008-2009_1/ctrt2-eng.html,"Office of the Commissioner for Federal Judicial Affairs","Trans-Script Enr",C2008-078,2008-04-01,"0494-Translation services","2008-04-01 to 2010-09-28",,61687.50,
http://www.fja.gc.ca/pd-dp/contracts-contrats/2008-2009_1/ctrt3-eng.html,"Office of the Commissioner for Federal Judicial Affairs","Veronique Adams",C2008-066,2008-04-01,"0859-Other Business services not elsewhere specified","2008-04-01 to 2009-03-31",,25000.00,
http://www.fja.gc.ca/pd-dp/contracts-contrats/2008-2009_1/ctrt4-eng.html,"Office of the Commissioner for Federal Judicial Affairs","Ecole de langues Glen",C2008-057,2008-04-01,"0444-Teachers and Instructors on contract","2008-04-01 to 2009-03-31",,10363.50,
http://www.fja.gc.ca/pd-dp/contracts-contrats/2008-2009_1/ctrt5-eng.html,"Office of the Commissioner for Federal Judicial Affairs","Janique Simard Ouellet",4F001-08-201,2008-05-01,"0491 - Management consulting","2008-05-01 to 2009-03-31",,24412.50,
http://www.fja.gc.ca/pd-dp/contracts-contrats/2008-2009_1/ctrt6-eng.html,"Office of the Commissioner for Federal Judicial Affairs","Ludmyla Chernyavska (US funds)",C2008-061,2008-05-01,"0859-Other Business services not elsewhere specified","2008-05-01 to 2009-03-31",,20000.00,
http://www.fja.gc.ca/pd-dp/contracts-contrats/2008-2009_1/ctrt7-eng.html,"Office of the Commissioner for Federal Judicial Affairs","Estelle Cardin Tremblay",C2008-063,2008-04-15,"0444-Teachers and Instructors on contract","2008-04-15 to 2008-07-18",,26460.00,
http://www.fja.gc.ca/pd-dp/contracts-contrats/2008-2009_1/ctrt8-eng.html,"Office of the Commissioner for Federal Judicial Affairs","Excel Human Resources",4F001-08-501,2008-04-16,"0813 - Temporary help services","2008-04-28 to 2008-08-01",,21330.00,
http://www.fja.gc.ca/pd-dp/contracts-contrats/2008-2009_1/ctrt9-eng.html,"Office of the Commissioner for Federal Judicial Affairs","Melissa Ipperciel",C0008-070A,2008-04-24,"0859-Other Business services not elsewhere specified","2008-04-24 to 2008-12-31",,10000.00,
http://www.fja.gc.ca/pd-dp/contracts-contrats/2008-2009_1/ctrt10-eng.html,"Office of the Commissioner for Federal Judicial Affairs","Dare H.R. Group",4F001-08-502,2008-04-30,"0813 - Temporary help services","2008-05-05 to 2008-08-01",,16625.00,
http://www.fja.gc.ca/pd-dp/contracts-contrats/2008-2009_1/ctrt11-eng.html,"Office of the Commissioner for Federal Judicial Affairs","C.L.A. Personal",4F001-08-503,2008-05-02,"0813 - Temporary help services","2008-05-02 to 2008-08-01",,15949.50,
http://www.fja.gc.ca/pd-dp/contracts-contrats/2008-2009_1/ctrt12-eng.html,"Office of the Commissioner for Federal Judicial Affairs","Delsec Inc.",4F001-08-204,2008-05-05,"0491 - Management consulting","2008-05-05 to 2009-03-31",,10500.00,
http://www.fja.gc.ca/pd-dp/contracts-contrats/2008-2009_1/ctrt13-eng.html,"Office of the Commissioner for Federal Judicial Affairs","Pentext Technical Inc.",C2008-068A,2008-05-12,"0859-Other Business services not elsewhere specified","2008-05-12 to 2008-06-27",,22050.00,
http://www.fja.gc.ca/pd-dp/contracts-contrats/2008-2009_1/ctrt14-eng.html,"Office of the Commissioner for Federal Judicial Affairs","Quantum Mgmt Services",4F001-08-504,2008-05-06,"0813 - Temporary help services","2008-05-07 to 2008-09-05",,14720.00,
http://www.fja.gc.ca/pd-dp/contracts-contrats/2008-2009_1/ctrt15-eng.html,"Office of the Commissioner for Federal Judicial Affairs","Gilmore reproductions",4F001-07-238,2008-06-01,"0321- Printing Services","2008-06-01 to 2011-06-01",,85000.00,
http://www.fja.gc.ca/pd-dp/contracts-contrats/2008-2009_1/ctrt16-eng.html,"Office of the Commissioner for Federal Judicial Affairs","Strategic Council",C2008-073A,2008-06-24,"0859-Other Business services not elsewhere specified","2008-04-01 to 2008-12-31",,24980.00,
http://www.fja.gc.ca/pd-dp/contracts-contrats/2008-2009_1/ctrt17-eng.html,"Office of the Commissioner for Federal Judicial Affairs","Les Productions Jean-Marc Levasseur",C2008-079,2008-06-30,"0444-Teachers and Instructors on contract","2008-06-30 to 2008-07-31",,10100.00,
http://www.fja.gc.ca/pd-dp/contracts-contrats/2007-2008_4/ctrt1-eng.html,"Office of the Commissioner for Federal Judicial Affairs","Christina Smith",C2008-002,2008-01-02,"0859-Other Business services not elsewhere specified","2008-01-02 to 2008-03-31",,10000.00,
http://www.fja.gc.ca/pd-dp/contracts-contrats/2007-2008_4/ctrt2-eng.html,"Office of the Commissioner for Federal Judicial Affairs","Richard Reade &amp; Associates",C2008-003,2008-01-03,"0859-Other Business services not elsewhere specified","2008-01-03 to 2008-03-31",,15330.00,
http://www.fja.gc.ca/pd-dp/contracts-contrats/2007-2008_4/ctrt3-eng.html,"Office of the Commissioner for Federal Judicial Affairs","Rose Cam Yan",C2008-007,2008-01-21,"0859-Other Business services not elsewhere specified","2008-01-21 to 2008-06-30",,14175.00,
http://www.fja.gc.ca/pd-dp/contracts-contrats/2007-2008_4/ctrt4-eng.html,"Office of the Commissioner for Federal Judicial Affairs",Selectrum,C2008-009,2008-01-11,"0499-Other Professional Services not Elsewhere Specified","2008-01-11 to 2011-10-31",,15542.10,
http://www.fja.gc.ca/pd-dp/contracts-contrats/2007-2008_4/ctrt5-eng.html,"Office of the Commissioner for Federal Judicial Affairs","Peter Hadwen Consultant",C2008-015,2008-02-01,"0859-Other Business services not elsewhere specified","2008-02-01 to 2008-03-31",,12705.00,
http://www.fja.gc.ca/pd-dp/contracts-contrats/2007-2008_4/ctrt6-eng.html,"Office of the Commissioner for Federal Judicial Affairs",Lexum,C2008-020,2008-02-22,"0859-Other Business services not elsewhere specified","2008-02-22 to 2008-03-31",,11576.25,
http://www.fja.gc.ca/pd-dp/contracts-contrats/2007-2008_4/ctrt7-eng.html,"Office of the Commissioner for Federal Judicial Affairs","Daniel Lamy",C2008-037,2008-03-31,"0444-Teachers and Instructors on contract","2008-04-01 to 2009-03-31",,13000.00,
http://www.fja.gc.ca/pd-dp/contracts-contrats/2007-2008_4/ctrt8-eng.html,"Office of the Commissioner for Federal Judicial Affairs","Ginette Bocage",C2008-039,2008-03-31,"0444-Teachers and Instructors on contract","2008-04-01 to 2009-03-31",,18220.00,
http://www.fja.gc.ca/pd-dp/contracts-contrats/2007-2008_4/ctrt9-eng.html,"Office of the Commissioner for Federal Judicial Affairs","&Eacute;cole la Cit&eacute;",C2008-041,2008-03-31,"0444-Teachers and Instructors on contract","2008-04-01 to 2009-03-31",,10160.00,
http://www.fja.gc.ca/pd-dp/contracts-contrats/2007-2008_4/ctrt10-eng.html,"Office of the Commissioner for Federal Judicial Affairs","&Eacute;cole Caron",C2008-042,2008-03-31,"0444-Teachers and Instructors on contract","2008-04-01 to 2009-03-31",,76125.00,
http://www.fja.gc.ca/pd-dp/contracts-contrats/2007-2008_4/ctrt11-eng.html,"Office of the Commissioner for Federal Judicial Affairs","Marie St Jean",C2008-42A,2008-03-31,"0444-Teachers and Instructors on contract","2008-04-01 to 2009-03-31",,15015.00,
http://www.fja.gc.ca/pd-dp/contracts-contrats/2007-2008_4/ctrt12-eng.html,"Office of the Commissioner for Federal Judicial Affairs","Andr&eacute;e Brunet",C2008-043,2008-03-31,"0444-Teachers and Instructors on contract","2008-04-01 to 2009-03-31",,14545.00,
http://www.fja.gc.ca/pd-dp/contracts-contrats/2007-2008_4/ctrt13-eng.html,"Office of the Commissioner for Federal Judicial Affairs","Louise Gagn&eacute;",C2008-044,2008-03-31,"0444-Teachers and Instructors on contract","2008-04-01 to 2009-03-31",,11550.00,
http://www.fja.gc.ca/pd-dp/contracts-contrats/2007-2008_4/ctrt14-eng.html,"Office of the Commissioner for Federal Judicial Affairs","Bibiane Roy",C2008-045,2008-03-31,"0444-Teachers and Instructors on contract","2008-04-01 to 2009-03-31",,11550.00,
http://www.fja.gc.ca/pd-dp/contracts-contrats/2007-2008_4/ctrt15-eng.html,"Office of the Commissioner for Federal Judicial Affairs","Olek Sandra Bararivk (US funds)",C2008-059,2008-03-31,"0859-Other Business services not elsewhere specified","2008-04-01 to 2008-03-31",,20000.00,
http://www.fja.gc.ca/pd-dp/contracts-contrats/2007-2008_4/ctrt16-eng.html,"Office of the Commissioner for Federal Judicial Affairs",Procom,"4F001 07 011",2008-02-04,"0813-Temporary Help Services","2008-02-04 to 2008-03-31",,25936.00,
http://www.fja.gc.ca/pd-dp/contracts-contrats/2007-2008_4/ctrt17-eng.html,"Office of the Commissioner for Federal Judicial Affairs",CIA,"4F001 07 012",2008-04-01,"0813-Temporary Help Services","2008-04-01 to 2009-01-31",,71267.16,
http://www.fja.gc.ca/pd-dp/contracts-contrats/2007-2008_4/ctrt18-eng.html,"Office of the Commissioner for Federal Judicial Affairs",Freebalance,"4F001 07 228",2008-01-15,"0859-Other Business services not elsewhere specified","2008-01-31 to 2008-03-31",,20370.00,
http://www.fja.gc.ca/pd-dp/contracts-contrats/2007-2008_4/ctrt19-eng.html,"Office of the Commissioner for Federal Judicial Affairs",Nisha,"4F001 07 245",2008-03-03,"1226-Computer Equipment",,,45202.50,
http://www.fja.gc.ca/pd-dp/contracts-contrats/2007-2008_4/ctrt20-eng.html,"Office of the Commissioner for Federal Judicial Affairs",Nisha,"4F001 07 247",2008-03-06,"1226-Computer Equipment",,,12705.00,
http://www.fja.gc.ca/pd-dp/contracts-contrats/2007-2008_4/ctrt21-eng.html,"Office of the Commissioner for Federal Judicial Affairs",Freebalance,"4F001 07 253",2008-03-31,"0670-Computer Equipment - Hardware and Software",,,22705.20,
http://www.fja.gc.ca/pd-dp/contracts-contrats/2007-2008_3/ctrt1-eng.html,"Office of the Commissioner for Federal Judicial Affairs","Veronique Adams",C2007-180,2007-04-01,"0859-Other Business services not elsewhere specified","2007-04-01 to 2008-03-31",,25000.00,"omitted from 1st quarter disclosure"
http://www.fja.gc.ca/pd-dp/contracts-contrats/2007-2008_3/ctrt2-eng.html,"Office of the Commissioner for Federal Judicial Affairs","Jeanne Ruest",C2007-163,2007-09-25,"0859-Other Business services not elsewhere specified","2007-09-25 to 2008-06-30",,84000.00,
http://www.fja.gc.ca/pd-dp/contracts-contrats/2007-2008_3/ctrt3-eng.html,"Office of the Commissioner for Federal Judicial Affairs","Bibiane Roy",C2007-166,2007-10-12,"0444-Teachers and Instructors on contract","2007-10-01 to 2008-03-31",,11660.00,
http://www.fja.gc.ca/pd-dp/contracts-contrats/2007-2008_3/ctrt4-eng.html,"Office of the Commissioner for Federal Judicial Affairs","Robert Half Technology",4F001-07-008,2007-10-09,"0813-Temporary Help Services","2007-10-09 to 2008-03-31",,37394.57,
http://www.fja.gc.ca/pd-dp/contracts-contrats/2007-2008_3/ctrt5-eng.html,"Office of the Commissioner for Federal Judicial Affairs","Softchoice Corporation",4F001-07-217,2007-10-30,1228-Software,,,21573.12,
http://www.fja.gc.ca/pd-dp/contracts-contrats/2007-2008_3/ctrt6-eng.html,"Office of the Commissioner for Federal Judicial Affairs","Bozz it",C2007-174,2007-10-30,"0859-Other Business services not elsewhere specified","2007-10-30 to 2008-03-31",,15900.00,
http://www.fja.gc.ca/pd-dp/contracts-contrats/2007-2008_3/ctrt7-eng.html,"Office of the Commissioner for Federal Judicial Affairs","Cossette Communications",4F001-07-218,2007-11-01,"0301-Advertising Services",,,84117.79,
http://www.fja.gc.ca/pd-dp/contracts-contrats/2007-2008_3/ctrt8-eng.html,"Office of the Commissioner for Federal Judicial Affairs",Telus,4F001-07-222,2007-11-08,"0220-Telephone and Other Voice Services","2007-11-08 to 2010-03-31",,10000.00,
http://www.fja.gc.ca/pd-dp/contracts-contrats/2007-2008_3/ctrt9-eng.html,"Office of the Commissioner for Federal Judicial Affairs","Kate wilson",C2007-178,2007-12-14,"0859-Other Business services not elsewhere specified","2007-12-14 to 2008-05-30",,25000.00,
http://www.fja.gc.ca/pd-dp/contracts-contrats/2007-2008_3/ctrt10-eng.html,"Office of the Commissioner for Federal Judicial Affairs",Procom,4F001-07-009,2007-12-03,"0494-Translation services","2007-12-03 to 2008-02-29",,56608.00,
http://www.fja.gc.ca/pd-dp/contracts-contrats/2007-2008_3/ctrt11-eng.html,"Office of the Commissioner for Federal Judicial Affairs","Centre de formation Caron",C2007-185,2007-12-03,"0444-Teachers and Instructors on contract","2007-12-03 to 2008-03-31",,25000.00,
http://www.fja.gc.ca/pd-dp/contracts-contrats/2007-2008_2/ctrt1-eng.html,"Office of the Commissioner for Federal Judicial Affairs","Centre de formation linguistique Caron",C2007-111,2007-07-05,"0444-Teachers and Instructors on contract","2007-07-05 to 2007-11-07",,20776.00,
http://www.fja.gc.ca/pd-dp/contracts-contrats/2007-2008_2/ctrt2-eng.html,"Office of the Commissioner for Federal Judicial Affairs","Coradix Technology Consulting Ltd.",4F001-07-005,2007-07-16,"0813-Temporary Help Services","2007-07-18 to 2007-08-28",,21600.00,
http://www.fja.gc.ca/pd-dp/contracts-contrats/2007-2008_2/ctrt3-eng.html,"Office of the Commissioner for Federal Judicial Affairs","Delsec Inc.",C2007-135,2007-07-23,"0491-Management Consulting","2007-07-23 to 2008-01-23",,10600.00,
http://www.fja.gc.ca/pd-dp/contracts-contrats/2007-2008_2/ctrt4-eng.html,"Office of the Commissioner for Federal Judicial Affairs","Gilmore reproductions",4F001-7-212,2007-09-14,"0321-Printing services","2007-09-12 to 2010-08-31",,210000.00,
http://www.fja.gc.ca/pd-dp/contracts-contrats/2007-2008_2/ctrt5-eng.html,"Office of the Commissioner for Federal Judicial Affairs","Traduction Jos&eacute;e Pelletier",C2007-156,2007-09-29,"0494-Translation services","2007-09-29 to 2008-09-28",,53000.00,
http://www.fja.gc.ca/pd-dp/contracts-contrats/2007-2008_2/ctrt6-eng.html,"Office of the Commissioner for Federal Judicial Affairs","Traduction Tessier",C2007-157,2007-09-29,"0494-Translation services","2007-09-29 to 2008-09-28",,63600.00,
http://www.fja.gc.ca/pd-dp/contracts-contrats/2007-2008_2/ctrt7-eng.html,"Office of the Commissioner for Federal Judicial Affairs","Traduction AMC",C2007-158,2007-09-29,"0494-Translation services","2007-09-29 to 2008-09-28",,37100.00,
http://www.fja.gc.ca/pd-dp/contracts-contrats/2007-2008_2/ctrt8-eng.html,"Office of the Commissioner for Federal Judicial Affairs","David McConnell",C2007-159,2007-09-29,"0494-Translation services","2007-09-29 to 2008-09-28",,10600.00,
http://www.fja.gc.ca/pd-dp/contracts-contrats/2007-2008_2/ctrt9-eng.html,"Office of the Commissioner for Federal Judicial Affairs",Lexitech,C2007-160,2007-09-29,"0494-Translation services","2007-09-29 to 2008-09-28",,15900.00,
http://www.fja.gc.ca/pd-dp/contracts-contrats/2007-2008_2/ctrt10-eng.html,"Office of the Commissioner for Federal Judicial Affairs","Open Text Corporation",C2007-162,2007-10-01,"0859-Other Business services not elsewhere specified","2007-10-01 to 2008-03-31",,26500.00,
http://www.fja.gc.ca/pd-dp/contracts-contrats/2007-2008_1/ctrt1-eng.html,"Office of the Commissioner for Federal Judicial Affairs","Traductions Tessier Inc.",C2006-123,2006-10-02,"0494-Translation services","2006-10-02 to 2010-09-28",,63600.00,"omitted from prior disclosure"
http://www.fja.gc.ca/pd-dp/contracts-contrats/2007-2008_1/ctrt2-eng.html,"Office of the Commissioner for Federal Judicial Affairs",Lexitech,C2006-124,2006-10-02,"0494-Translation services","2006-10-02 to 2010-09-28",,15900.00,"omitted from prior disclosure"
http://www.fja.gc.ca/pd-dp/contracts-contrats/2007-2008_1/ctrt3-eng.html,"Office of the Commissioner for Federal Judicial Affairs","David McConnell",C2006-125,2006-10-02,"0494-Translation services","2006-10-02 to 2010-09-28",,10600.00,"omitted from prior disclosure"
http://www.fja.gc.ca/pd-dp/contracts-contrats/2007-2008_1/ctrt4-eng.html,"Office of the Commissioner for Federal Judicial Affairs","Traductions AMC",C2006-126,2006-10-02,"0494-Translation services","2006-10-02 to 2010-09-28",,37100.00,"omitted from prior disclosure"
http://www.fja.gc.ca/pd-dp/contracts-contrats/2007-2008_1/ctrt5-eng.html,"Office of the Commissioner for Federal Judicial Affairs","Transcript enr.",C2006-127,2006-10-02,"0494-Translation services","2006-10-02 to 2010-09-28",,10600.00,"omitted from prior disclosure"
http://www.fja.gc.ca/pd-dp/contracts-contrats/2007-2008_1/ctrt6-eng.html,"Office of the Commissioner for Federal Judicial Affairs","Traductions Jos&eacute;e Pelletier inc.",C2006-128,2006-10-02,"0494-Translation services","2006-10-02 to 2010-09-28",,53000.00,"omitted from prior disclosure"
http://www.fja.gc.ca/pd-dp/contracts-contrats/2007-2008_1/ctrt7-eng.html,"Office of the Commissioner for Federal Judicial Affairs","Alena Boudarina",C2007-089,2007-04-01,"0859-Other Business services not elsewhere specified","2007-04-01 to 2010-03-31",,100000.00,
http://www.fja.gc.ca/pd-dp/contracts-contrats/2007-2008_1/ctrt8-eng.html,"Office of the Commissioner for Federal Judicial Affairs","Don Rose Consulting",C2007-090,2007-04-01,"0491-Management Consulting","2007-04-01 to 2010-03-31",,100000.00,
http://www.fja.gc.ca/pd-dp/contracts-contrats/2007-2008_1/ctrt9-eng.html,"Office of the Commissioner for Federal Judicial Affairs","Pamela Ryder-Lahey",C2007-091,2007-04-01,"0491-Management Consulting","2007-04-01 to 2010-03-31",,100000.00,
http://www.fja.gc.ca/pd-dp/contracts-contrats/2007-2008_1/ctrt10-eng.html,"Office of the Commissioner for Federal Judicial Affairs","Stewart Gooding",C2007-092,2007-04-01,"0491-Management Consulting","2007-04-01 to 2010-03-31",,100000.00,
http://www.fja.gc.ca/pd-dp/contracts-contrats/2007-2008_1/ctrt11-eng.html,"Office of the Commissioner for Federal Judicial Affairs","Stewart Gooding",C2007-093,2007-04-01,"0491-Management Consulting","2007-04-01 to 2010-03-31",,30000.00,
http://www.fja.gc.ca/pd-dp/contracts-contrats/2007-2008_1/ctrt12-eng.html,"Office of the Commissioner for Federal Judicial Affairs","Galia Gaskarova",C2007-094,2007-04-01,"0859-Other Business services not elsewhere specified","2007-04-01 to 2010-03-31",,150000.00,
http://www.fja.gc.ca/pd-dp/contracts-contrats/2007-2008_1/ctrt13-eng.html,"Office of the Commissioner for Federal Judicial Affairs","Marie Burgher",C2007-095,2007-04-01,"0859-Other Business services not elsewhere specified","2007-04-01 to 2010-03-31",,150000.00,
http://www.fja.gc.ca/pd-dp/contracts-contrats/2007-2008_1/ctrt14-eng.html,"Office of the Commissioner for Federal Judicial Affairs","BITech Consulting",C2007-096,2007-04-01,"0493-Interpretation services","2007-04-01 to 2010-03-31",,50000.00,
http://www.fja.gc.ca/pd-dp/contracts-contrats/2007-2008_1/ctrt15-eng.html,"Office of the Commissioner for Federal Judicial Affairs","BITech Consulting",C2007-097,2007-04-01,"0494-Translation services","2007-04-01 to 2010-03-31",,30000.00,
http://www.fja.gc.ca/pd-dp/contracts-contrats/2007-2008_1/ctrt16-eng.html,"Office of the Commissioner for Federal Judicial Affairs","Petro Pogrebennyk",C2007-098,2007-04-01,"0491-Management Consulting","2007-04-01 to 2010-03-31",,150000.00,
http://www.fja.gc.ca/pd-dp/contracts-contrats/2007-2008_1/ctrt17-eng.html,"Office of the Commissioner for Federal Judicial Affairs","Bakhyt Kenjeev",C2007-099,2007-04-01,"0494-Translation services","2007-04-01 to 2010-03-31",,50000.00,
http://www.fja.gc.ca/pd-dp/contracts-contrats/2007-2008_1/ctrt18-eng.html,"Office of the Commissioner for Federal Judicial Affairs","O. Baraniuk",C2007-074,2007-04-01,"0491-Management Consulting","2007-04-01 to 2010-03-31",,20000.00,
http://www.fja.gc.ca/pd-dp/contracts-contrats/2007-2008_1/ctrt19-eng.html,"Office of the Commissioner for Federal Judicial Affairs","Pamela Ryder-Lahey",C2007-075,2007-04-01,"0491-Management Consulting","2007-04-01 to 2010-03-31",,100000.00,
http://www.fja.gc.ca/pd-dp/contracts-contrats/2007-2008_1/ctrt20-eng.html,"Office of the Commissioner for Federal Judicial Affairs","Alexi Trochev",C2007-076,2007-04-01,"0491-Management Consulting","2007-04-01 to 2010-03-31",,100000.00,
http://www.fja.gc.ca/pd-dp/contracts-contrats/2007-2008_1/ctrt21-eng.html,"Office of the Commissioner for Federal Judicial Affairs","Bakhyt Kenjeev",C2007-077,2007-04-01,"0494-Translation services","2007-04-01 to 2010-03-31",,30000.00,
http://www.fja.gc.ca/pd-dp/contracts-contrats/2007-2008_1/ctrt22-eng.html,"Office of the Commissioner for Federal Judicial Affairs","Peter Solomon",C2007-078,2007-04-01,"0491-Management Consulting","2007-04-01 to 2010-03-31",,250000.00,
http://www.fja.gc.ca/pd-dp/contracts-contrats/2007-2008_1/ctrt23-eng.html,"Office of the Commissioner for Federal Judicial Affairs",Transcript,C2007-082,2007-04-01,"0494-Translation services","2007-04-01 to 2008-03-31",,21200.00,
http://www.fja.gc.ca/pd-dp/contracts-contrats/2007-2008_1/ctrt24-eng.html,"Office of the Commissioner for Federal Judicial Affairs","&Eacute;cole de langue Glynn",C2007-083,2007-04-01,"0444-Teachers and Instructors on contract","2007-04-01 to 2008-03-31",,16700.00,
http://www.fja.gc.ca/pd-dp/contracts-contrats/2007-2008_1/ctrt25-eng.html,"Office of the Commissioner for Federal Judicial Affairs","Andr&eacute;e B&eacute;langer-Roy",C2007-063,2007-04-01,"0444-Teachers and Instructors on contract","2007-04-01 to 2008-03-31",,13753.50,
http://www.fja.gc.ca/pd-dp/contracts-contrats/2007-2008_1/ctrt26-eng.html,"Office of the Commissioner for Federal Judicial Affairs","Ginette Bocage",C2007-064,2007-04-01,"0444-Teachers and Instructors on contract","2007-04-01 to 2008-03-31",,24250.00,
http://www.fja.gc.ca/pd-dp/contracts-contrats/2007-2008_1/ctrt27-eng.html,"Office of the Commissioner for Federal Judicial Affairs","&Eacute;cole de langue la Cit&eacute;","C2007- 065",2007-04-01,"0444-Teachers and Instructors on contract","2007-04-01 to 2008-03-31",,13515.00,
http://www.fja.gc.ca/pd-dp/contracts-contrats/2007-2008_1/ctrt28-eng.html,"Office of the Commissioner for Federal Judicial Affairs","Andr&eacute;e Brunet",C2007-066,2007-04-01,"0444-Teachers and Instructors on contract","2007-04-01 to 2008-03-31",,20800.00,
http://www.fja.gc.ca/pd-dp/contracts-contrats/2007-2008_1/ctrt29-eng.html,"Office of the Commissioner for Federal Judicial Affairs","Centre de formation professionnelle et linguistique Caron Lt&eacute;e",C2007-072,2007-04-01,"0444-Teachers and Instructors on contract","2007-04-01 to 2007-06-29",,24000.00,
http://www.fja.gc.ca/pd-dp/contracts-contrats/2007-2008_1/ctrt30-eng.html,"Office of the Commissioner for Federal Judicial Affairs","Conseillers en Informatiques-CIA",4F001-07-001,2007-05-15,"0813-Temporary Help Services","2007-05-15 to 2007-07-27",,23000.00,
http://www.fja.gc.ca/pd-dp/contracts-contrats/2007-2008_1/ctrt31-eng.html,"Office of the Commissioner for Federal Judicial Affairs","Turpin Consultants",C2007-100,2007-05-22,"0491-Management Consulting","2007-05-22 to 2007-07-13",,25000.00,
http://www.fja.gc.ca/pd-dp/contracts-contrats/2007-2008_1/ctrt32-eng.html,"Office of the Commissioner for Federal Judicial Affairs","Longo &amp; Associates",4F001-07-204,2007-05-24,"0491-Management Consulting","2007-05-24 to 2008-03-31",,23150.00,
http://www.fja.gc.ca/pd-dp/contracts-contrats/2007-2008_1/ctrt33-eng.html,"Office of the Commissioner for Federal Judicial Affairs","Conseillers en Informatiques-CIA",4F001-07-003,2007-06-18,"0813-Temporary Help Services","2007-06-18 to 2008-03-31",,72769.00,
http://www.fja.gc.ca/pd-dp/contracts-contrats/2007-2008_1/ctrt34-eng.html,"Office of the Commissioner for Federal Judicial Affairs",Excel,4F001-07-002,2007-06-04,"0813-Temporary Help Services","2007-06-04 to 2007-08-31",,16825.38,
http://www.fja.gc.ca/pd-dp/contracts-contrats/2007-2008_1/ctrt35-eng.html,"Office of the Commissioner for Federal Judicial Affairs",Ajilon,4F001-07-004,2007-05-29,"0813-Temporary Help Services","2007-07-23 to 2008-01-31",,65999.84,
http://www.fja.gc.ca/pd-dp/contracts-contrats/2006-2007_4/ctrt1-eng.html,"Office of the Commissioner for Federal Judicial Affairs",Softchoice,4F001-06-234,2006-12-29,"0670-Computer Equipment - Hardware and Software","2006-09-26 to 2008-09-25",,13985.48,
http://www.fja.gc.ca/pd-dp/contracts-contrats/2006-2007_4/ctrt2-eng.html,"Office of the Commissioner for Federal Judicial Affairs",Cognos,4F001-06-236,2007-01-04,"0670-Computer Equipment - Hardware and Software","2007-01-31 to 2008-03-31",,10669.06,
http://www.fja.gc.ca/pd-dp/contracts-contrats/2006-2007_4/ctrt3-eng.html,"Office of the Commissioner for Federal Judicial Affairs","Galia Gaskarova",C2007-009,2007-02-23,"0859-Other Business Services not Elsewhere Specified","2007-02-23 to 2007-03-09",,16500.00,
http://www.fja.gc.ca/pd-dp/contracts-contrats/2006-2007_4/ctrt4-eng.html,"Office of the Commissioner for Federal Judicial Affairs","Universit&eacute; d&#39;Ottawa",C2007-010,2007-01-08,"0859-Other Business Services not Elsewhere Specified","2007-01-08 to 2007-05-30",,25000.00,
http://www.fja.gc.ca/pd-dp/contracts-contrats/2006-2007_4/ctrt5-eng.html,"Office of the Commissioner for Federal Judicial Affairs",Excel,4F001-2006-017,2007-01-10,"0813 - Temporary help services","2007-01-10 to 2007-03-31",,12430.56,
http://www.fja.gc.ca/pd-dp/contracts-contrats/2006-2007_4/ctrt6-eng.html,"Office of the Commissioner for Federal Judicial Affairs",Larus,4F001-2006-019,2007-01-31,"0813 - Temporary help services","2007-01-31 to 2007-03-31",,25200.00,
http://www.fja.gc.ca/pd-dp/contracts-contrats/2006-2007_4/ctrt7-eng.html,"Office of the Commissioner for Federal Judicial Affairs","Robert Half",4F001-2006-020,2007-02-06,"0813 - Temporary help services","2007-02-06 to 2007-05-03",,11025.00,
http://www.fja.gc.ca/pd-dp/contracts-contrats/2006-2007_4/ctrt8-eng.html,"Office of the Commissioner for Federal Judicial Affairs",Cygnos,C2007-016,2007-02-05,"0472-Information Technology Consultants","2007-02-05 to 2007-03-31",,22260.00,
http://www.fja.gc.ca/pd-dp/contracts-contrats/2006-2007_4/ctrt9-eng.html,"Office of the Commissioner for Federal Judicial Affairs","Rose Cam Yan",C2007-022,2007-02-05,"0859-Other Business Services not Elsewhere Specified","2007-02-07 to 2007-06-30",,11448.00,
http://www.fja.gc.ca/pd-dp/contracts-contrats/2006-2007_4/ctrt10-eng.html,"Office of the Commissioner for Federal Judicial Affairs","FreeBalance Inc.",4F001-06-250,2007-02-08,"0859-Other Business Services not Elsewhere Specified","2007-04-01 to 2008-03-31",,19610.00,
http://www.fja.gc.ca/pd-dp/contracts-contrats/2006-2007_4/ctrt11-eng.html,"Office of the Commissioner for Federal Judicial Affairs","Graphic Plus",C2007-029,2007-02-23,"0472-Information Technology Consultants","2007-02-23 to 2007-03-30",,24614.75,
http://www.fja.gc.ca/pd-dp/contracts-contrats/2006-2007_4/ctrt12-eng.html,"Office of the Commissioner for Federal Judicial Affairs","Arnega Network Solutions",C2007-030,2007-02-23,"0472-Information Technology Consultants","2007-03-19 to 2007-06-29",,24777.50,
http://www.fja.gc.ca/pd-dp/contracts-contrats/2006-2007_4/ctrt13-eng.html,"Office of the Commissioner for Federal Judicial Affairs",Nisha,4F001-06-254,2007-02-23,"1226-Computer Equipment",,,15842.76,
http://www.fja.gc.ca/pd-dp/contracts-contrats/2006-2007_4/ctrt14-eng.html,"Office of the Commissioner for Federal Judicial Affairs",Nisha,4F001-06-256,2007-02-23,"1226-Computer Equipment",,,20818.40,
http://www.fja.gc.ca/pd-dp/contracts-contrats/2006-2007_4/ctrt15-eng.html,"Office of the Commissioner for Federal Judicial Affairs",Softchoice,4F001-06-259,2007-03-02,"1226-Computer Equipment",,,31780.92,
http://www.fja.gc.ca/pd-dp/contracts-contrats/2006-2007_4/ctrt16-eng.html,"Office of the Commissioner for Federal Judicial Affairs",Softchoice,4F001-06-260,2007-03-02,"1228- Software",,,10763.24,
http://www.fja.gc.ca/pd-dp/contracts-contrats/2006-2007_4/ctrt17-eng.html,"Office of the Commissioner for Federal Judicial Affairs",Nisha,4F001-06-263,2007-03-02,"1226-Computer Equipment",,,24835.90,
http://www.fja.gc.ca/pd-dp/contracts-contrats/2006-2007_4/ctrt18-eng.html,"Office of the Commissioner for Federal Judicial Affairs","Peter Hadwen Consulting Inc.",C2007-035,2007-03-06,"0859-Other Business Services not Elsewhere Specified","2007-03-06 to 2007-05-31",,11130.00,
http://www.fja.gc.ca/pd-dp/contracts-contrats/2006-2007_3/ctrt1-eng.html,"Office of the Commissioner for Federal Judicial Affairs","Perseus Canada",4F001-6-0215,2006-08-31,"1228- Software",,,10801.42,
http://www.fja.gc.ca/pd-dp/contracts-contrats/2006-2007_3/ctrt2-eng.html,"Office of the Commissioner for Federal Judicial Affairs",Nisha,4F001-6-0216,2006-09-29,"1226- Computer Equipment Large/Medium Mainframe",,,14840.00,
http://www.fja.gc.ca/pd-dp/contracts-contrats/2006-2007_3/ctrt3-eng.html,"Office of the Commissioner for Federal Judicial Affairs","V&eacute;ronique Adams",C2006-169,2006-10-01,"0859-Other Business Services not Elsewhere Specified","2006-10-01 to 2007-03-31",,18000.00,
http://www.fja.gc.ca/pd-dp/contracts-contrats/2006-2007_3/ctrt4-eng.html,"Office of the Commissioner for Federal Judicial Affairs","Excel Human Resources",4F001/2006/014,2006-10-23,"0813 - Temporary help services","2006-10-25 to 2007-01-26",,15188.00,
http://www.fja.gc.ca/pd-dp/contracts-contrats/2006-2007_3/ctrt5-eng.html,"Office of the Commissioner for Federal Judicial Affairs","Pamela Rider-Lahey",C2006-154,2006-11-01,"0491- Management consulting","2006-11-01 to 2007-01-01",,15600.00,
http://www.fja.gc.ca/pd-dp/contracts-contrats/2006-2007_3/ctrt6-eng.html,"Office of the Commissioner for Federal Judicial Affairs","Petro Pogrebennyk",C2006-195,2006-11-16,"0491- Management consulting","2006-11-16 to 2007-03-31",,12000.00,
http://www.fja.gc.ca/pd-dp/contracts-contrats/2006-2007_3/ctrt7-eng.html,"Office of the Commissioner for Federal Judicial Affairs","Centre de formation professionnelle et linguistique Caron Lt&eacute;e",C2006-168,2006-12-01,"0444-Teachers and Instructors on Contract","2006-12-01 to 2007-03-30",,24500.00,
http://www.fja.gc.ca/pd-dp/contracts-contrats/2006-2007_3/ctrt8-eng.html,"Office of the Commissioner for Federal Judicial Affairs",Delsec,4F001-06-227,2006-12-05,"0491- Management consulting",,,10070.00,
http://www.fja.gc.ca/pd-dp/contracts-contrats/2006-2007_3/ctrt9-eng.html,"Office of the Commissioner for Federal Judicial Affairs","Marie Burgher",C2006-196,2006-12-18,"0859-Other Business Services not Elsewhere Specified","2006-12-18 to 2007-03-31",,12000.00,
http://www.fja.gc.ca/pd-dp/contracts-contrats/2006-2007_3/ctrt10-eng.html,"Office of the Commissioner for Federal Judicial Affairs",Nisha,4F001-06-228,2006-12-18,"1226- Computer Equipment Large/Medium Mainframe",,,15073.20,
http://www.fja.gc.ca/pd-dp/contracts-contrats/2006-2007_3/ctrt11-eng.html,"Office of the Commissioner for Federal Judicial Affairs",Nisha,4F001-06-232,2006-12-20,"1226- Computer Equipment Large/Medium Mainframe",,,26321.92,
http://www.fja.gc.ca/pd-dp/contracts-contrats/2006-2007_2/ctrt1-eng.html,"Office of the Commissioner for Federal Judicial Affairs","QMR Staffing Solutions Inc.",C2006-116,2006-07-25,"0859-Other Business Services not Elsewhere Specified","2006-07-25 to 2006-09-30",,24989.50,
http://www.fja.gc.ca/pd-dp/contracts-contrats/2006-2007_2/ctrt2-eng.html,"Office of the Commissioner for Federal Judicial Affairs","Bozz it Consulting Inc.",C2006-118,2006-08-21,"0859-Other Business Services not Elsewhere Specified","2006-08-21 to 2007-03-31",,15000.00,
http://www.fja.gc.ca/pd-dp/contracts-contrats/2006-2007_2/ctrt3-eng.html,"Office of the Commissioner for Federal Judicial Affairs","Petro Pogrebennyk",C2006-117,2006-08-15,"0491- Management consulting","2006-08-15 to 2006-11-15",,20160.00,
http://www.fja.gc.ca/pd-dp/contracts-contrats/2006-2007_2/ctrt4-eng.html,"Office of the Commissioner for Federal Judicial Affairs","Pamela Ryder-Lahey",C2006-119,2006-09-18,"0859-Other Business Services not Elsewhere Specified","2006-09-18 to 2006-09-26",,12000.00,
http://www.fja.gc.ca/pd-dp/contracts-contrats/2006-2007_2/ctrt5-eng.html,"Office of the Commissioner for Federal Judicial Affairs","Stewart Goodings",C2006-148,2006-09-01,"0491- Management consulting","2006-09-01 to 2006-09-30",,10000.00,
http://www.fja.gc.ca/pd-dp/contracts-contrats/2006-2007_2/ctrt6-eng.html,"Office of the Commissioner for Federal Judicial Affairs","Harrington Staffing Services",4F001/2006-03,2006-04-03,"0813 - Temporary help services","2006-04-03 to 2006-06-30",,11692.43,
http://www.fja.gc.ca/pd-dp/contracts-contrats/2006-2007_2/ctrt7-eng.html,"Office of the Commissioner for Federal Judicial Affairs","Conseillers en Informatique - C. I. A.",4F001/2006-04,2006-04-03,"0813 - Temporary help services","2006-04-03 to 2006-06-30",,18245.16,
http://www.fja.gc.ca/pd-dp/contracts-contrats/2006-2007_2/ctrt8-eng.html,"Office of the Commissioner for Federal Judicial Affairs","Conseillers en Informatique - C. I. A.",4F001/2006-05,2006-04-03,"0813 - Temporary help services","2006-04-03 to 2006-06-30",,18245.16,
http://www.fja.gc.ca/pd-dp/contracts-contrats/2006-2007_2/ctrt9-eng.html,"Office of the Commissioner for Federal Judicial Affairs","Conseillers en Informatique - C. I. A.",4F001/2006-012,2006-08-30,"0813 - Temporary help services","2006-08-30 to 2006-11-30",,16445.69,
http://www.fja.gc.ca/pd-dp/contracts-contrats/2006-2007_1/ctrt1-eng.html,"Office of the Commissioner for Federal Judicial Affairs","Brunet, Andr&eacute;e",C2006-061,2006-04-01,"0444-Teachers and Instructors on Contract","2006-04-01 to 2007-03-31",,24250.00,
http://www.fja.gc.ca/pd-dp/contracts-contrats/2006-2007_1/ctrt2-eng.html,"Office of the Commissioner for Federal Judicial Affairs","B&eacute;langer-Roy, Andr&eacute;e",C2006-064,2006-04-01,"0444-Teachers and Instructors on Contract","2006-04-01 to 2007-03-31",,20775.00,
http://www.fja.gc.ca/pd-dp/contracts-contrats/2006-2007_1/ctrt3-eng.html,"Office of the Commissioner for Federal Judicial Affairs","Textel Plus",C2006-065,2006-04-01,"0494-Translation services","2006-04-01 to 2007-03-31",,15000.00,
http://www.fja.gc.ca/pd-dp/contracts-contrats/2006-2007_1/ctrt4-eng.html,"Office of the Commissioner for Federal Judicial Affairs","University of Regina",C2006-071,2006-04-01,"0444-Teachers and Instructors on Contract","2006-04-01 to 2007-03-31",,15015.00,
http://www.fja.gc.ca/pd-dp/contracts-contrats/2006-2007_1/ctrt5-eng.html,"Office of the Commissioner for Federal Judicial Affairs","Helene Hill Dupras",C2006-072,2006-04-01,"0444-Teachers and Instructors on Contract","2006-04-01 to 2007-03-31",,15750.00,
http://www.fja.gc.ca/pd-dp/contracts-contrats/2006-2007_1/ctrt6-eng.html,"Office of the Commissioner for Federal Judicial Affairs","Caron Ltd.",C2006-073,2006-04-01,"0444-Teachers and Instructors on Contract","2006-04-01 to 2007-03-31",,24500.00,
http://www.fja.gc.ca/pd-dp/contracts-contrats/2006-2007_1/ctrt7-eng.html,"Office of the Commissioner for Federal Judicial Affairs","Ginette Bocage",C2006-074,2006-04-01,"0444-Teachers and Instructors on Contract","2006-04-01 to 2007-03-31",,24250.00,
http://www.fja.gc.ca/pd-dp/contracts-contrats/2006-2007_1/ctrt8-eng.html,"Office of the Commissioner for Federal Judicial Affairs","Ecole de Langue Glynn",C2006-075,2006-04-01,"0444-Teachers and Instructors on Contract","2006-04-01 to 2007-03-31",,19980.00,
http://www.fja.gc.ca/pd-dp/contracts-contrats/2006-2007_1/ctrt9-eng.html,"Office of the Commissioner for Federal Judicial Affairs","La Cite Inc.",C2006-076,2006-04-01,"0444-Teachers and Instructors on Contract","2006-04-01 to 2007-03-31",,15036.00,
http://www.fja.gc.ca/pd-dp/contracts-contrats/2006-2007_1/ctrt10-eng.html,"Office of the Commissioner for Federal Judicial Affairs","Alena Boudarina",C2006-069,2006-04-01,"0859-Other Business Services not Elsewhere Specified","2006-04-01 to 2006-06-30",,12840.00,
http://www.fja.gc.ca/pd-dp/contracts-contrats/2006-2007_1/ctrt11-eng.html,"Office of the Commissioner for Federal Judicial Affairs","FreeBalance Inc.",4F001-06-0201,2006-04-24,"0859-Other Business Services not Elsewhere Specified","2006-04-01 to 2007-03-31",,20758.00,
http://www.fja.gc.ca/pd-dp/contracts-contrats/2006-2007_1/ctrt12-eng.html,"Office of the Commissioner for Federal Judicial Affairs","Ricoh Canada Inc.",4F001-06-0203,2006-05-05,"0522-Rental of Image/Video Communications Equipment","2006-07-03 to 2011-06-30",,15985.80,
http://www.fja.gc.ca/pd-dp/contracts-contrats/2006-2007_1/ctrt13-eng.html,"Office of the Commissioner for Federal Judicial Affairs","Ricoh Canada Inc.",4F001-06-0204,2006-05-09,"0522-Rental of Image/Video Communications Equipment","2006-07-03 to 2011-06-30",,27413.40,
http://www.fja.gc.ca/pd-dp/contracts-contrats/2006-2007_1/ctrt14-eng.html,"Office of the Commissioner for Federal Judicial Affairs","Institute on Governance",C2006-096,2006-06-01,"0859-Other Business Services not Elsewhere Specified","2006-06-01 to 2006-09-30",,18700.00,
http://www.fja.gc.ca/pd-dp/contracts-contrats/2006-2007_1/ctrt15-eng.html,"Office of the Commissioner for Federal Judicial Affairs","Cygnos I. T. Security",C2006-094,2006-06-12,"0859-Other Business Services not Elsewhere Specified","2006-06-12 to 2006-09-15",,23474.00,
http://www.fja.gc.ca/pd-dp/contracts-contrats/2006-2007_1/ctrt16-eng.html,"Office of the Commissioner for Federal Judicial Affairs",CIA,4F001-2006-07,2006-06-23,"0859-Other Business Services not Elsewhere Specified","2006-07-04 to 2006-09-30",,25602.08,
http://www.fja.gc.ca/pd-dp/contracts-contrats/2006-2007_1/ctrt17-eng.html,"Office of the Commissioner for Federal Judicial Affairs","Integrated Learning International Inc.",C2006-100,2006-06-26,"0491-Management consulting","2006-06-26 to 2006-12-30",,24075.00,
http://www.fja.gc.ca/pd-dp/contracts-contrats/2006-2007_1/ctrt18-eng.html,"Office of the Commissioner for Federal Judicial Affairs","QMC (Quonalytics) Inc.",C2006-099,2006-06-27,"0859-Other Business Services not Elsewhere Specified","2006-06-21 to 2006-11-03",,25000.00,
http://www.fja.gc.ca/pd-dp/contracts-contrats/2005-2006_4/ctrt1-eng.html,"Office of the Commissioner for Federal Judicial Affairs","Barkhyt KeenJeev",C2006-003,2006-01-01,"0493- Interpretation Services","2006-01-01 to 2006-12-31",,12000.00,
http://www.fja.gc.ca/pd-dp/contracts-contrats/2005-2006_4/ctrt2-eng.html,"Office of the Commissioner for Federal Judicial Affairs","Ann Mollon",C2006-004,2006-01-01,"0493- Interpretation Services","2006-01-01 to 2006-12-31",,12000.00,
http://www.fja.gc.ca/pd-dp/contracts-contrats/2005-2006_4/ctrt3-eng.html,"Office of the Commissioner for Federal Judicial Affairs","Tera Mach",4F001-05-0228,2006-01-20,"1226- Computer Equipment Large/Medium Mainframe",,,88215.48,
http://www.fja.gc.ca/pd-dp/contracts-contrats/2005-2006_4/ctrt4-eng.html,"Office of the Commissioner for Federal Judicial Affairs","Bozz it Consulting",C2006-015,2006-02-11,"0499- Other professional services not otherwise specified","2006-02-11 to 2006-03-31",,22068.75,
http://www.fja.gc.ca/pd-dp/contracts-contrats/2005-2006_4/ctrt5-eng.html,"Office of the Commissioner for Federal Judicial Affairs",Cognos,4F001-05-0229,2006-02-25,"1228- Software",,,13886.57,
http://www.fja.gc.ca/pd-dp/contracts-contrats/2005-2006_4/ctrt6-eng.html,"Office of the Commissioner for Federal Judicial Affairs","Nisha Technologies",4F001-05-0232,2006-02-14,"1227-Computer Equipment Small Desktop/Portable",,,30495.10,
http://www.fja.gc.ca/pd-dp/contracts-contrats/2005-2006_4/ctrt7-eng.html,"Office of the Commissioner for Federal Judicial Affairs","Peter W. Hogg",C2006-026,2006-02-15,"0491- Management consulting","2006-02-15 to 2006-03-31",,14000.00,
http://www.fja.gc.ca/pd-dp/contracts-contrats/2005-2006_4/ctrt8-eng.html,"Office of the Commissioner for Federal Judicial Affairs","George Thompson",C2006-032,2006-02-21,"0491- Management consulting","2006-02-21 to 2006-03-31",,14000.00,
http://www.fja.gc.ca/pd-dp/contracts-contrats/2005-2006_4/ctrt9-eng.html,"Office of the Commissioner for Federal Judicial Affairs","Intergrated Learning International",C2006-038,2006-03-02,"0491- Management consulting","2006-03-02 to 2006-08-31",,25000.00,
http://www.fja.gc.ca/pd-dp/contracts-contrats/2005-2006_4/ctrt10-eng.html,"Office of the Commissioner for Federal Judicial Affairs","Nisha Technologies",4F001-05-0236,2006-03-16,"1223- Image/Video Equipment",,,10711.77,
http://www.fja.gc.ca/pd-dp/contracts-contrats/2005-2006_4/ctrt11-eng.html,"Office of the Commissioner for Federal Judicial Affairs","Nisha Technologies",4F001-05-0239,2006-03-17,"1226- Computer Equipment Large/Medium Mainframe",,,21218.10,
http://www.fja.gc.ca/pd-dp/contracts-contrats/2005-2006_3/ctrt1-eng.html,"Office of the Commissioner for Federal Judicial Affairs","Centre linguistique de Jonquiere a Ottawa",C2005-170,2005-09-01,"0444-Teachers and Instructors on Contract","2005-09-01 to 2006-03-31",,12000.00,
http://www.fja.gc.ca/pd-dp/contracts-contrats/2005-2006_3/ctrt2-eng.html,"Office of the Commissioner for Federal Judicial Affairs","University of Toronto",C2005-173,2005-10-01,"0499- Other professional services not otherwise specified","2005-10-01 to 2005-10-31",,14124.00,
http://www.fja.gc.ca/pd-dp/contracts-contrats/2005-2006_3/ctrt3-eng.html,"Office of the Commissioner for Federal Judicial Affairs","Peter Solomon",C2005-175,2005-10-01,"0499- Other professional services not otherwise specified","2005-10-01 to 2008-03-31",,85600.00,
http://www.fja.gc.ca/pd-dp/contracts-contrats/2005-2006_3/ctrt4-eng.html,"Office of the Commissioner for Federal Judicial Affairs","Valery Kouriakov",C2005-177,2005-10-01,"0499- Other professional services not otherwise specified","2005-10-01 to 2008-03-31",,80000.00,
http://www.fja.gc.ca/pd-dp/contracts-contrats/2005-2006_3/ctrt5-eng.html,"Office of the Commissioner for Federal Judicial Affairs","Galia Gaskarova",C2005-179,2005-10-01,"0499- Other professional services not otherwise specified","2005-10-01 to 2008-03-31",,80000.00,
http://www.fja.gc.ca/pd-dp/contracts-contrats/2005-2006_3/ctrt6-eng.html,"Office of the Commissioner for Federal Judicial Affairs","Promitus Solutions",C2005-183,2005-10-24,"0491- Management consulting","2005-10-24 to 2005-12-30",,25000.00,
http://www.fja.gc.ca/pd-dp/contracts-contrats/2005-2006_3/ctrt7-eng.html,"Office of the Commissioner for Federal Judicial Affairs","Promitus Solutions",C2005-204,2005-12-12,"0491- Management consulting","2005-12-12 to 2006-01-30",,24610.00,
http://www.fja.gc.ca/pd-dp/contracts-contrats/2005-2006_3/ctrt8-eng.html,"Office of the Commissioner for Federal Judicial Affairs","Ricoh Canada Inc.",4F001/05-0224,2005-12-19,"0522 Rental of Image/Video Communications Equipment","2006-01-01 to 2010-12-31",,15804.00,
http://www.fja.gc.ca/pd-dp/contracts-contrats/2005-2006_3/ctrt9-eng.html,"Office of the Commissioner for Federal Judicial Affairs","Ricoh Canada Inc.",4F001/05-0225,2005-12-19,"0522 Rental of Image/Video Communications Equipment","2005-01-01 to 2011-12-31",,24549.00,
http://www.fja.gc.ca/pd-dp/contracts-contrats/2005-2006_2/ctrt1-eng.html,"Office of the Commissioner for Federal Judicial Affairs","Galia Gaskarova",C2005-126,2005-07-01,"0499- Other professional services not otherwise specified","2005-07-01 to 2005-09-30",,20000.00,
http://www.fja.gc.ca/pd-dp/contracts-contrats/2005-2006_2/ctrt2-eng.html,"Office of the Commissioner for Federal Judicial Affairs","Veronique Adams",C2005-139,2005-07-01,"0499- Other professional services not otherwise specified","2005-07-01 to 2006-03-31",,20000.00,
http://www.fja.gc.ca/pd-dp/contracts-contrats/2005-2006_2/ctrt3-eng.html,"Office of the Commissioner for Federal Judicial Affairs","Peter Solomon",C2005-127,2005-09-30,"0499- Other professional services not otherwise specified","2005-07-01 to 2005-09-30",,19000.00,
http://www.fja.gc.ca/pd-dp/contracts-contrats/2005-2006_2/ctrt4-eng.html,"Office of the Commissioner for Federal Judicial Affairs","Delsec Inc.",4F001-05-0220,2005-08-01,"0491- Management consulting","2005-08-01 to 2005-12-31",,10165.00,
http://www.fja.gc.ca/pd-dp/contracts-contrats/2005-2006_2/ctrt5-eng.html,"Office of the Commissioner for Federal Judicial Affairs","Cossette Communications Inc.",4F001-05-0219,2005-08-29,"0301 Advertising Services","2005-08-29 to 2005-09-02",,77390.75,
http://www.fja.gc.ca/pd-dp/contracts-contrats/2005-2006_2/ctrt6-eng.html,"Office of the Commissioner for Federal Judicial Affairs","Centre de Formation de Caron Ltee.",C2005-147,2005-09-01,"0444-Teachers and Instructors on Contract","2005-09-01 to 2006-03-31",,50000.00,
http://www.fja.gc.ca/pd-dp/contracts-contrats/2005-2006_2/ctrt7-eng.html,"Office of the Commissioner for Federal Judicial Affairs","University of Regina",C2005-148,2005-09-01,"0444-Teachers and Instructors on Contract","2005-09-01 to 2006-03-31",,10000.00,
http://www.fja.gc.ca/pd-dp/contracts-contrats/2005-2006_2/ctrt8-eng.html,"Office of the Commissioner for Federal Judicial Affairs","Textel Plus",C2005-149,2005-09-01,"0321 Printing Services","2005-09-01 to 2006-03-31",,15000.00,
http://www.fja.gc.ca/pd-dp/contracts-contrats/2005-2006_2/ctrt9-eng.html,"Office of the Commissioner for Federal Judicial Affairs","Promitus Solutions",C2005-150,2005-08-23,"0499- Other professional services not otherwise specified","2005-08-23 to 2005-09-30",,25000.00,
http://www.fja.gc.ca/pd-dp/contracts-contrats/2005-2006_2/ctrt10-eng.html,"Office of the Commissioner for Federal Judicial Affairs","Ginette Bocage",C2005-153,2005-09-01,"0444-Teachers and Instructors on Contract","2005-09-01 to 2006-03-31",,26850.00,
http://www.fja.gc.ca/pd-dp/contracts-contrats/2005-2006_2/ctrt11-eng.html,"Office of the Commissioner for Federal Judicial Affairs","Delo Consultants",C2005-141,2005-09-05,"0499- Other professional services not otherwise specified","2005-09-05 to 2010-08-31",,500000.00,
http://www.fja.gc.ca/pd-dp/contracts-contrats/2005-2006_2/ctrt12-eng.html,"Office of the Commissioner for Federal Judicial Affairs",EPSI,4F001-05-0223,2005-09-12,"0491- Management consulting","2005-09-12 to 2005-11-30",,14766.00,
http://www.fja.gc.ca/pd-dp/contracts-contrats/2005-2006_2/ctrt13-eng.html,"Office of the Commissioner for Federal Judicial Affairs","Jeanne Ruest",C2005-164,2005-09-27,"0491- Management consulting","2005-09-27 to 2006-06-30",,25000.00,
http://www.fja.gc.ca/pd-dp/contracts-contrats/2005-2006_1/ctrt1-eng.html,"Office of the Commissioner for Federal Judicial Affairs","Harrington Marketing Ltd.",4F001/2005-01,2005-04-01,"0813- Temporary help services","2005-04-01 to 2005-06-30",,11629.56,
http://www.fja.gc.ca/pd-dp/contracts-contrats/2005-2006_1/ctrt2-eng.html,"Office of the Commissioner for Federal Judicial Affairs","Randstad Interim Inc.",4F001/2005-02,2005-04-01,"0813- Temporary help services","2005-04-01 to 2005-06-30",,10887.25,
http://www.fja.gc.ca/pd-dp/contracts-contrats/2005-2006_1/ctrt3-eng.html,"Office of the Commissioner for Federal Judicial Affairs","Excel Human Ressources Inc.",4F001/2005-04,2005-04-01,"0813- Temporary help services","2005-04-01 to 2005-06-30",,14366.22,
http://www.fja.gc.ca/pd-dp/contracts-contrats/2005-2006_1/ctrt4-eng.html,"Office of the Commissioner for Federal Judicial Affairs","Manpower Services Ltd.",4F001/2005-05,2005-04-01,"0813- Temporary help services","2005-04-01 to 2005-06-30",,39590.00,
http://www.fja.gc.ca/pd-dp/contracts-contrats/2005-2006_1/ctrt5-eng.html,"Office of the Commissioner for Federal Judicial Affairs","CIA Inc.",4F001/2005-06,2005-04-01,"0813- Temporary help services","2005-04-01 to 2005-06-30",,28059.41,
http://www.fja.gc.ca/pd-dp/contracts-contrats/2005-2006_1/ctrt6-eng.html,"Office of the Commissioner for Federal Judicial Affairs","CIA Inc.",4F001/2005-08,2005-04-01,"0813- Temporary help services","2005-04-01 to 2005-05-31",,11233.88,
http://www.fja.gc.ca/pd-dp/contracts-contrats/2005-2006_1/ctrt7-eng.html,"Office of the Commissioner for Federal Judicial Affairs","CIA Inc.",4F001/2005-09,2005-04-01,"0813- Temporary help services","2005-04-01 to 2005-05-31",,11233.88,
http://www.fja.gc.ca/pd-dp/contracts-contrats/2005-2006_1/ctrt8-eng.html,"Office of the Commissioner for Federal Judicial Affairs","Electric Mail Company",C2005-068,2005-04-01,"0499- Other professional services not otherwise specified","2005-04-01 to 2005-05-31",,55000.00,
http://www.fja.gc.ca/pd-dp/contracts-contrats/2005-2006_1/ctrt9-eng.html,"Office of the Commissioner for Federal Judicial Affairs","Freebalance Inc.",4F001-05-0205,2005-03-30,"0670 Computer Equipment - Hardware and Software","2005-04-01 to 2006-03-31",,20758.00,
http://www.fja.gc.ca/pd-dp/contracts-contrats/2005-2006_1/ctrt10-eng.html,"Office of the Commissioner for Federal Judicial Affairs","Ecole de langues La Cit&eacute;",C2005-080,2005-04-01,"0444-Teachers and Instructors on Contract","2005-04-01 to 2006-03-31",,24150.00,
http://www.fja.gc.ca/pd-dp/contracts-contrats/2005-2006_1/ctrt11-eng.html,"Office of the Commissioner for Federal Judicial Affairs","Don Rose Consulting Ltd.",C2005-092,2005-04-01,"0499- Other professional services not otherwise specified","2005-04-01 to 2005-06-30",,25000.00,
http://www.fja.gc.ca/pd-dp/contracts-contrats/2005-2006_1/ctrt12-eng.html,"Office of the Commissioner for Federal Judicial Affairs","B-Dilligent Solutions Inc.",C2005-094,2005-04-25,"0491- Management consulting","2005-04-25 to 2005-09-30",,17301.90,
http://www.fja.gc.ca/pd-dp/contracts-contrats/2005-2006_1/ctrt13-eng.html,"Office of the Commissioner for Federal Judicial Affairs","Lexmark Inc.",4F001-05-0206,2005-05-30,"0522 Rental of Image/Video Communications Equipment","2005-06-06 to 2009-06-05",,11379.24,
http://www.fja.gc.ca/pd-dp/contracts-contrats/2005-2006_1/ctrt14-eng.html,"Office of the Commissioner for Federal Judicial Affairs","Lexmark Inc.",4F001-05-0207,2005-05-30,"0522 Rental of Image/Video Communications Equipment","2005-06-06 to 2009-06-05",,11379.24,
http://www.fja.gc.ca/pd-dp/contracts-contrats/2005-2006_1/ctrt15-eng.html,"Office of the Commissioner for Federal Judicial Affairs","Quantum Management Services Ltd.",4F001/2005-13,2005-06-20,"0813- Temporary help services","2005-06-20 to 2005-12-30",,35756.19,
http://www.fja.gc.ca/pd-dp/contracts-contrats/2005-2006_1/ctrt16-eng.html,"Office of the Commissioner for Federal Judicial Affairs","Intergrated Learning International Inc.",C2005-116,2005-06-13,"0499- Other professional services not otherwise specified","2005-06-13 to 2005-12-31",,18457.50,
http://www.fja.gc.ca/pd-dp/contracts-contrats/2005-2006_1/ctrt17-eng.html,"Office of the Commissioner for Federal Judicial Affairs","Blueprint of the Future",C2005-117,2005-06-13,"0499- Other professional services not otherwise specified","2005-06-13 to 2005-06-30",,13696.00,
http://www.fja.gc.ca/pd-dp/contracts-contrats/2005-2006_1/ctrt18-eng.html,"Office of the Commissioner for Federal Judicial Affairs","Joubert Management Consulting Services",4F001-05-0209,2005-06-16,"0491- Management consulting",,,17924.64,
http://www.fja.gc.ca/pd-dp/contracts-contrats/2005-2006_1/ctrt19-eng.html,"Office of the Commissioner for Federal Judicial Affairs","Cistel Technology Inc.",4F001-05-0211,2005-06-16,"0499- Other professional services not otherwise specified",,,24529.75,
http://www.fja.gc.ca/pd-dp/contracts-contrats/2005-2006_1/ctrt20-eng.html,"Office of the Commissioner for Federal Judicial Affairs","Promitus Solutions Ltd.",C2005-121,2005-06-27,"0491- Management consulting","2005-06-27 to 2005-08-15",,24610.00,
http://www.fja.gc.ca/pd-dp/contracts-contrats/2004-2005_4/ctrt1-eng.html,"Office of the Commissioner for Federal Judicial Affairs","Ato Grebrewold Lemma",C2005-002,2005-01-01,"0499- Other professional services not otherwise specified","2005-01-01 to 2005-06-30",,10013.90,
http://www.fja.gc.ca/pd-dp/contracts-contrats/2004-2005_4/ctrt2-eng.html,"Office of the Commissioner for Federal Judicial Affairs","Andre Rondeau Informatique",C2005-019,2005-01-04,"0491- Management consulting","2005-01-04 to 2005-03-31",,14980.00,
http://www.fja.gc.ca/pd-dp/contracts-contrats/2004-2005_4/ctrt3-eng.html,"Office of the Commissioner for Federal Judicial Affairs","Conseillers en Informatique CIA",4F001/2005-22,2005-01-24,"0813- Temporary help services","2005-01-19 to 2005-03-31",,21385.82,
http://www.fja.gc.ca/pd-dp/contracts-contrats/2004-2005_4/ctrt4-eng.html,"Office of the Commissioner for Federal Judicial Affairs","CNC Consultants",C2005-069,2005-01-20,"0491- Management consulting","2005-01-20 to 2005-06-30",,19260.00,
http://www.fja.gc.ca/pd-dp/contracts-contrats/2004-2005_4/ctrt5-eng.html,"Office of the Commissioner for Federal Judicial Affairs","Nisha Technologies",4F001/04/0221,2005-01-26,"1227 Computer Equipment - Small - Desktop/Portable",,,16515.45,
http://www.fja.gc.ca/pd-dp/contracts-contrats/2004-2005_4/ctrt6-eng.html,"Office of the Commissioner for Federal Judicial Affairs","Delo Consultants",C2005-046,2005-02-01,"0499- Other professional services not otherwise specified","2005-02-01 to 2005-03-31",,21112.00,
http://www.fja.gc.ca/pd-dp/contracts-contrats/2004-2005_4/ctrt7-eng.html,"Office of the Commissioner for Federal Judicial Affairs","Intersol Consulting Assoc.",C2005-047,2005-02-08,"0499- Other professional services not otherwise specified","2005-02-08 to 2005-03-31",,24904.25,
http://www.fja.gc.ca/pd-dp/contracts-contrats/2004-2005_4/ctrt8-eng.html,"Office of the Commissioner for Federal Judicial Affairs","Helene Perrier",C2005-052,2005-02-18,"0499- Other professional services not otherwise specified","2005-02-18 to 2005-03-31",,25000.00,
http://www.fja.gc.ca/pd-dp/contracts-contrats/2004-2005_4/ctrt9-eng.html,"Office of the Commissioner for Federal Judicial Affairs","William J. Rankin",C2005-053,2005-02-18,"0499- Other professional services not otherwise specified","2005-02 18 to 2005-03-31",,25000.00,
http://www.fja.gc.ca/pd-dp/contracts-contrats/2004-2005_4/ctrt10-eng.html,"Office of the Commissioner for Federal Judicial Affairs","Conseillers en Informatique CIA",4F001/2005-26,2005-02-21,"0813- Temporary help services","2005-02-21 to 2005-03-31",,10031.25,
http://www.fja.gc.ca/pd-dp/contracts-contrats/2004-2005_4/ctrt11-eng.html,"Office of the Commissioner for Federal Judicial Affairs","Integrated Learning Int. Inc.",C2005-058,2005-03-02,"0491- Management consulting","2005-03-02 to 2005-03-31",,13642.50,
http://www.fja.gc.ca/pd-dp/contracts-contrats/2004-2005_4/ctrt12-eng.html,"Office of the Commissioner for Federal Judicial Affairs","Nisha Technologies",4F001/04/0228,2005-03-08,"1226 Computer Equipment - Large/Medium - Mainframe",,,53002.45,
http://www.fja.gc.ca/pd-dp/contracts-contrats/2004-2005_3/ctrt1-eng.html,"Office of the Commissioner for Federal Judicial Affairs","Flaman Management Partners",C2004-148,2004-11-22,"0499- Other professional services not otherwise specified","2004-11-22 to 2005-01-31",,24824.00,
http://www.fja.gc.ca/pd-dp/contracts-contrats/2004-2005_3/ctrt2-eng.html,"Office of the Commissioner for Federal Judicial Affairs","Les conseillers en informatique d&#39;affaire CIA inc.",C2004-150,2004-11-22,"0491- Management consulting","2004-11-22 to 2005-03-31",,23540.00,
http://www.fja.gc.ca/pd-dp/contracts-contrats/2004-2005_3/ctrt3-eng.html,"Office of the Commissioner for Federal Judicial Affairs","Les conseillers en informatique d&#39;affaire CIA inc.",4F001/2004-017,2004-11-19,"0813- Temporary help services","2004-11-02 to 2005-01-28",,12837.86,
http://www.fja.gc.ca/pd-dp/contracts-contrats/2004-2005_3/ctrt4-eng.html,"Office of the Commissioner for Federal Judicial Affairs","Condar Consulting Inc.",C2004-136,2004-11-16,"0491- Management consulting","2004-11-16 to 2005-03-31",,100000.00,
http://www.fja.gc.ca/pd-dp/contracts-contrats/2004-2005_3/ctrt5-eng.html,"Office of the Commissioner for Federal Judicial Affairs","Steven Reardon Technologies",C2004-149,2004-11-15,"0499 - Other professional services not otherwise specified","2004-11-15 to 2005-03-31",,24075.00,
http://www.fja.gc.ca/pd-dp/contracts-contrats/2004-2005_3/ctrt6-eng.html,"Office of the Commissioner for Federal Judicial Affairs","Christine Kates",C2004-151,2004-11-01,"0499- Other professional services not otherwise specified","2004-11-01 to 2005-03-31",,15000.00,
http://www.fja.gc.ca/pd-dp/contracts-contrats/2004-2005_3/ctrt7-eng.html,"Office of the Commissioner for Federal Judicial Affairs","Naly Management Consulting inc.",4F001/04/0215,2004-10-15,"0499- Other professional services not otherwise specified","2004-10-15 to 2005-03-31",,10272.00,
http://www.fja.gc.ca/pd-dp/contracts-contrats/2004-2005_3/ctrt8-eng.html,"Office of the Commissioner for Federal Judicial Affairs","IT/NET - Ottawa Inc.",C2004-138,2004-10-07,"0491 - Management consulting","2004-10-07 to 2005-03-31",,25000.00,
http://www.fja.gc.ca/pd-dp/contracts-contrats/2004-2005_2/ctrt1-eng.html,"Office of the Commissioner for Federal Judicial Affairs","Nisha Technologies",4F001-04-0212,2004-09-03,"1226 Computer equipment - large/medium",,,20618.90,
http://www.fja.gc.ca/pd-dp/contracts-contrats/2004-2005_2/ctrt2-eng.html,"Office of the Commissioner for Federal Judicial Affairs","Cirrus Communication",C2004-122,2004-08-23,"0446 Training consultants","2004-08-30 to 2004-09-03",,10000.00,
http://www.fja.gc.ca/pd-dp/contracts-contrats/2004-2005_2/ctrt3-eng.html,"Office of the Commissioner for Federal Judicial Affairs",CIA,4F001/2004-14,2004-08-09,"0813 Temporary help services","2004-08-30 to 2004-11-18",,14978.51,
http://www.fja.gc.ca/pd-dp/contracts-contrats/2004-2005_2/ctrt4-eng.html,"Office of the Commissioner for Federal Judicial Affairs","Hugues Lafrance-Rodrigue",C2004-114,2004-08-01,"0499-Other professional services not otherwise specified","2004-08-01 to 2005-03-31",,18000.00,
http://www.fja.gc.ca/pd-dp/contracts-contrats/2004-2005_2/ctrt5-eng.html,"Office of the Commissioner for Federal Judicial Affairs",CIA,4F001/2004-12,2004-07-15,"0813 Temporary help services","2004-08-03 to 2004-10-29",,18518.82,
http://www.fja.gc.ca/pd-dp/contracts-contrats/2004-2005_1/ctrt1-eng.html,"Office of the Commissioner for Federal Judicial Affairs","ArTemp Personnel Services",4F001/2004-10,2004-06-26,"0813 Temporary help services","2004-07-02 to 2004-10-01",,17976.00,
http://www.fja.gc.ca/pd-dp/contracts-contrats/2004-2005_1/ctrt2-eng.html,"Office of the Commissioner for Federal Judicial Affairs","Nisha Technologies",4F001-04-0209,2004-06-24,"1226 Computer equipment - large/medium",,,33223.50,
http://www.fja.gc.ca/pd-dp/contracts-contrats/2004-2005_1/ctrt3-eng.html,"Office of the Commissioner for Federal Judicial Affairs","ArTemp Personnel Services",4F001/2004-09,2004-06-23,"0813 Temporary help services","2004-07-02 to 2004-10-01",,11556.00,
http://www.fja.gc.ca/pd-dp/contracts-contrats/2004-2005_1/ctrt4-eng.html,"Office of the Commissioner for Federal Judicial Affairs","Quantum Mgnt Services",4F001/2004-08,2004-06-23,"0813 Temporary help services","2004-07-02 to 2004-10-01",,14242.13,
http://www.fja.gc.ca/pd-dp/contracts-contrats/2004-2005_1/ctrt5-eng.html,"Office of the Commissioner for Federal Judicial Affairs","Integrated Learning Int. Inc.",C2004-105,2004-06-20,"0491 Management consulting","2004-07-19 to 2004-12-30",,25000.00,
http://www.fja.gc.ca/pd-dp/contracts-contrats/2004-2005_1/ctrt6-eng.html,"Office of the Commissioner for Federal Judicial Affairs","University of Regina",C2004-087,2004-06-14,"0446 Training consultants","2004-06-14 to 2005-03-31",,15000.00,
http://www.fja.gc.ca/pd-dp/contracts-contrats/2004-2005_1/ctrt7-eng.html,"Office of the Commissioner for Federal Judicial Affairs","Excel Human Resources",4F001/2004-07,2004-06-14,"0813 Temporary help services","2004-06-28 to 2004-09-30",,15375.74,
http://www.fja.gc.ca/pd-dp/contracts-contrats/2004-2005_1/ctrt8-eng.html,"Office of the Commissioner for Federal Judicial Affairs","William J. Rankin",C2004-089,2004-06-01,"0499-Other professional services not otherwise specified","2004-06-01 to 2004-12-31",,10000.00,
http://www.fja.gc.ca/pd-dp/contracts-contrats/2004-2005_1/ctrt9-eng.html,"Office of the Commissioner for Federal Judicial Affairs",Microage,4F001-04-0210,2004-06-01,"0446 Training consultants","2004-06-01 to 2005-03-31",,10700.00,
http://www.fja.gc.ca/pd-dp/contracts-contrats/2004-2005_1/ctrt10-eng.html,"Office of the Commissioner for Federal Judicial Affairs","B-Diligent Business Solutions",C2004-077,2004-05-20,"0491 Management consulting","2004-05-24 to 2005-03-31",,53928.00,
http://www.fja.gc.ca/pd-dp/contracts-contrats/2004-2005_1/ctrt11-eng.html,"Office of the Commissioner for Federal Judicial Affairs",MaxSys,4F001/2004-11,2004-05-15,"0813 Temporary help services","2004-05-15 to 2004-09-17",,27817.86,
http://www.fja.gc.ca/pd-dp/contracts-contrats/2004-2005_1/ctrt12-eng.html,"Office of the Commissioner for Federal Judicial Affairs","Crocodile Communications",C2004-110,2004-04-21,"0499-Other professional services not otherwise specified","2004-07-19 to 2005-03-31",,25000.00,
http://www.fja.gc.ca/pd-dp/contracts-contrats/2004-2005_1/ctrt13-eng.html,"Office of the Commissioner for Federal Judicial Affairs","Julia Cipriani",C2004-057,2004-04-19,"0499-Other professional services not otherwise specified","2004-04-26 to 2005-03-31",,12364.92,
http://www.fja.gc.ca/pd-dp/contracts-contrats/2004-2005_1/ctrt14-eng.html,"Office of the Commissioner for Federal Judicial Affairs","Allegra Print",C2004-055,2004-04-15,"0321 Printing services","2004-04-15 to 2004-05-31",,13580.44,
http://www.fja.gc.ca/pd-dp/contracts-contrats/2004-2005_1/ctrt15-eng.html,"Office of the Commissioner for Federal Judicial Affairs","Noracom Consultants",C2004-062,2004-04-13,"0499-Other professional services not otherwise specified","2004-04-13 to 2004-05-31",,16050.00,
http://www.fja.gc.ca/pd-dp/contracts-contrats/2004-2005_1/ctrt16-eng.html,"Office of the Commissioner for Federal Judicial Affairs","Peter Solomon",C2004-072,2004-04-01,"0499-Other professional services not otherwise specified","2004-04-01 to 2005-03-31",,25000.00,
http://www.fja.gc.ca/pd-dp/contracts-contrats/2004-2005_1/ctrt17-eng.html,"Office of the Commissioner for Federal Judicial Affairs","H&eacute;l&egrave;ne Perrier",C2004-058,2004-04-01,"0499-Other professional services not otherwise specified","2004-04-01 to 2005-03-31",,20000.00,
http://www.fja.gc.ca/pd-dp/contracts-contrats/2004-2005_1/ctrt18-eng.html,"Office of the Commissioner for Federal Judicial Affairs","University of Montr&eacute;al",C2004-061,2004-04-01,"0499-Other professional services not otherwise specified","2004-04-01 to 2005-03-31",,20000.00,
http://www.fja.gc.ca/pd-dp/contracts-contrats/2004-2005_1/ctrt19-eng.html,"Office of the Commissioner for Federal Judicial Affairs","Delo Consultants",C2004-067,2004-04-01,"0499-Other professional services not otherwise specified","2004-04-01 to 2005-03-31",,64200.00,
http://www.fja.gc.ca/pd-dp/contracts-contrats/2004-2005_1/ctrt20-eng.html,"Office of the Commissioner for Federal Judicial Affairs","Vasily Malaha",C2004-068,2004-04-01,"0499-Other professional services not otherwise specified","2004-04-01 to 2005-03-31",,14400.00,
http://www.fja.gc.ca/pd-dp/contracts-contrats/2004-2005_1/ctrt21-eng.html,"Office of the Commissioner for Federal Judicial Affairs","Linda Kirkwood",C2004-069,2004-04-01,"0499-Other professional services not otherwise specified","2004-04-01 to 2005-03-31",,10000.00,
http://www.fja.gc.ca/pd-dp/contracts-contrats/2004-2005_1/ctrt22-eng.html,"Office of the Commissioner for Federal Judicial Affairs","1015519 Ontario Ltd.",C2004-070,2004-04-01,"0499-Other professional services not otherwise specified","2004-04-01 to 2005-03-31",,15000.00,
http://www.fja.gc.ca/pd-dp/contracts-contrats/2004-2005_1/ctrt23-eng.html,"Office of the Commissioner for Federal Judicial Affairs","Pamela Ryder Lahey",C2004-071,2004-04-01,"0499-Other professional services not otherwise specified","2004-04-01 to 2005-03-31",,25000.00,
http://www.fja.gc.ca/pd-dp/contracts-contrats/2004-2005_1/ctrt24-eng.html,"Office of the Commissioner for Federal Judicial Affairs","Bakhyt Kenjeev",C2004-073,2004-04-01,"0499-Other professional services not otherwise specified","2004-04-01 to 2005-03-31",,25000.00,
http://www.fja.gc.ca/pd-dp/contracts-contrats/2004-2005_1/ctrt25-eng.html,"Office of the Commissioner for Federal Judicial Affairs","Alena Boudarina",C2004-074,2004-04-01,"0499-Other professional services not otherwise specified","2004-04-01 to 2005-03-31",,10000.00,
http://www.fja.gc.ca/pd-dp/contracts-contrats/2004-2005_1/ctrt26-eng.html,"Office of the Commissioner for Federal Judicial Affairs","Galia Gaskarova",C2004-075,2004-04-01,"0499-Other professional services not otherwise specified","2004-04-01 to 2005-03-31",,25000.00,
http://www.fja.gc.ca/pd-dp/contracts-contrats/2004-2005_1/ctrt27-eng.html,"Office of the Commissioner for Federal Judicial Affairs","Free Balance",4F001-04-0202,2004-04-01,"0670 Computer equipment - hardware and software","2004-04-01 to 2005-03-31",,19688.00,
http://www.fja.gc.ca/pd-dp/contracts-contrats/2004-2005_1/ctrt28-eng.html,"Office of the Commissioner for Federal Judicial Affairs",MaxSys,C2004-059,2004-04-01,"0813 Temporary help services","2004-04-01 to 2004-06-30",,20863.40,
http://www.fja.gc.ca/pd-dp/contracts-contrats/2004-2005_1/ctrt29-eng.html,"Office of the Commissioner for Federal Judicial Affairs","Centre de formation professionnelle et linguistique Caron Ltd.",C2004-059,2004-04-01,"0446 Training consultants","2004-04-01 to 2005-03-31",,98000.00,
http://www.fja.gc.ca/pd-dp/contracts-contrats/2004-2005_1/ctrt30-eng.html,"Office of the Commissioner for Federal Judicial Affairs","&Eacute;cole de langue Glynn",C2004-060,2004-04-01,"0446 Training consultants","2004-04-01 to 2005-03-31",,49500.00,
http://www.fja.gc.ca/pd-dp/contracts-contrats/2004-2005_1/ctrt31-eng.html,"Office of the Commissioner for Federal Judicial Affairs","Centre de linguistique de Jonqui&egrave;re",C2004-066,2004-04-01,"0446 Training consultants","2004-04-01 to 2005-03-31",,15500.00,
http://www.fja.gc.ca/pd-dp/contracts-contrats/2004-2005_1/ctrt32-eng.html,"Office of the Commissioner for Federal Judicial Affairs","B&eacute;langer-Roy, Andr&eacute;e",C2004-045,2004-04-01,"0446 Training consultants","2004-04-01 to 2005-03-31",,20820.00,
http://www.fja.gc.ca/pd-dp/contracts-contrats/2004-2005_1/ctrt33-eng.html,"Office of the Commissioner for Federal Judicial Affairs","Bocage, Ginette",C2004-050,2004-04-01,"0446 Training consultants","2004-04-01 to 2005-03-31",,45050.00,
http://www.fja.gc.ca/pd-dp/contracts-contrats/2004-2005_1/ctrt34-eng.html,"Office of the Commissioner for Federal Judicial Affairs","Textel Plus",C2004-047,2004-04-01,"0499-Other professional services not otherwise specified","2004-04-01 to 2005-03-31",,20000.00,
http://www.fja.gc.ca/pd-dp/contracts-contrats/2004-2005_1/ctrt35-eng.html,"Office of the Commissioner for Federal Judicial Affairs","University of Regina",C2004-046,2004-04-01,"0446 Training consultants","2004-04-01 to 2005-03-31",,10080.00,
