http://www.swc-cfc.gc.ca/account-resp/pd-dp/dc/2010-2011/con-322-eng.html,"Status of Women Canada","Longo and Associates",1W001-11-0005,2010-04-12,"0499 Other professional services not specified elsewhere","2010-04-01 to 2011-03-31",,26250.00,"Standing offer: E60ZG-030001/048/ZG"
http://www.swc-cfc.gc.ca/account-resp/pd-dp/dc/2010-2011/con-323-eng.html,"Status of Women Canada",Freebalance,1W001-11-0184,2010-04-13,"1228 Acquisition of informatics equipment and parts - Software","2010-04-12 to 2011-03-31",,16305.45,"Standing offer: E60ET-9-0010/00-ET"
http://www.swc-cfc.gc.ca/account-resp/pd-dp/dc/2010-2011/con-324-eng.html,"Status of Women Canada","Tag HR",P10019-1,2010-04-22,"0813 Temporary Help Services","2009-10-16 to 2010-07-30",,27669.60,"Standing offer: EN578-060502/008/ZT Contract amendment"
http://www.swc-cfc.gc.ca/account-resp/pd-dp/dc/2010-2011/con-326-eng.html,"Status of Women Canada",MaxSys,P11002,2010-05-20,"0813 Temporary Help Services","2010-05-31 to 2010-10-15",,15049.12,"Standing offer: EN578-060502/006/ZT"
http://www.swc-cfc.gc.ca/account-resp/pd-dp/dc/2010-2011/con-327-eng.html,"Status of Women Canada",COM&#39;CA,C11-05,2010-06-01,"0494 Translation Services","2010-06-01 to 2011-05-31",,21000.00,"Competitive Request for Proposal"
http://www.swc-cfc.gc.ca/account-resp/pd-dp/dc/2010-2011/con-328-eng.html,"Status of Women Canada","Christiane Ryan",C11-06,2010-06-01,"0494 Translation Services","2010-06-01 to 2011-05-31",,21000.00,"Competitive Request for Proposal"
http://www.swc-cfc.gc.ca/account-resp/pd-dp/dc/2010-2011/con-329-eng.html,"Status of Women Canada",Linguistica,C11-07,2010-06-01,"0494 Translation Services","2010-06-01 to 2011-05-31",,10500.00,"Competitive Request for Proposal"
http://www.swc-cfc.gc.ca/account-resp/pd-dp/dc/2010-2011/con-330-eng.html,"Status of Women Canada","Jeannot Trudel",C11-08,2010-06-01,"0494 Translation Services","2010-06-01 to 2011-05-31",,10500.00,"Competitive Request for Proposal"
http://www.swc-cfc.gc.ca/account-resp/pd-dp/dc/2010-2011/con-331-eng.html,"Status of Women Canada","Francois Houle",C11-09,2010-06-01,"0494 Translation Services","2010-06-01 to 2011-05-31",,10500.00,"Competitive Request for Proposal"
http://www.swc-cfc.gc.ca/account-resp/pd-dp/dc/2010-2011/con-325-eng.html,"Status of Women Canada",excelHR,P11001-2,2010-06-22,"0813 Temporary Help Services","2010-05-03 to 2010-07-30",,35280.00,"Standing offer: EN578-060502/049/ZT Contract Amendment"
http://www.swc-cfc.gc.ca/account-resp/pd-dp/dc/2009-2010/con-312-eng.html,"Status of Women Canada","Compuphile Systems Inc.",1W001-10-0255,2010-01-14,"1226 Acquisition of informatics equipment and parts - Computer Equipment - Large/Medium",,2010-01-14,26752.95,"Standing offer: E60EJ-04000T/XH/EJ"
http://www.swc-cfc.gc.ca/account-resp/pd-dp/dc/2009-2010/con-313-eng.html,"Status of Women Canada","Compuphile Systems Inc.",1W001-10-0256,2010-01-14,"1226 Acquisition of informatics equipment and parts - Computer Equipment - Large/Medium",,2010-01-14,19135.95,"Standing offer: E60EJ-04000T/XH/EJ"
http://www.swc-cfc.gc.ca/account-resp/pd-dp/dc/2009-2010/con-305-eng.html,"Status of Women Canada","Xerox Canada",1W001-10-0024,2010-01-26,"0525 Rental of Informatics Equipment - Rental of Computer Equipment","2010-02-01 to 2015-02-27",,15510.60,"Standing Offer: EZ107-070001/011/VAN"
http://www.swc-cfc.gc.ca/account-resp/pd-dp/dc/2009-2010/con-306-eng.html,"Status of Women Canada","Xerox Canada",1W001-10-0025,2010-01-26,"0525 Rental of Informatics Equipment - Rental of Computer Equipment","2010-02-01 to 2015-02-27",,15510.60,"Standing offer: EZ 107-070001/011/VAN"
http://www.swc-cfc.gc.ca/account-resp/pd-dp/dc/2009-2010/con-307-eng.html,"Status of Women Canada","Xerox Canada",1W001-10-0036,2010-01-26,"0525 Rental of Informatics Equipment - Rental of Computer Equipment","2010-02-01 to 2015-02-27",,15510.60,"Standing offer: EZ 107-070001/011/VAN"
http://www.swc-cfc.gc.ca/account-resp/pd-dp/dc/2009-2010/con-308-eng.html,"Status of Women Canada","Xerox Canada",1W001-10-0037,2010-01-26,"0525 Rental of Informatics Equipment - Rental of Computer Equipment","2010-02-01 to 2015-02-27",,15510.60,"Standing offer: EZ 107-070001/011/VAN"
http://www.swc-cfc.gc.ca/account-resp/pd-dp/dc/2009-2010/con-318-eng.html,"Status of Women Canada","Rita Smith Enterprises",C10-20,2010-02-01,"0351 Communications professional services not specified elsewhere","2010-02-01 to 2010-06-30",,24990.00,"Competitive Request for Proposal"
http://www.swc-cfc.gc.ca/account-resp/pd-dp/dc/2009-2010/con-309-eng.html,"Status of Women Canada","Artopex Inc.",1W001-10-0041,2010-02-09,"1231 Office Furniture and furnishings, Including Parts",,2010-02-09,10928.45,"Standing offer: E60PQ-080001/001/PQ"
http://www.swc-cfc.gc.ca/account-resp/pd-dp/dc/2009-2010/con-315-eng.html,"Status of Women Canada","&Eacute;cole de Langues La Cit&eacute; Inc.",1W001-11-0001,2010-02-10,"0499 Other professional services not specified elsewhere","2010-05-03 to 2010-09-15",,27147.23,"Standing offer: EN578-060434/007/ZF"
http://www.swc-cfc.gc.ca/account-resp/pd-dp/dc/2009-2010/con-320-eng.html,"Status of Women Canada","Imprimerie Vincent",C10-23,2010-02-15,"0321 Printing Services","2010-02-15 to 2010-03-15",,10500.00,"Competitive Request for Proposal"
http://www.swc-cfc.gc.ca/account-resp/pd-dp/dc/2009-2010/con-317-eng.html,"Status of Women Canada","Pleiad Canada Inc.",C10-19,2010-02-16,"0499 Other professional services not specified elsewhere","2010-02-16 to 2010-03-31",,24439.75,"Competitive Supply Arrangement"
http://www.swc-cfc.gc.ca/account-resp/pd-dp/dc/2009-2010/con-314-eng.html,"Status of Women Canada","Compuphile Systems Inc.",1W001-10-0264,2010-02-18,"1227 Acquisition of informatics equipment and parts - Computer Equipment - Small",,2010-02-18,10379.25,"Standing offer: E60EJ-07000M/003/EJ"
http://www.swc-cfc.gc.ca/account-resp/pd-dp/dc/2009-2010/con-310-eng.html,"Status of Women Canada","WorkDynamics Technologies Inc.",1W001-10-0047,2010-03-03,"1228 Acquisition of informatics equipment and parts - Software",,2010-03-03,34618.50,"Standing offer: E60ET-9-0006/002/XL"
http://www.swc-cfc.gc.ca/account-resp/pd-dp/dc/2009-2010/con-311-eng.html,"Status of Women Canada","Compuphile Systems Inc.",1W001-10-0254,2010-03-03,"1226 Acquisition of informatics equipment and parts - Computer Equipment - Large/Medium",,2010-03-03,17940.29,"Standing offer: E60EJ-07000M/003/EJ"
http://www.swc-cfc.gc.ca/account-resp/pd-dp/dc/2009-2010/con-319-eng.html,"Status of Women Canada","Telecom Computer",C10-22,2010-03-09,"1228 Acquisition of informatics equipment and parts - Software",,2010-03-09,21021.89,"Competitive Request for Proposal"
http://www.swc-cfc.gc.ca/account-resp/pd-dp/dc/2009-2010/con-321-eng.html,"Status of Women Canada","Spirit Staffing &amp; Consultants",P10014-3,2010-03-29,"0813 Temporary Help Services","2009-10-16 to 2010-05-31",,13865.63,"Standing offer: EW479-070013/011/EDM Contract Amendment"
http://www.swc-cfc.gc.ca/account-resp/pd-dp/dc/2009-2010/con-316-eng.html,"Status of Women Canada",Softchoice,1W001-11-0181,2010-03-31,"1228 Acquisition of informatics equipment and parts - Software",,2010-03-31,15249.15,"Standing offer: E60ET-9-0009/001/EWT"
http://www.swc-cfc.gc.ca/account-resp/pd-dp/dc/2009-2010/con-298-eng.html,"Status of Women Canada","WorkDynamics Technologies Incorporated",C10-13-1,2009-11-02,"1228 Acquisition of informatics equipment and parts - Software","2009-11-02 to 2009-12-11",,13788.00,"Sole Source with Justification"
http://www.swc-cfc.gc.ca/account-resp/pd-dp/dc/2009-2010/con-304-eng.html,"Status of Women Canada",Xerox,1W001-10-0024,2009-11-17,"0525 Rental of Informatics Equipment - Rental of Computer Equipment","2009-11-17 to 2014-11-17",,13471.50,"Standing offer: EZ107---0700/01-/ON"
http://www.swc-cfc.gc.ca/account-resp/pd-dp/dc/2009-2010/con-302-eng.html,"Status of Women Canada","The Associates Group of Companies TAG HR",P10012-4,2009-11-26,"0813 Temporary Help Services","2009-09-29 to 2009-12-22",,12482.51,"Contract Amendment - Standing offer: EN578-060502/008/ZT"
http://www.swc-cfc.gc.ca/account-resp/pd-dp/dc/2009-2010/con-299-eng.html,"Status of Women Canada","Catalyst Research &amp; Communications",C10-14,2009-12-03,"0499 Other professional services not specified elsewhere","2009-12-03 to 2010-02-05",,25000.00,"Competitive Request for Proposal"
http://www.swc-cfc.gc.ca/account-resp/pd-dp/dc/2009-2010/con-303-eng.html,"Status of Women Canada","CNW Group Ltd.",1W001-10-0025,2009-12-11,"0351 Communications professional services not specified elsewhere","2009-12-11 to 2010-03-31",,12600.00,"Standing offer: EHA11-060002/002/CY"
http://www.swc-cfc.gc.ca/account-resp/pd-dp/dc/2009-2010/con-300-eng.html,"Status of Women Canada","Spirit Staffing &amp; Consultants",P10014-1,2009-12-15,"0813 Temporary Help Services","2009-10-16 to 2010-02-15",,12201.75,"Standing offer: EW479-070013/011/EDM Contract Amendment"
http://www.swc-cfc.gc.ca/account-resp/pd-dp/dc/2009-2010/con-301-eng.html,"Status of Women Canada","Barbara Personnel",P10013-1,2009-12-22,"0813 Temporary Help Services","2009-10-16 to 2010-02-16",,22107.09,"Standing offer: EN578-060502/027/ZT Contract Amendment"
http://www.swc-cfc.gc.ca/account-resp/pd-dp/dc/2009-2010/con-295-eng.html,"Status of Women Canada","Altis Human Resources",P10008,2009-07-24,"0813 Temporary Help Services","2009-07-23 to 2009-10-30",,28350.00,"Contract Amendment - Standing offer: EN578-060502/019/ZT"
http://www.swc-cfc.gc.ca/account-resp/pd-dp/dc/2009-2010/con-296-eng.html,"Status of Women Canada","The Associates Group of Companies TAG HR",P10003-2,2009-08-07,"0813 Temporary Help Services","2009-05-06 to 2009-12-31",,14410.30,"Contract Amendment - Standing offer: EN578-060502/008/ZT"
http://www.swc-cfc.gc.ca/account-resp/pd-dp/dc/2009-2010/con-297-eng.html,"Status of Women Canada","Barbara Personnel",P10007,2009-08-07,"0813 Temporary Help Services","2009-08-27 to 2009-11-13",,19750.50,"Standing offer: EN578-060502/027/ZT"
http://www.swc-cfc.gc.ca/account-resp/pd-dp/dc/2009-2010/con-290-eng.html,"Status of Women Canada","Llama Communications",C10-10,2009-08-26,"0352 Public Relations Services","2009-08-26 to 2009-10-25",,11550.00,
http://www.swc-cfc.gc.ca/account-resp/pd-dp/dc/2009-2010/con-291-eng.html,"Status of Women Canada","Traductions Tessier",C10-11,2009-09-02,"0494 Translation Services","2009-09-01 to 2011-08-31",,63000.00,
http://www.swc-cfc.gc.ca/account-resp/pd-dp/dc/2009-2010/con-292-eng.html,"Status of Women Canada","Soci&eacute;t&eacute; Gamma",C10-12,2009-09-02,"0494 Translation Services","2009-09-02 to 2011-08-31",,105000.00,
http://www.swc-cfc.gc.ca/account-resp/pd-dp/dc/2009-2010/con-293-eng.html,"Status of Women Canada","MaxSys Staffing and Consulting",P10004-3,2009-09-30,"0813 Temporary Help Services","2009-03-12 to 2009-11-30",,25132.68,"Contract Amendment - Standing offer: EN578-060502/006/ZT"
http://www.swc-cfc.gc.ca/account-resp/pd-dp/dc/2009-2010/con-268-eng.html,"Status of Women Canada","Soci&eacute;t&eacute; Gamma",C09-12-1,2009-04-01,"0494 Translation Services","2009-03-31 to 2009-08-31",,31500.00,"Contract Amendment"
http://www.swc-cfc.gc.ca/account-resp/pd-dp/dc/2009-2010/con-289-eng.html,"Status of Women Canada","Longo &amp; Associates",1W001-10-0007,2009-04-17,"0499 Other professional services not specified elsewhere","2009-04-17 to 2009-05-15",,16050.00,"Standing offer: E60ZG-030001/048/ZG"
http://www.swc-cfc.gc.ca/account-resp/pd-dp/dc/2009-2010/con-282-eng.html,"Status of Women Canada","Karen Benoit",C10-01,2009-05-15,"0494 Translation Services","2009-05-27 to 2010-03-31",,10500.00,
http://www.swc-cfc.gc.ca/account-resp/pd-dp/dc/2009-2010/con-283-eng.html,"Status of Women Canada",Linguistica,C10-02,2009-05-15,"0494 Translation Services","2009-05-29 to 2010-03-31",,21000.00,
http://www.swc-cfc.gc.ca/account-resp/pd-dp/dc/2009-2010/con-284-eng.html,"Status of Women Canada","France Boissonneault",C10-03,2009-05-15,"0494 Translation Services","2009-05-27 to 2010-03-31",,21000.00,
http://www.swc-cfc.gc.ca/account-resp/pd-dp/dc/2009-2010/con-285-eng.html,"Status of Women Canada","Francois Houle",C10-04,2009-05-15,"0494 Translation Services","2009-05-27 to 2010-03-31",,21000.00,
http://www.swc-cfc.gc.ca/account-resp/pd-dp/dc/2009-2010/con-286-eng.html,"Status of Women Canada","Jeannot Trudel",C10-06,2009-05-15,"0494 Translation Services","2009-05-28 to 2010-03-31",,10500.00,
http://www.swc-cfc.gc.ca/account-resp/pd-dp/dc/2009-2010/con-287-eng.html,"Status of Women Canada","CNW Group",C10-09,2009-05-21,"0351 Communications professional services not specified elsewhere","2009-05-26 to 2010-03-31",,25200.00,"Standing offer: EHA11-060002/002/CY"
http://www.swc-cfc.gc.ca/account-resp/pd-dp/dc/2009-2010/con-288-eng.html,"Status of Women Canada","The Associates Group of Companies - TAG HR",P10003-1,2009-06-19,"0813 Temporary Help Services","2009-05-06 to 2009-08-31",,12530.70,"Contract Amendment - Standing offer: EN578-060502/008/ZT"
http://www.swc-cfc.gc.ca/account-resp/pd-dp/dc/2008-2009/con-275-eng.html,"Status of Women Canada","Spirit Staffing &amp; Consultants",P09025-2,2009-01-15,"0813 Temporary Help Services","2009-01-27 to 2009-05-01",,12006.00,"Standing offer: EW479-070013/011/EDM"
http://www.swc-cfc.gc.ca/account-resp/pd-dp/dc/2008-2009/con-277-eng.html,"Status of Women Canada","3852946 Canada Inc., o/a MaxSys Aboriginal Services",P10002,2009-01-15,"0813 Temporary Help Services","2009-01-15 to 2009-05-29",,23872.77,"Standing offer: EN537-8-4015/065-ZJ"
http://www.swc-cfc.gc.ca/account-resp/pd-dp/dc/2008-2009/con-257-eng.html,"Status of Women Canada","Julia Cipriani and Associates",C09-16-1,2009-01-19,"0491 Management Consulting","2009-01-19 to 2009-02-22",,12000.00,"Contract Amendment"
http://www.swc-cfc.gc.ca/account-resp/pd-dp/dc/2008-2009/con-280-eng.html,"Status of Women Canada","Tartar Agence Graphique",C09-18-1,2009-01-20,"0352 Public Relations Services","2009-01-20 to 2009-03-31",,11128.95,"Contract Amendment"
http://www.swc-cfc.gc.ca/account-resp/pd-dp/dc/2008-2009/con-258-eng.html,"Status of Women Canada","Andr&eacute; Chartrand Consultation Inc.",C09-19,2009-02-02,"0491 Management Consulting","2009-02-04 to 2009-08-01",,12285.00,
http://www.swc-cfc.gc.ca/account-resp/pd-dp/dc/2008-2009/con-259-eng.html,"Status of Women Canada","Llama Communications",C09-20,2009-02-04,"0352 Public Relations Services","2009-02-05 to 2009-09-09",,12600.00,
http://www.swc-cfc.gc.ca/account-resp/pd-dp/dc/2008-2009/con-271-eng.html,"Status of Women Canada",Freebalance,1W001-9-0237,2009-02-11,"1228 Acquisition of informatics equipment and parts - Software","2009-02-11 to 2009-03-31",,19110.00,"Standing offer: E60ET-9-0010/00-1ET"
http://www.swc-cfc.gc.ca/account-resp/pd-dp/dc/2008-2009/con-261-eng.html,"Status of Women Canada","Landry Micro Solutions",C09-22,2009-02-12,"1228 Acquisition of informatics equipment and parts - Software","2009-02-18 to 2009-03-31",,24675.00,
http://www.swc-cfc.gc.ca/account-resp/pd-dp/dc/2008-2009/con-272-eng.html,"Status of Women Canada","Softchoice Corporation",1-W001-9-0238,2009-02-13,"1228 Acquisition of informatics equipment and parts - Software","2009-02-13 to 2009-03-31",,14921.55,"Standing offer: E60ET-9-0009/00-1ET"
http://www.swc-cfc.gc.ca/account-resp/pd-dp/dc/2008-2009/con-263-eng.html,"Status of Women Canada","J. Simkins &amp; Associates",C09-24,2009-02-18,"0499 Other professional services not specified elsewhere","2009-02-23 to 2009-04-30",,27562.50,"Standing offer: E60ZG-030002/025/ZG"
http://www.swc-cfc.gc.ca/account-resp/pd-dp/dc/2008-2009/con-273-eng.html,"Status of Women Canada","Compuphile Incorporated",1W001-9-0240,2009-02-19,"1226 Acquisition of informatics equipment and parts - Computer Equipment - Large/Medium","2009-02-19 to 2009-03-31",,14725.17,"Standing offer: E60EJ-0-1000/30-001"
http://www.swc-cfc.gc.ca/account-resp/pd-dp/dc/2008-2009/con-274-eng.html,"Status of Women Canada","Compuphile Incorporated",1W001-9-0241,2009-02-19,"1226 Acquisition of informatics equipment and parts - Computer Equipment - Large/Medium","2009-02-19 to 2009-03-31",,25844.57,"Standing offer: E60EJ-0700M/003/EJ"
http://www.swc-cfc.gc.ca/account-resp/pd-dp/dc/2008-2009/con-262-eng.html,"Status of Women Canada","McGill Buckley",C09-23,2009-02-23,"0352 Public Relations Services","2009-03-02 to 2009-03-31",,18726.75,
http://www.swc-cfc.gc.ca/account-resp/pd-dp/dc/2008-2009/con-264-eng.html,"Status of Women Canada","Ildik&oacute; Hencz",C09-25,2009-02-23,"0352 Public Relations Services","2009-02-27 to 2009-03-31",,11550.00,
http://www.swc-cfc.gc.ca/account-resp/pd-dp/dc/2008-2009/con-270-eng.html,"Status of Women Canada","Allan du Manoir de Juaye",C09-32,2009-02-23,"0351 Communications professional services not specified elsewhere","2009-03-01 to 2009-03-31",,10500.00,
http://www.swc-cfc.gc.ca/account-resp/pd-dp/dc/2008-2009/con-265-eng.html,"Status of Women Canada","GSI International Counsulting Group",C09-28,2009-03-06,"0472 Information Technology Consultants","2009-03-06 to 2009-03-31",,21735.00,
http://www.swc-cfc.gc.ca/account-resp/pd-dp/dc/2008-2009/con-266-eng.html,"Status of Women Canada","Top Box Consulting",C09-29,2009-03-18,"0491 Management Consulting","2009-03-23 to 2009-04-15",,17850.00,
http://www.swc-cfc.gc.ca/account-resp/pd-dp/dc/2008-2009/con-260-eng.html,"Status of Women Canada","Knowledge Centre",C09-21,2009-03-23,"0499 Other professional services not specified elsewhere","2009-05-11 to 2010-05-31",,12768.32,
http://www.swc-cfc.gc.ca/account-resp/pd-dp/dc/2008-2009/con-267-eng.html,"Status of Women Canada","Mario Godbout Design",C09-30,2009-03-26,"0352 Public Relations Services","2009-03-26 to 2009-04-30",,11550.00,
http://www.swc-cfc.gc.ca/account-resp/pd-dp/dc/2008-2009/con-269-eng.html,"Status of Women Canada","Michael Langill",C09-31,2009-03-27,"0351 Communications professional services not specified elsewhere","2009-02-01 to 2009-03-31",,24990.00,
http://www.swc-cfc.gc.ca/account-resp/pd-dp/dc/2008-2009/con-278-eng.html,"Status of Women Canada","People Development Global Incorporated",1W001-10-0004,2009-03-30,"0499 Other professional services not specified elsewhere","2009-04-01 to 2009-06-01",,19602.40,"Standing offer: E60ZG-0-3000/3/-00G"
http://www.swc-cfc.gc.ca/account-resp/pd-dp/dc/2008-2009/con-254-eng.html,"Status of Women Canada","802732 Ontario Inc. o/a The Associates Group of Companies",P09020,2008-10-06,"0813 Temporary Help Services","2008-10-06 to 2008-12-31",,12174.91,"Standing offer: EN537-8-4015/047/ZF"
http://www.swc-cfc.gc.ca/account-resp/pd-dp/dc/2008-2009/con-253-eng.html,"Status of Women Canada","Julia Cipriani and Associates",C09-16,2008-11-27,"0491 Management Consulting","2008-11-27 to 2009-02-22",,24937.50,
http://www.swc-cfc.gc.ca/account-resp/pd-dp/dc/2008-2009/con-243-eng.html,"Status of Women Canada","Boissonneault, France",C09-07,2008-07-28,"0494 Translation Services","2008-07-28 to 2009-03-31",,10500.00,
http://www.swc-cfc.gc.ca/account-resp/pd-dp/dc/2008-2009/con-242-eng.html,"Status of Women Canada",Linguistica,C09-06,2008-08-01,"0494 Translation Services","2008-08-01 to 2009-03-31",,21000.00,
http://www.swc-cfc.gc.ca/account-resp/pd-dp/dc/2008-2009/con-244-eng.html,"Status of Women Canada","Afriat, Myriam",C09-08,2008-08-01,"0494 Translation Services","2008-08-01 to 2009-03-31",,21000.00,
http://www.swc-cfc.gc.ca/account-resp/pd-dp/dc/2008-2009/con-245-eng.html,"Status of Women Canada","Ryan, Christiane",C09-09,2008-08-18,"0494 Translation Services","2008-08-18 to 2009-03-31",,21000.00,
http://www.swc-cfc.gc.ca/account-resp/pd-dp/dc/2008-2009/con-246-eng.html,"Status of Women Canada",Metaphrase,C09-10,2008-08-19,"0494 Translation Services","2008-08-19 to 2009-03-31",,10500.00,
http://www.swc-cfc.gc.ca/account-resp/pd-dp/dc/2008-2009/con-248-eng.html,"Status of Women Canada","Soci&eacute;t&eacute; Gamma",C09-12,2008-08-25,"0494 Translation Services","2008-08-25 to 2009-03-31",,63000.00,
http://www.swc-cfc.gc.ca/account-resp/pd-dp/dc/2008-2009/con-250-eng.html,"Status of Women Canada","1019837 Ontario Inc. o/a Dynamic Personnel Consultants",P09018,2008-09-01,"0813 Temporary Help Services","2008-09-01 to 2008-12-31",,22176.00,"Standing offer: EN537-8-4015/046/ZF"
http://www.swc-cfc.gc.ca/account-resp/pd-dp/dc/2008-2009/con-251-eng.html,"Status of Women Canada","Barbara Personnel Inc.",P09019,2008-09-01,"0813 Temporary Help Services","2008-09-01 to 2008-12-31",,23818.41,"Standing offer: EN537-8-4015/004-ZF"
http://www.swc-cfc.gc.ca/account-resp/pd-dp/dc/2008-2009/con-249-eng.html,"Status of Women Canada",Kolegram,C09-15,2008-09-02,"0351 Communications professional services not specified elsewhere","2008-09-02 to 2008-09-30",,13681.50,
http://www.swc-cfc.gc.ca/account-resp/pd-dp/dc/2008-2009/con-232-eng.html,"Status of Women Canada","Altis Human Resources (Ottawa) Inc./Altis SPR","PO 9009",2008-04-01,"0813 Temporary help services","2008-04-01 to 2008-06-27",,31395.00,"Standing offer: EN537-8-4015/148-ZJ"
http://www.swc-cfc.gc.ca/account-resp/pd-dp/dc/2008-2009/con-241-eng.html,"Status of Women Canada","1092009 Ontario Inc. / Personnel Force/Tech Force",P09002,2008-04-03,"0813 Temporary help services","2008-04-03 to 2008-05-02",,26449.43,"Standing offer: EN537-8-4015/032-ZF"
http://www.swc-cfc.gc.ca/account-resp/pd-dp/dc/2008-2009/con-235-eng.html,"Status of Women Canada","Quantum Management","PO 9004",2008-04-23,"0813 Temporary help services","2008-04-28 to 2008-06-27",,10530.00,"Standing offer: E6MON-050001/008/MTC"
http://www.swc-cfc.gc.ca/account-resp/pd-dp/dc/2008-2009/con-236-eng.html,"Status of Women Canada","Softchoice Corporation",1W001-9-0233,2008-04-23,"0670 Equipment - Hardware &amp; Software",2008-04-23,2008-05-07,11523.75,"Standing offer: E60ET-9-0009/00-1ET"
http://www.swc-cfc.gc.ca/account-resp/pd-dp/dc/2008-2009/con-239-eng.html,"Status of Women Canada","Ian Martin",C09-02,2008-04-30,"0491 Management Consulting","2008-04-30 to 2008-08-29",,15900.00,
http://www.swc-cfc.gc.ca/account-resp/pd-dp/dc/2008-2009/con-238-eng.html,"Status of Women Canada","Donna Nixon",C09-04,2008-05-05,"0401 Accounting and Audit Services","2008-05-05 to 2008-12-31",,20580.00,
http://www.swc-cfc.gc.ca/account-resp/pd-dp/dc/2008-2009/con-233-eng.html,"Status of Women Canada","Barbara Personnel Inc./Barbara","PO 9010",2008-05-14,"0813 Temporary help services","2008-05-19 to 2008-08-29",,15157.17,"Standing offer: EN537-8-4015/004-ZF"
http://www.swc-cfc.gc.ca/account-resp/pd-dp/dc/2008-2009/con-237-eng.html,"Status of Women Canada","Longo &amp; Associates Ltd.",1W001-9-0008,2008-05-23,"0491 Management Consulting","2008-05-23 to 2009-03-31",,15247.50,"Standing offer: E60ZG-0-3000/10-48/ZG"
http://www.swc-cfc.gc.ca/account-resp/pd-dp/dc/2008-2009/con-240-eng.html,"Status of Women Canada","CNW Group",C09-03,2008-05-27,"0351 Communications professional services not specified elsewhere","2008-05-01 to 2009-03-31",,25725.00,"Standing offer: EHA11060002"
http://www.swc-cfc.gc.ca/account-resp/pd-dp/dc/2008-2009/con-234-eng.html,"Status of Women Canada","1019837 Ontario Inc. o/a Dynamic Personnel Consultants/Dynamic Personnel","PO 9013",2008-06-16,"0813 Temporary help services","2008-06-16 to 2008-08-29",,12720.00,"Standing offer: EN537-8-4015/046/ZF"
http://www.swc-cfc.gc.ca/account-resp/pd-dp/dc/2007-2008/con-225-eng.html,"Status of Women Canada","Krug Inc.",1W00-8-0011,2008-01-15,"1231 Office Furniture and furnishings, Including Parts",,2008-03-31,10423.52,"Standing offer: E60PQ-0-3000/3-00Q"
http://www.swc-cfc.gc.ca/account-resp/pd-dp/dc/2007-2008/con-211-eng.html,"Status of Women Canada","175213 Canada Inc. / Samson &amp; Associ&eacute;s",PO8045,2008-01-17,"0813 Temporary Help Services","2008-01-07 to 2008-03-31",,28350.00,
http://www.swc-cfc.gc.ca/account-resp/pd-dp/dc/2007-2008/con-204-eng.html,"Status of Women Canada","Earthlore Communication",C08-21,2008-01-22,"0351 Communications professional services not specified elsewhere","2008-01-22 to 2008-02-20",,12772.20,
http://www.swc-cfc.gc.ca/account-resp/pd-dp/dc/2007-2008/con-210-eng.html,"Status of Women Canada","Altis Human Resources (Ottawa) Inc. / Altis SPR",PO8041,2008-01-22,"0813 Temporary Help Services","2008-01-30 to 2008-03-31",,21735.00,"Standing offer: EN537-8-4015/148-ZJ"
http://www.swc-cfc.gc.ca/account-resp/pd-dp/dc/2007-2008/con-207-eng.html,"Status of Women Canada",Applecrate,C08-29,2008-01-28,"0351 Communications professional services not specified elsewhere","2008-01-28 to 2008-09-30",,10500.00,
http://www.swc-cfc.gc.ca/account-resp/pd-dp/dc/2007-2008/con-226-eng.html,"Status of Women Canada","Compuphile Systems Inc.",1-W001-8-0073,2008-01-30,"0670 Equipment - Hardware &amp; Software",,2008-03-31,74602.50,"Standing offer: E60EJ-0-3000/DO-04EJ"
http://www.swc-cfc.gc.ca/account-resp/pd-dp/dc/2007-2008/con-217-eng.html,"Status of Women Canada","Compuphile Systems Inc.",1W001-8-0072,2008-01-30,"0670 Equipment - Hardware &amp; Software",,2008-03-26,33264.00,"Standing offer: E60EJ-0-4000/N0-03E"
http://www.swc-cfc.gc.ca/account-resp/pd-dp/dc/2007-2008/con-203-eng.html,"Status of Women Canada","Artemis Consultants Inc.",C08-20,2008-02-04,"0491 Management Consulting","2008-02-04 to 2008-05-23",,34038.75,"Standing offer: E60ZG-030002-001-ZG"
http://www.swc-cfc.gc.ca/account-resp/pd-dp/dc/2007-2008/con-218-eng.html,"Status of Women Canada","Compuphile Systems Inc.",1W001-8-0077,2008-02-04,"0670 Equipment - Hardware &amp; Software",,2008-03-31,12628.08,"Standing offer: E60EJ-0-1000/30-001"
http://www.swc-cfc.gc.ca/account-resp/pd-dp/dc/2007-2008/con-222-eng.html,"Status of Women Canada","Krug Inc.",1W001-8-0016,2008-02-07,"1231 Office Furniture and Furnishings, Including Parts",,2008-03-31,11525.87,"Standing offer: E60PQ-0-3000/3/00Q"
http://www.swc-cfc.gc.ca/account-resp/pd-dp/dc/2007-2008/con-206-eng.html,"Status of Women Canada","Liane Roy Consultante",C08-26,2008-02-10,"0499 Other professional services not elsewhere specified","2008-02-10 to 2008-03-21",,15225.00,
http://www.swc-cfc.gc.ca/account-resp/pd-dp/dc/2007-2008/con-219-eng.html,"Status of Women Canada","Compuphile Systems Inc.",1W001-8-0083,2008-02-19,"0670 Equipment - Hardware &amp; Software",,2008-03-28,46508.70,"Standing offer: E60EJ-0-1000/30-001/EJ"
http://www.swc-cfc.gc.ca/account-resp/pd-dp/dc/2007-2008/con-205-eng.html,"Status of Women Canada","Deloitte Inc.",C08-23,2008-02-25,"0491 Management consulting","2008-02-25 to 2008-04-30",,15600.00,
http://www.swc-cfc.gc.ca/account-resp/pd-dp/dc/2007-2008/con-223-eng.html,"Status of Women Canada","Atlantic Business Interiors",1W001-8-0019,2008-02-25,"1231 Office furniture and furnishings, Including Parts",,2008-03-31,26532.04,"Standing offer: E60PQ-030001/003/PQ"
http://www.swc-cfc.gc.ca/account-resp/pd-dp/dc/2007-2008/con-224-eng.html,"Status of Women Canada","Atlantic Business Interiors",1W001-8-0021,2008-02-25,"1231 Office Furniture and Furnishings, Including Parts",,2008-03-31,10683.59,"Standing offer: EPQ-030004/019/006/PQ"
http://www.swc-cfc.gc.ca/account-resp/pd-dp/dc/2007-2008/con-216-eng.html,"Status of Women Canada","Softchoice Corporation",1W001-080081,2008-02-26,"0670 Equipment - Hardware &amp; Software",,2008-02-29,60711.00,"Standing offer: E60ET-9-0009/001/ET"
http://www.swc-cfc.gc.ca/account-resp/pd-dp/dc/2007-2008/con-221-eng.html,"Status of Women Canada","Tab/Pathfinder Systems",1W001-8-0022,2008-02-29,"1231 Office Furniture and Furnishings, Including Parts",,2008-03-20,19197.73,"Standing offer: E60PD-060076/003/PD"
http://www.swc-cfc.gc.ca/account-resp/pd-dp/dc/2007-2008/con-227-eng.html,"Status of Women Canada","Steelcase Canada Inc.",1W001-8-0024,2008-02-29,"1231 Office Furniture and Furnishings, Including Parts",,2008-03-31,13413.73,"Standing offer: E60PQ-0-300/03/PQ"
http://www.swc-cfc.gc.ca/account-resp/pd-dp/dc/2007-2008/con-231-eng.html,"Status of Women Canada","Altis Human Resources (Ottawa) Inc. / Altis SPR",PO8053,2008-03-07,"0813 Temporary Help Services","2008-03-07 to 2008-05-31",,12348.00,"Standing offer: EN537-8-4015/148/ZJ"
http://www.swc-cfc.gc.ca/account-resp/pd-dp/dc/2007-2008/con-247-eng.html,"Status of Women Canada","Altis SPR",C09-11,2008-03-07,"0813 Temporary Help Services","2008-03-07 to 2008-05-31",,13009.50,"Standing offer: EN537-8-4015/148/ZJ   Record added 2008/10/27"
http://www.swc-cfc.gc.ca/account-resp/pd-dp/dc/2007-2008/con-252-eng.html,"Status of Women Canada","Altis Human Resources (Ottawa) Inc.",P09006,2008-03-07,"0813 Temporary Help Services","2008-03-07 to 2008-05-31",,12348.00,"Standing offer: EN537-8-4015/148-ZJ   Record added 2008/10/27"
http://www.swc-cfc.gc.ca/account-resp/pd-dp/dc/2007-2008/con-208-eng.html,"Status of Women Canada","Diversity Matters",C08-30,2008-03-20,"0499 Other professional services not elsewhere specified","2008-03-20 to 2008-04-11",,10500.00,
http://www.swc-cfc.gc.ca/account-resp/pd-dp/dc/2007-2008/con-209-eng.html,"Status of Women Canada","Community Choices Consulting Inc.",C08-32,2008-03-21,"0499 Other professional services not elsewhere specified.",2008-03-21,2008-06-15,15750.00,
http://www.swc-cfc.gc.ca/account-resp/pd-dp/dc/2007-2008/con-213-eng.html,"Status of Women Canada","Altis Human Resources (Ottawa) Inc. / Altis SPR",PO8054,2008-03-25,"0813 Temporary help services","2008-03-25 to 2008-06-30",,35065.80,"Standing offer: EN537-8-4015/148-ZJ"
http://www.swc-cfc.gc.ca/account-resp/pd-dp/dc/2007-2008/con-214-eng.html,"Status of Women Canada","Softchoice Corporation",1W001-9-0001,2008-03-25,"0670 Equipment - Hardware &amp; Software",,2008-03-31,23238.60,"Standing offer: E60ET-9-0009/00-1ET"
http://www.swc-cfc.gc.ca/account-resp/pd-dp/dc/2007-2008/con-197-eng.html,"Status of Women Canada","Harrington Marketing Limited / Harrington Staffing Service",PO8027,2007-10-01,"0813 Temporary Help Services","2007-10-01 to 2007-12-21",,21041.55,"Standing offer: EN537-8-4015/011-ZF"
http://www.swc-cfc.gc.ca/account-resp/pd-dp/dc/2007-2008/con-202-eng.html,"Status of Women Canada",COM&#39;&Ccedil;A,08-15,2007-10-01,"0494 Translation Services","2007-10-01 to 2008-03-31",,17490.00,
http://www.swc-cfc.gc.ca/account-resp/pd-dp/dc/2007-2008/con-198-eng.html,"Status of Women Canada","Calian Ltd.",PO8028,2007-10-08,"0813 Temporary Help Services","2007-10-08 to 2007-12-28",,13000.50,"Standing Offer: EN537-8-4015/001-ZF"
http://www.swc-cfc.gc.ca/account-resp/pd-dp/dc/2007-2008/con-199-eng.html,"Status of Women Canada","Sea Mist Consultants",08-17,2007-10-15,"0491 Management Consulting","2007-10-15 to 2008-03-31",,24592.00,
http://www.swc-cfc.gc.ca/account-resp/pd-dp/dc/2007-2008/con-200-eng.html,"Status of Women Canada","Hay Group Ltd.",08-19,2007-10-22,"0499 Other professional services not specified elsewhere","2007-10-22 to 2008-03-31",,13780.00,
http://www.swc-cfc.gc.ca/account-resp/pd-dp/dc/2007-2008/con-196-eng.html,"Status of Women Canada","175213 Canada Inc. / Samson &amp; Associ&eacute;s",PO8033,2007-11-07,"0813 Temporary Help Services","2007-11-07 to 2007-12-06",,17655.00,"Standing offer: EN537-8-4015/167-ZJ"
http://www.swc-cfc.gc.ca/account-resp/pd-dp/dc/2007-2008/con-201-eng.html,"Status of Women Canada","175213 Canada Inc. / Samson &amp; Associ&eacute;s",PO8035,2007-11-27,"0813 Temporary Help Services","2007-11-27 to 2007-12-21",,17370.75,"Standing Offer: EN537-8-4015/167-ZJ"
http://www.swc-cfc.gc.ca/account-resp/pd-dp/dc/2007-2008/con-194-eng.html,"Status of Women Canada","Longo &amp; Associates Ltd",C08-13,2007-07-01,"0499 Other professional services not specified elsewhere","2007-07-01 to 2008-03-31",,17225.00,
http://www.swc-cfc.gc.ca/account-resp/pd-dp/dc/2007-2008/con-191-eng.html,"Status of Women Canada",Kolegram,C08-14,2007-08-16,"0351 Communications professional services not specified elsewhere","2007-08-16 to 2007-09-30",,15258.70,
http://www.swc-cfc.gc.ca/account-resp/pd-dp/dc/2007-2008/con-193-eng.html,"Status of Women Canada","Cloutier, Marie",C08-11,2007-09-04,"0351 Communications professional services not specified elsewhere","2007-09-04 to 2007-10-31",,13356.00,
http://www.swc-cfc.gc.ca/account-resp/pd-dp/dc/2007-2008/con-173-eng.html,"Status of Women Canada","Cooper, Suzanne",C08-01,2007-04-01,"0499 Other professional services not specified elsewhere","2007-04-01 to 2008-03-31",,20670.00,
http://www.swc-cfc.gc.ca/account-resp/pd-dp/dc/2007-2008/con-175-eng.html,"Status of Women Canada","Soci&eacute;t&eacute; Gamma",C08-06,2007-04-01,"0494 Translation Services","2007-04-01 to 2008-03-31",,85600.00,
http://www.swc-cfc.gc.ca/account-resp/pd-dp/dc/2007-2008/con-176-eng.html,"Status of Women Canada","Ryan, Christiane",C08-07,2007-04-01,"0494 Translation Services","2007-04-01 to 2008-03-31",,23540.00,
http://www.swc-cfc.gc.ca/account-resp/pd-dp/dc/2007-2008/con-177-eng.html,"Status of Women Canada",Linguistica,C08-08,2007-04-01,"0494 Translation Services","2007-04-01 to 2008-03-31",,23540.00,
http://www.swc-cfc.gc.ca/account-resp/pd-dp/dc/2007-2008/con-178-eng.html,"Status of Women Canada","Boissonneault, France",C08-09,2007-04-01,"0494 Translation Services","2007-04-01 to 2008-03-31",,10700.00,
http://www.swc-cfc.gc.ca/account-resp/pd-dp/dc/2007-2008/con-180-eng.html,"Status of Women Canada",FreeBalance,1-W001-8-0066,2007-04-01,"0670 Equipment - Hardware &amp; Software","2007-04-01 to 2008-03-31",,14840.00,
http://www.swc-cfc.gc.ca/account-resp/pd-dp/dc/2007-2008/con-182-eng.html,"Status of Women Canada","QMR Staffing Solutions Inc.",PO8007,2007-05-03,"0813 Temporary Help Services","2007-05-03 to 2007-09-30",,12839.68,"Standing Offer: EN537-8-4015/140-ZJ"
http://www.swc-cfc.gc.ca/account-resp/pd-dp/dc/2007-2008/con-174-eng.html,"Status of Women Canada","Sussex Circle",C08-02,2007-05-09,"0491 Management Consulting","2007-05-09 to 2007-06-30",,10600.00,
http://www.swc-cfc.gc.ca/account-resp/pd-dp/dc/2007-2008/con-183-eng.html,"Status of Women Canada","Calian Ltd.",PO8009,2007-05-24,"0813 Temporary Help Services","2007-05-24 to 2007-10-12",,22100.85,"Standing offer: EN537-8-4015/001-ZF"
http://www.swc-cfc.gc.ca/account-resp/pd-dp/dc/2007-2008/con-184-eng.html,"Status of Women Canada","SPI Consultants",PO8010,2007-06-01,"0813 Temporary Help Services","2007-06-01 to 2007-08-31",,12181.95,"Standing offer: EN537-8-4015/002-ZF"
http://www.swc-cfc.gc.ca/account-resp/pd-dp/dc/2007-2008/con-190-eng.html,"Status of Women Canada","3178935 Canada Inc., o/a Hunt Personnel/Temporarily Yours",PO8011,2007-06-01,"0813 Temporary Help Services","2007-06-01 to 2007-08-31",,11970.09,"Standing offer: EN537-8-4015/009-ZF"
http://www.swc-cfc.gc.ca/account-resp/pd-dp/dc/2007-2008/con-179-eng.html,"Status of Women Canada",Privasoft,C08-10,2007-06-11,"0472 Information Technology Consultants","2007-06-11 to 2007-08-31",,35166.56,
http://www.swc-cfc.gc.ca/account-resp/pd-dp/dc/2007-2008/con-185-eng.html,"Status of Women Canada","Excel Human Resources Inc.",PO8013,2007-06-11,"0813 Temporary Help Services","2007-06-11 to 2007-08-17",,11419.58,"Standing offer: EN537-8-4015/007-ZF"
http://www.swc-cfc.gc.ca/account-resp/pd-dp/dc/2007-2008/con-195-eng.html,"Status of Women Canada","Ermen Plumbing",534979-XW-26022,2007-06-13,"0665 Repair/maintenance of furniture/fixtures","2007-06-13 to 2007-09-30",,12421.90,"Information received in July 2007"
http://www.swc-cfc.gc.ca/account-resp/pd-dp/dc/2006-2007/con-171-eng.html,"Status of Women Canada","Miles Employment Group",PO7056,2007-01-01,"0813 Temporary Help Services","2007-01-01 to 2007-03-31",,11621.71,"Standing Offer: 66 XSB-061000/010/XSB"
http://www.swc-cfc.gc.ca/account-resp/pd-dp/dc/2006-2007/con-172-eng.html,"Status of Women Canada","Quantum Management Services",PO7052,2007-01-01,"0813 Temporary Help Services","2007-01-01 to 2007-03-31",,10148.97,"Standing Offer: E6MON-02004/001/MTC"
http://www.swc-cfc.gc.ca/account-resp/pd-dp/dc/2006-2007/con-168-eng.html,"Status of Women Canada","Online Business Systems",C07-66,2007-03-05,"0499 Other professional services not specified elsewhere","2007-03-05 to 2007-04-30",,62321.80,"Multi-year contract"
http://www.swc-cfc.gc.ca/account-resp/pd-dp/dc/2006-2007/con-170-eng.html,"Status of Women Canada",Imatics,1W001-7-0289,2007-03-12,"0472 Information Technology Consultants","2007-03-12 to 2007-03-31",,18285.00,"Standing Offer: EN537-0-1GOL/10-77E"
http://www.swc-cfc.gc.ca/account-resp/pd-dp/dc/2006-2007/con-169-eng.html,"Status of Women Canada","McGill Buckley",C07-70,2007-03-19,"0351 Communications professional services not specified elsewhere","2007-03-19 to 2007-03-30",,22018.32,
http://www.swc-cfc.gc.ca/account-resp/pd-dp/dc/2006-2007/con-166-eng.html,"Status of Women Canada","Lexi-Tech International",C07-56,2007-03-27,"0494 Translation Services","2007-03-27 to 2007-03-31",,13052.80,
http://www.swc-cfc.gc.ca/account-resp/pd-dp/dc/2006-2007/con-167-eng.html,"Status of Women Canada","Lexi-Tech International",C07-57,2007-03-27,"0494 Translation Services","2007-03-27 to 2007-03-31",,16438.56,
http://www.swc-cfc.gc.ca/account-resp/pd-dp/dc/2006-2007/con-189-eng.html,"Status of Women Canada","Excel Human Resources Inc.",PO8003,2007-03-27,"0813 Temporary Help Services","2007-03-27 to 2007-06-01",,10728.21,"Standing Offer: EN537-8-4015/007-ZF Record added 2007-07-31"
http://www.swc-cfc.gc.ca/account-resp/pd-dp/dc/2006-2007/con-155-eng.html,"Status of Women Canada",Informetrica,07-18,2006-10-01,"0351 Communications professional services not specified elsewhere","2006-10-01 to 2007-03-31",,12720.00,
http://www.swc-cfc.gc.ca/account-resp/pd-dp/dc/2006-2007/con-160-eng.html,"Status of Women Canada","Quantum Management Services",P07038,2006-10-02,"0813 Temporary Help Services","2006-10-02 to 2006-12-29",,10148.97,"Standing Offer: E6MON-02004/001/MTC"
http://www.swc-cfc.gc.ca/account-resp/pd-dp/dc/2006-2007/con-157-eng.html,"Status of Women Canada","Lexi-Tech International",07-23,2006-10-10,"0494 Translation Services","2006-10-10 to 2006-12-21",,15666.96,
http://www.swc-cfc.gc.ca/account-resp/pd-dp/dc/2006-2007/con-161-eng.html,"Status of Women Canada","3178935 Canada Inc., o/a Hunt Personnel/Temporarily Yours",P07043,2006-10-11,"0813 Temporary Help Services","2006-10-11 to 2007-01-31",,15426.47,"Standing Offer: EN537-8-4015/009-ZF"
http://www.swc-cfc.gc.ca/account-resp/pd-dp/dc/2006-2007/con-158-eng.html,"Status of Women Canada","KSAR &amp; Associates Inc.",07-46,2006-10-13,"0491 Management consulting","2006-10-13 to 2006-11-30",,23850.00,
http://www.swc-cfc.gc.ca/account-resp/pd-dp/dc/2006-2007/con-156-eng.html,"Status of Women Canada","Lexi-Tech International",07-20,2006-10-28,"0494 Translation Services","2006-10-28 to 2006-12-05",,12745.69,
http://www.swc-cfc.gc.ca/account-resp/pd-dp/dc/2006-2007/con-162-eng.html,"Status of Women Canada","Calian Ltd.",P07047,2006-11-07,"0813 Temporary Help Services","2006-11-20 to 2007-02-02",,11355.39,"Standing Offer: EN537-8-4015/001-ZF"
http://www.swc-cfc.gc.ca/account-resp/pd-dp/dc/2006-2007/con-163-eng.html,"Status of Women Canada","3178935 Canada Inc., o/a Hunt Personnel/Temporarily Yours",P07050,2006-11-22,"0813 Temporary Help Services","2006-12-02 to 2007-03-31",,16579.73,"Standing Offer: EN537-8-4015/009-ZF"
http://www.swc-cfc.gc.ca/account-resp/pd-dp/dc/2006-2007/con-165-eng.html,"Status of Women Canada","LNW Consulting",1W001-7-0018,2006-12-11,"0472 Information Technology Consultants","2007-01-01 to 2007-03-31",,24512.50,"Standing Offer: 24062-010207/005/XL"
http://www.swc-cfc.gc.ca/account-resp/pd-dp/dc/2006-2007/con-164-eng.html,"Status of Women Canada","Brican Personnel Inc., o/a SPI Consultants",P07051,2006-12-12,"0813 Temporary Help Services","2006-12-18 to 2007-03-31",,13713.75,"Standing Offer: EN537-8-4015/002-ZF"
http://www.swc-cfc.gc.ca/account-resp/pd-dp/dc/2006-2007/con-159-eng.html,"Status of Women Canada","Hay Group Ltd.",07-61,2006-12-20,"0499 Other professional services not specified elsewhere","2006-12-20 to 2007-03-31",,12084.00,
http://www.swc-cfc.gc.ca/account-resp/pd-dp/dc/2006-2007/con-150-eng.html,"Status of Women Canada","Robert Half Canada Inc.",P07023,2006-07-14,"0813 Temporary Help Services","2006-07-14 to 2006-09-29",,13600.86,"Standing Offer: EN537-8-4015/143-ZJ"
http://www.swc-cfc.gc.ca/account-resp/pd-dp/dc/2006-2007/con-151-eng.html,"Status of Women Canada","Personnel Force/Tech Force",P07026,2006-07-31,"0813 Temporary Help Services","2006-07-31 to 2006-10-27",,13435.50,"Standing Offer: EN537-8-4015/032-ZF"
http://www.swc-cfc.gc.ca/account-resp/pd-dp/dc/2006-2007/con-154-eng.html,"Status of Women Canada","WorkDynamics Technologies",1-W001-7-0285,2006-08-17,"0472 Information Technology Consultants","2006-08-17 to 2006-09-15",,16642.00,"Standing Offer: E60ET-9-0006/00-2XL"
http://www.swc-cfc.gc.ca/account-resp/pd-dp/dc/2006-2007/con-152-eng.html,"Status of Women Canada","Miles Employment Group",P07033,2006-08-18,"0813 Temporary Help Services","2006-08-18 to 2006-12-28",,16192.80,"Standing Offer: 66XSB-061000/010/XSB"
http://www.swc-cfc.gc.ca/account-resp/pd-dp/dc/2006-2007/con-153-eng.html,"Status of Women Canada","Randstad Interim Inc.",P07036,2006-09-19,"0813 Temporary Help Services","2006-09-19 to 2006-12-31",,13383.83,"Standing Offer: EN514-8-4015/070-ZJ"
http://www.swc-cfc.gc.ca/account-resp/pd-dp/dc/2006-2007/con-117-eng.html,"Status of Women Canada","Serva Inc",1W001-7-0008,2006-04-01,"0499 Other professional services not specified elsewhere","2006-04-01 to 2007-03-31",,10700.00,"Standing Offer: EN537-6-6038/14-ZG"
http://www.swc-cfc.gc.ca/account-resp/pd-dp/dc/2006-2007/con-129-eng.html,"Status of Women Canada","University of Ottawa",07-02,2006-04-01,"0492 Research Contracts","2006-04-01 to 2007-07-31",,78200.00,"Multi-year contract"
http://www.swc-cfc.gc.ca/account-resp/pd-dp/dc/2006-2007/con-140-eng.html,"Status of Women Canada","Societe Gamma",07-29,2006-04-01,"0494 Translation Services","2006-04-01 to 2007-03-31",,85600.00,
http://www.swc-cfc.gc.ca/account-resp/pd-dp/dc/2006-2007/con-141-eng.html,"Status of Women Canada",Linguistica,07-30,2006-04-01,"0494 Translation Services","2006-04-01 to 2007-03-31",,23540.00,
http://www.swc-cfc.gc.ca/account-resp/pd-dp/dc/2006-2007/con-142-eng.html,"Status of Women Canada","Ryan, Christiane",07-31,2006-04-01,"0494 Translation Services","2006-04-01 to 2007-03-31",,23540.00,
http://www.swc-cfc.gc.ca/account-resp/pd-dp/dc/2006-2007/con-143-eng.html,"Status of Women Canada","Boissoneault, F",07-32,2006-04-01,"0494 Translation Services","2006-04-01 to 2007-03-31",,10700.00,
http://www.swc-cfc.gc.ca/account-resp/pd-dp/dc/2006-2007/con-146-eng.html,"Status of Women Canada","Hay Group Ltd.",07-41,2006-04-05,"0499 Other professional services not specified elsewhere","2006-04-05 to 2006-10-31",,12412.00,
http://www.swc-cfc.gc.ca/account-resp/pd-dp/dc/2006-2007/con-134-eng.html,"Status of Women Canada","Lexi-Tech International",07-07,2006-04-10,"0494 Translation Services","2006-04-10 to 2006-06-10",,12906.77,
http://www.swc-cfc.gc.ca/account-resp/pd-dp/dc/2006-2007/con-135-eng.html,"Status of Women Canada","Trico Group",07-08,2006-04-11,"0321 Printing Services","2006-04-11 to 2006-04-28",,11770.00,
http://www.swc-cfc.gc.ca/account-resp/pd-dp/dc/2006-2007/con-139-eng.html,"Status of Women Canada","Cooper, Suzanne",07-26,2006-04-20,"0499 Other professional services not specified elsewhere","2006-04-20 to 2007-03-31",,57459.00,
http://www.swc-cfc.gc.ca/account-resp/pd-dp/dc/2006-2007/con-131-eng.html,"Status of Women Canada","University of Guelph",07-04,2006-05-01,"0492 Research Contracts","2006-05-01 to 2007-04-30",,80000.65,"Multi-year contract"
http://www.swc-cfc.gc.ca/account-resp/pd-dp/dc/2006-2007/con-133-eng.html,"Status of Women Canada","Universite de Sherbrooke",07-06,2006-05-01,"0492 Research Contracts","2006-05-01 to 2007-04-30",,64975.00,"Multi-year contract"
http://www.swc-cfc.gc.ca/account-resp/pd-dp/dc/2006-2007/con-137-eng.html,"Status of Women Canada","Rathgeber, Eva",07-12,2006-05-01,"0492 Research Contracts","2006-05-01 to 2006-12-31",,21400.00,
http://www.swc-cfc.gc.ca/account-resp/pd-dp/dc/2006-2007/con-120-eng.html,"Status of Women Canada","ArTemp Personnel Service Inc.",P07009,2006-05-11,"0813 Temporary Help Services","2006-05-11 to 2006-07-28",,10978.20,"Standing Offer: EN537-8-4015/012/ZF"
http://www.swc-cfc.gc.ca/account-resp/pd-dp/dc/2006-2007/con-144-eng.html,"Status of Women Canada","Olney, Marie",07-38,2006-05-11,"0351 Communications professional sevices not specified elsewhere","2006-05-11 to 2006-09-01",,23540.00,
http://www.swc-cfc.gc.ca/account-resp/pd-dp/dc/2006-2007/con-145-eng.html,"Status of Women Canada","Lemay, Vincent",07-39,2006-05-11,"0351 Communications professional services not specified elsewhere","2006-05-11 to 2006-09-01",,19260.00,
http://www.swc-cfc.gc.ca/account-resp/pd-dp/dc/2006-2007/con-121-eng.html,"Status of Women Canada","1092009 Ontario Inc., o/a Personnel Force/ Tech Force",P07010,2006-05-15,"0813 Temporary Help Services","2006-05-15 to 2006-09-22",,19821.75,"Standing Offer: EN537-8-4015/032-ZF"
http://www.swc-cfc.gc.ca/account-resp/pd-dp/dc/2006-2007/con-122-eng.html,"Status of Women Canada","Advantage Personnel Ltd.",P07014,2006-05-23,"0813 Temporary Help Services","2006-05-30 to 2006-09-01",,11852.93,"Standing Offer: EN537-8-4015/112-ZJ"
http://www.swc-cfc.gc.ca/account-resp/pd-dp/dc/2006-2007/con-123-eng.html,"Status of Women Canada","Excel Human Resource Inc.",P07015,2006-05-23,"0813 Temporary Help Services","2006-05-23 to 2006-09-01",,11290.21,"Standing Offer: EN537-8-4015/007-ZF"
http://www.swc-cfc.gc.ca/account-resp/pd-dp/dc/2006-2007/con-136-eng.html,"Status of Women Canada","Bonanza Printing",07-10,2006-05-25,"0321 Printing Services","2006-05-25 to 2006-06-15",,10238.83,
http://www.swc-cfc.gc.ca/account-resp/pd-dp/dc/2006-2007/con-126-eng.html,"Status of Women Canada","J.Simkins and Associates",1W001-7-0007,2006-05-30,"0499 Other professional Services","2006-06-05 to 2006-06-18",,27000.00,"Standing Offer: E60ZG-0-3000/2/-02G"
http://www.swc-cfc.gc.ca/account-resp/pd-dp/dc/2006-2007/con-124-eng.html,"Status of Women Canada","3178935 Canada Inc.., o/a Hunt Personnel/Temporarily Yours",P07017,2006-05-31,"0813 Temporary Help Services","2006-06-21 to 2006-09-01",,10314.13,"Standing Offer: EN537-8-4015/009-ZF"
http://www.swc-cfc.gc.ca/account-resp/pd-dp/dc/2006-2007/con-147-eng.html,"Status of Women Canada","Sussex Circle",07-42,2006-06-07,"0491 Management Consulting","2006-06-07 to 2006-08-31",,24845.40,
http://www.swc-cfc.gc.ca/account-resp/pd-dp/dc/2006-2007/con-149-eng.html,"Status of Women Canada","Catalyst Research",07-45,2006-06-15,"0499 Other professional services not specified elsewhere","2006-06-15 to 2006-08-10",,11502.50,"Record added 2006-10-25"
http://www.swc-cfc.gc.ca/account-resp/pd-dp/dc/2006-2007/con-138-eng.html,"Status of Women Canada","Trico Group",07-13,2006-06-20,"0321 Printing Services","2006-06-20 to 2006-07-07",,11796.75,
http://www.swc-cfc.gc.ca/account-resp/pd-dp/dc/2006-2007/con-148-eng.html,"Status of Women Canada","Earthlore Comm.",07-44,2006-06-29,"0351 Communications professional services not specified elsewhere","2006-06-29 to 2006-08-21",,16050.00,
http://www.swc-cfc.gc.ca/account-resp/pd-dp/dc/2005-2006/con-110-eng.html,"Status of Women Canada","Barbara Personnel Inc.",PO6038,2006-01-16,"0813 Temporary Help Services","2006-01-16 to 2006-04-11",,11234.59,"Multi-year call-up - Standing Offer: EN537-8-4015/004/ZF"
http://www.swc-cfc.gc.ca/account-resp/pd-dp/dc/2005-2006/con-118-eng.html,"Status of Women Canada",Softchoice,1-W001-7-0279,2006-01-19,"0670 Computer Equipment - Hardware and Software","2006-04-01 to 2007-03-31",,16023.25,"For fiscal year 2006-07 - Standing Offer: E60ET-9-0009/00-1ET"
http://www.swc-cfc.gc.ca/account-resp/pd-dp/dc/2005-2006/con-107-eng.html,"Status of Women Canada","Hallessey, Cathy",07-01,2006-01-23,"0351 Communications professional services not specified elsewhere","2006-04-01 to 2007-03-31",,93625.00,"For fiscal year 2006-07"
http://www.swc-cfc.gc.ca/account-resp/pd-dp/dc/2005-2006/con-102-eng.html,"Status of Women Canada","Lexi-Tech International",06-63,2006-01-24,"0494 Translation Services","2006-01-24 to 2006-05-31",,12582.69,"Multi-year contract"
http://www.swc-cfc.gc.ca/account-resp/pd-dp/dc/2005-2006/con-111-eng.html,"Status of Women Canada","Robert Half Canada Inc.",PO6040,2006-01-24,"0813 Temporary Help Services","2006-01-24 to 2006-03-31",,10735.04,"Standing Offer: EN537-8-4015/143/ZJ"
http://www.swc-cfc.gc.ca/account-resp/pd-dp/dc/2005-2006/con-104-eng.html,"Status of Women Canada","Hunter-Courchene Consulting Group",06-73,2006-01-26,"0499 Other professional services not specified elsewhere","2006-01-26 to 2006-03-31",,24075.00,
http://www.swc-cfc.gc.ca/account-resp/pd-dp/dc/2005-2006/con-105-eng.html,"Status of Women Canada","Applied Strategies",06-74,2006-02-14,"0499 Other professional services not specified elsewhere","2006-02-14 to 2006-03-31",,10700.00,
http://www.swc-cfc.gc.ca/account-resp/pd-dp/dc/2005-2006/con-103-eng.html,"Status of Women Canada","Lexi-Tech International",06-65,2006-02-22,"0494 Translation Services","2006-02-22 to 2006-03-31",,12732.10,
http://www.swc-cfc.gc.ca/account-resp/pd-dp/dc/2005-2006/con-113-eng.html,"Status of Women Canada","Novell Canada Ltd.",1-W001-7-0277,2006-02-28,"0670 Computer Equipment - Hardware and Software","2006-04-01 to 2007-03-31",,20972.00,"For fiscal year 2006-07 - Standing Offer: E60ET-9-0013/00-1ET"
http://www.swc-cfc.gc.ca/account-resp/pd-dp/dc/2005-2006/con-106-eng.html,"Status of Women Canada","McGill Buckley",06-75,2006-03-01,"0499 Other professional services not specified elsewhere","2006-03-01 to 2006-03-31",,12254.17,
http://www.swc-cfc.gc.ca/account-resp/pd-dp/dc/2005-2006/con-112-eng.html,"Status of Women Canada","Compuphile Systems Inc.",1-W001-6-0070,2006-03-08,"1226 Computer Equipment - Large/Medium - Mainframe, Mini",2006-03-08,2006-03-14,18874.80,"Standing Offer: E60EJ-0-3000/D0-04E"
http://www.swc-cfc.gc.ca/account-resp/pd-dp/dc/2005-2006/con-108-eng.html,"Status of Women Canada","Calgary Immigrant Women&#39;s Association",07-03,2006-03-23,"0492 Research Contracts","2006-04-01 to 2007-09-30",,74998.00,"Multi-year contract"
http://www.swc-cfc.gc.ca/account-resp/pd-dp/dc/2005-2006/con-127-eng.html,"Status of Women Canada","Quantum Mgt Services",1W001,2006-03-27,"0813 Temporary Help Services","2006-06-16 to 2006-09-29",,11047.50,"Standing Offer: E6M0N-02004/001/MTC    - Record added 2006-07-27"
http://www.swc-cfc.gc.ca/account-resp/pd-dp/dc/2005-2006/con-125-eng.html,"Status of Women Canada",FreeBalance,1W001-7-0282,2006-03-30,"0670 Equipment - Hardware and Software","2006-04-01 to 2007-03-31",,14980.00,"Standing Offer: E60ET-9-00100/00-1ET - Record added 2006-07-27"
http://www.swc-cfc.gc.ca/account-resp/pd-dp/dc/2005-2006/con-132-eng.html,"Status of Women Canada","Lexi-Tech International",07-05,2006-03-30,"0494 Translation Services","2006-03-30 to 2006-05-11",,14650.44,"Record added 2006-07-27"
http://www.swc-cfc.gc.ca/account-resp/pd-dp/dc/2005-2006/con-95-eng.html,"Status of Women Canada","Explorer Hotel",06-49,2005-10-01,"0202 Travel - Non-Public Servant","2005-10-01 to 2005-10-08",,19089.55,
http://www.swc-cfc.gc.ca/account-resp/pd-dp/dc/2005-2006/con-97-eng.html,"Status of Women Canada","API Infolink Consultants",06-54,2005-10-01,"0499 Other professional services not elsewhere specified.","2005-10-01 to 2005-10-13",,18832.00,
http://www.swc-cfc.gc.ca/account-resp/pd-dp/dc/2005-2006/con-96-eng.html,"Status of Women Canada","Hunter-Courchene Consulting Group",06-53,2005-10-14,"0499 Other professional services not elsewhere specified.","2005-10-14 to 2005-10-31",,20490.50,
http://www.swc-cfc.gc.ca/account-resp/pd-dp/dc/2005-2006/con-98-eng.html,"Status of Women Canada","Bonanza Printing &amp; Copying",06-21,2005-12-01,"0321 Printing Services","2005-12-01 to 2005-12-15",,14932.92,
http://www.swc-cfc.gc.ca/account-resp/pd-dp/dc/2005-2006/con-99-eng.html,"Status of Women Canada","Canadian Council on Learning","MOU 06-19",2005-12-15,"0448 Purchase of Training Packages and Courses.","2005-12-15 to 2006-03-31",,25000.00,
http://www.swc-cfc.gc.ca/account-resp/pd-dp/dc/2005-2006/con-83-eng.html,"Status of Women Canada",Kolegramdesign,06-42,2005-07-14,"0351 Communications professional services not elsewhere specified.","2005-07-14 to 2005-10-31",,16028.81,
http://www.swc-cfc.gc.ca/account-resp/pd-dp/dc/2005-2006/con-90-eng.html,"Status of Women Canada","Human Resource Systems Group Ltd",1W001-6-0014,2005-08-11,"0813 Temporary Help Services","2005-08-11 to 2005-11-18",,74766.25,"Standing Offer: 24062-030150/022/ZG"
http://www.swc-cfc.gc.ca/account-resp/pd-dp/dc/2005-2006/con-82-eng.html,"Status of Women Canada","Lexi-Tech International",06-15,2005-08-23,"0494 Translation Services","2005-08-23 to 2005-10-31",,11353.38,
http://www.swc-cfc.gc.ca/account-resp/pd-dp/dc/2005-2006/con-87-eng.html,"Status of Women Canada","Sussex Circle",06-46,2005-09-14,"0491 Management Consulting Services","2005-09-14 to 2005-12-31",,24845.40,
http://www.swc-cfc.gc.ca/account-resp/pd-dp/dc/2005-2006/con-92-eng.html,"Status of Women Canada","Four Points Sheraton",000000000000355,2005-09-14,"0202 Travel Non-Public Servant","2005-09-14 to 2005-09-18",,40681.83,
http://www.swc-cfc.gc.ca/account-resp/pd-dp/dc/2005-2006/con-86-eng.html,"Status of Women Canada","Holland Consulting Inc.",06-45,2005-09-15,"0351 Communications professional services not elsewhere specified.","2005-09-15 to 2005-12-30",,22900.00,
http://www.swc-cfc.gc.ca/account-resp/pd-dp/dc/2005-2006/con-93-eng.html,"Status of Women Canada","Community Choices",06-44,2005-09-20,"0202 Travel - Non-Public Servant","2005-09-20 to 2006-01-01",,19688.00,
http://www.swc-cfc.gc.ca/account-resp/pd-dp/dc/2005-2006/con-91-eng.html,"Status of Women Canada","Regina Inn Hotel",000000000000351,2005-09-22,"0202 Travel - Non-Public Servant","2005-09-22 to 2005-09-26",,15707.90,
http://www.swc-cfc.gc.ca/account-resp/pd-dp/dc/2005-2006/con-89-eng.html,"Status of Women Canada","Calian Ltd.",PO06022,2005-09-26,"0813 Temporary Help Services","2005-09-26 to 2005-11-30",,11556.00,"Standing Offer: EN537-8-4015/001-ZF"
http://www.swc-cfc.gc.ca/account-resp/pd-dp/dc/2005-2006/con-88-eng.html,"Status of Women Canada","Granville Island Hotel",06-50,2005-09-28,"0201 Travel - Non-Public Servant","2005-09-28 to 2005-10-01",,13099.48,
http://www.swc-cfc.gc.ca/account-resp/pd-dp/dc/2005-2006/con-60-eng.html,"Status of Women Canada","Hallessey, Cathy",06-01,2005-04-01,"0351 Communications professional services not specified elsewhere","2005-04-01 to 2006-03-31",,93625.00,
http://www.swc-cfc.gc.ca/account-resp/pd-dp/dc/2005-2006/con-61-eng.html,"Status of Women Canada","Mann, Michelle",06-02,2005-04-01,"0492 Research Contracts","2005-04-01 to 2005-09-01",,21736.00,
http://www.swc-cfc.gc.ca/account-resp/pd-dp/dc/2005-2006/con-62-eng.html,"Status of Women Canada","Women for Economic Equality Society",06-03,2005-04-01,"0499 Other professional services not specified elsewhere","2005-04-01 to 2006-03-27",,65000.00,
http://www.swc-cfc.gc.ca/account-resp/pd-dp/dc/2005-2006/con-63-eng.html,"Status of Women Canada","Currie, Nora",06-04,2005-04-01,"0492 Research Contracts","2005-04-01 to 2006-06-30",,64055.00,"Multi-year contract"
http://www.swc-cfc.gc.ca/account-resp/pd-dp/dc/2005-2006/con-64-eng.html,"Status of Women Canada","Bakker, Isabella",06-05,2005-04-01,"0492 Research Contracts","2005-04-01 to 2006-03-31",,49454.00,
http://www.swc-cfc.gc.ca/account-resp/pd-dp/dc/2005-2006/con-65-eng.html,"Status of Women Canada","Saint Mary&#39;s University",06-06,2005-04-01,"0492 Research Contracts","2005-04-01 to 2006-07-30",,77564.00,"Multi-year contract"
http://www.swc-cfc.gc.ca/account-resp/pd-dp/dc/2005-2006/con-66-eng.html,"Status of Women Canada","Day, Brodsky &amp; Associates",06-07,2005-04-01,"0492 Research Contracts","2005-04-01 to 2006-03-31",,74550.00,
http://www.swc-cfc.gc.ca/account-resp/pd-dp/dc/2005-2006/con-67-eng.html,"Status of Women Canada","Canadian Research Institute for the Advancement of Women",06-08,2005-04-01,"0492 Research Contracts","2005-04-01 to 2006-06-30",,65000.00,"Multi-year contract"
http://www.swc-cfc.gc.ca/account-resp/pd-dp/dc/2005-2006/con-71-eng.html,"Status of Women Canada","Cooper, Suzanne",06-26,2005-04-01,"0499 Other professional services not specified elsewhere","2005-04-01 to 2006-03-31",,60348.00,
http://www.swc-cfc.gc.ca/account-resp/pd-dp/dc/2005-2006/con-72-eng.html,"Status of Women Canada","Olney, Marie",06-27,2005-04-01,"0499 Other professional services not specified elsewhere","2005-04-01 to 2006-03-31",,38792.00,
http://www.swc-cfc.gc.ca/account-resp/pd-dp/dc/2005-2006/con-73-eng.html,"Status of Women Canada","Ryan, Christiane",06-30,2005-04-01,"0494 Translation Services","2005-04-01 to 2006-03-31",,23540.00,
http://www.swc-cfc.gc.ca/account-resp/pd-dp/dc/2005-2006/con-74-eng.html,"Status of Women Canada","Bissoneault, France",06-31,2005-04-01,"0494 Translation Services","2005-04-01 to 2006-03-31",,10700.00,
http://www.swc-cfc.gc.ca/account-resp/pd-dp/dc/2005-2006/con-75-eng.html,"Status of Women Canada","Th&eacute;riault, Andr&eacute;",06-32,2005-04-01,"0494 Translation Services","2005-04-01 to 2006-03-31",,23540.00,
http://www.swc-cfc.gc.ca/account-resp/pd-dp/dc/2005-2006/con-76-eng.html,"Status of Women Canada","&Eacute;cole de Langue Cit&eacute;",06-35,2005-04-01,"0448 Purchase of Training Packages &amp; Courses","2005-04-01 to 2006-03-31",,10700.00,
http://www.swc-cfc.gc.ca/account-resp/pd-dp/dc/2005-2006/con-77-eng.html,"Status of Women Canada","Soci&eacute;t&eacute; Gamma",06-37,2005-04-01,"0494 Translation Services","2005-04-01 to 2006-03-31",,74900.00,
http://www.swc-cfc.gc.ca/account-resp/pd-dp/dc/2005-2006/con-79-eng.html,"Status of Women Canada","FreeBalance Inc.",000000000000051,2005-04-01,"0670 Computer Equipment - Hardware and Software","2005-04-01 to 2006-03-31",,14980.00,"Standing Offer: E60ET-9-00100/00-1ET"
http://www.swc-cfc.gc.ca/account-resp/pd-dp/dc/2005-2006/con-80-eng.html,"Status of Women Canada","Novell Canada Ltd.",1-W001-6-0061,2005-04-01,"0670 Computer Equipment - Hardware and Software","2005-04-01 to 2006-03-31",,15977.24,"Standing Offer: E60ET-9-0013/00-1ET"
http://www.swc-cfc.gc.ca/account-resp/pd-dp/dc/2005-2006/con-81-eng.html,"Status of Women Canada","Serva Inc.",1W001-6-0005,2005-04-01,"0499 Other professional services not specified elsewhere","2005-04-01 to 2006-03-31",,16050.00,"Standing Offer: EN537-6-6038/14-ZG"
http://www.swc-cfc.gc.ca/account-resp/pd-dp/dc/2005-2006/con-68-eng.html,"Status of Women Canada","Bonanza Printing &amp; Copying",06-09,2005-05-06,"0321 Printing Services","2005-05-06 to 2005-05-27",,10364.02,
http://www.swc-cfc.gc.ca/account-resp/pd-dp/dc/2005-2006/con-69-eng.html,"Status of Women Canada","Gilmore Printing",06-10,2005-05-09,"0321 Printing Services","2005-05-09 to 2005-05-27",,13322.57,
http://www.swc-cfc.gc.ca/account-resp/pd-dp/dc/2005-2006/con-78-eng.html,"Status of Women Canada","Barbara Personnel Inc.",P06008,2005-05-16,"0813 Temporary Help Services","2005-05-16 to 2005-08-01",,10313.73,"Standing Offer: EN537-8-4015/004-ZF"
http://www.swc-cfc.gc.ca/account-resp/pd-dp/dc/2005-2006/con-85-eng.html,"Status of Women Canada","API Infolink Consultants Inc.",06-43,2005-06-16,"0499 Other professional services not elsewhere specified.","2005-09-16 to 2005-10-25",,44479.90,
http://www.swc-cfc.gc.ca/account-resp/pd-dp/dc/2005-2006/con-70-eng.html,"Status of Women Canada","Gilmore Printing",06-14,2005-06-29,"0321 Printing Services","2005-06-29 to 2005-07-18",,11652.30,
http://www.swc-cfc.gc.ca/account-resp/pd-dp/dc/2004-2005/con-47-eng.html,"Status of Women Canada","Infusion Design &amp; Communications",05-91,2005-01-23,"0351 Communications Professional Services not specified elsewhere","2005-01-23 to 2005-03-31",,11770.00,
http://www.swc-cfc.gc.ca/account-resp/pd-dp/dc/2004-2005/con-50-eng.html,"Status of Women Canada","Calian Inc.",P05027,2005-01-24,"0813 Temporary Help Services","2005-01-24 to 2005-04-01",,11556.00,"Standing Offer: EN537-8-4015/001-ZF"
http://www.swc-cfc.gc.ca/account-resp/pd-dp/dc/2004-2005/con-56-eng.html,"Status of Women Canada",3-Soft,W05051,2005-01-25,"0670 Computer Equipment - Hardware and Software","2005-03-31 to 2006-03-31",,15273.18,"Standing Offer: E60ET-9-0009/00-1ET"
http://www.swc-cfc.gc.ca/account-resp/pd-dp/dc/2004-2005/con-36-eng.html,"Status of Women Canada","Gilmore Printing",05-56,2005-01-26,"0321 Printing Services","2005-01-26 to 2005-02-11",,11474.68,
http://www.swc-cfc.gc.ca/account-resp/pd-dp/dc/2004-2005/con-46-eng.html,"Status of Women Canada",AVW-Telav,05-86,2005-01-27,"0493 Interpretation Services","2005-01-27 to 2005-01-28",,14628.77,
http://www.swc-cfc.gc.ca/account-resp/pd-dp/dc/2004-2005/con-37-eng.html,"Status of Women Canada","Bonanza Printing",05-57,2005-02-10,"0321 Printing services","2005-02-10 to 2005-03-03",,13341.83,
http://www.swc-cfc.gc.ca/account-resp/pd-dp/dc/2004-2005/con-38-eng.html,"Status of Women Canada","Lexi-Tech International",05-58,2005-02-10,"0494 Translation Services","2005-02-10 to 2005-04-20",,15601.11,"Multi-year contract"
http://www.swc-cfc.gc.ca/account-resp/pd-dp/dc/2004-2005/con-48-eng.html,"Status of Women Canada","FreeBalance Inc.",05-92,2005-02-14,"0472 Information Technology Consultants","2005-02-14 to 2005-03-31",,34027.07,
http://www.swc-cfc.gc.ca/account-resp/pd-dp/dc/2004-2005/con-39-eng.html,"Status of Women Canada","Lexi-Tech International",05-59,2005-02-21,"0494 Translation Services","2005-02-21 to 2005-03-31",,10958.68,
http://www.swc-cfc.gc.ca/account-resp/pd-dp/dc/2004-2005/con-55-eng.html,"Status of Women Canada","Compuphile Systems Inc.",W05052,2005-02-28,"1227 Computer Equipment - Small - Desktop/Personal/Portable/Keyboard",2005-02-28,2005-03-10,34985.79,"Standing Offer: E60EJ-0-3000/D0-04ET"
http://www.swc-cfc.gc.ca/account-resp/pd-dp/dc/2004-2005/con-40-eng.html,"Status of Women Canada","Canadian Research Institute for Law and the Family",05-60,2005-03-01,"0492 Research contracts","2005-03-01 to 2005-05-31",,31075.00,"Multi-year contract"
http://www.swc-cfc.gc.ca/account-resp/pd-dp/dc/2004-2005/con-41-eng.html,"Status of Women Canada","Campbell, Angela",05-61,2005-03-01,"0492 Research Contracts","2005-03-01 to 2005-05-31",,17856.00,"Multi-year contract"
http://www.swc-cfc.gc.ca/account-resp/pd-dp/dc/2004-2005/con-42-eng.html,"Status of Women Canada","Alberta Civil Liberties Research Centre",05-62,2005-03-01,"0492 Research contracts","2005-03-01 to 2005-05-31",,33925.00,"Multi-year contract"
http://www.swc-cfc.gc.ca/account-resp/pd-dp/dc/2004-2005/con-43-eng.html,"Status of Women Canada","Queen&#39;s University",05-63,2005-03-01,"0492 Research Contracts","2005-03-01 to 2005-05-31",,30302.50,"Multi-year contract"
http://www.swc-cfc.gc.ca/account-resp/pd-dp/dc/2004-2005/con-44-eng.html,"Status of Women Canada","Monica Townson Associates",05-64,2005-03-07,"0492 Research Contracts","2005-03-07 to 2006-02-28",,68500.00,"Multi-year Contract"
http://www.swc-cfc.gc.ca/account-resp/pd-dp/dc/2004-2005/con-49-eng.html,"Status of Women Canada","Distribution Embleme Inc.",05-98,2005-03-09,"0351 Communications Professional Services not specified elsewhere","2005-03-09 to 2005-03-31",,13506.61,
http://www.swc-cfc.gc.ca/account-resp/pd-dp/dc/2004-2005/con-45-eng.html,"Status of Women Canada","Lexi-Tech International",05-65,2005-03-16,"0494 Translation Services","2005-03-16 to 2005-05-31",,16047.86,"Multi-year contract"
http://www.swc-cfc.gc.ca/account-resp/pd-dp/dc/2004-2005/con-32-eng.html,"Status of Women Canada","Hallessey, Cathy",05-15,2004-10-01,"0351 Communications professional services not elsewhere specified.","2004-10-01 to 2005-03-31",,43468.75,
http://www.swc-cfc.gc.ca/account-resp/pd-dp/dc/2004-2005/con-54-eng.html,"Status of Women Canada","Quantum Management Services Limited",P05018,2004-10-01,"0813 Temporary help services","2004-10-01 to 2004-12-31",,13979.22,"Standing Offer: EN537-8-4015/030-ZF"
http://www.swc-cfc.gc.ca/account-resp/pd-dp/dc/2004-2005/con-33-eng.html,"Status of Women Canada","Ottawa Congress Centre",05-51,2004-10-18,"0570 Rental - other","2004-10-18 to 2005-01-31",,11585.96,
http://www.swc-cfc.gc.ca/account-resp/pd-dp/dc/2004-2005/con-34-eng.html,"Status of Women Canada","CS/Resors Consulting",05-54,2004-11-22,"0492 Other professional services not otherwise specified.","2004-11-22 to 2005-02-21",,32000.00,
http://www.swc-cfc.gc.ca/account-resp/pd-dp/dc/2004-2005/con-35-eng.html,"Status of Women Canada","Prairie Research Associates",05-55,2004-12-04,"0499 Other professional services not otherwise specified.","2004-12-04 to 2005-07-31",,155950.00,"Multi-year contract"
http://www.swc-cfc.gc.ca/account-resp/pd-dp/dc/2004-2005/con-12-eng.html,"Status of Women Canada","McGill University",05-06,2004-07-01,"0499 Other professional services not otherwise specified","2004-07-01 to 2006-07-31",,100000.00,"Multi-year contract"
http://www.swc-cfc.gc.ca/account-resp/pd-dp/dc/2004-2005/con-25-eng.html,"Status of Women Canada","Catalyst Research &amp; Communications",05-50,2004-07-17,"0499 Other professional services not otherwise specified","2004-07-17 to 2005-01-14",,12840.00,
http://www.swc-cfc.gc.ca/account-resp/pd-dp/dc/2004-2005/con-24-eng.html,"Status of Women Canada","Soci&eacute;t&eacute; Gamma Inc.",05-42,2004-08-04,"0494 Translation services","2004-08-06 to 2005-03-31",,69550.00,
http://www.swc-cfc.gc.ca/account-resp/pd-dp/dc/2004-2005/con-30-eng.html,"Status of Women Canada","Lexi-Tech International",05-17,2004-09-29,"0494 Translation Services","2004-09-29 to 2004-12-15",,17148.85,
http://www.swc-cfc.gc.ca/account-resp/pd-dp/dc/2004-2005/con-10-eng.html,"Status of Women Canada","Bezanson, K",05-03,2004-04-01,"0499 Other professional services not otherwise specified","2004-04-01 to 2005-09-15",,44467.85,"Multi-year contract"
http://www.swc-cfc.gc.ca/account-resp/pd-dp/dc/2004-2005/con-9-eng.html,"Status of Women Canada","Anucha, U",05-04,2004-04-01,"0499 Other professional services not otherwise specified.","2004-04-01 to 2005-06-30",,78595.00,"Multi-year contract"
http://www.swc-cfc.gc.ca/account-resp/pd-dp/dc/2004-2005/con-11-eng.html,"Status of Women Canada","MacPhail, F",05-05,2004-04-01,"0499 Other professional services not otherwise specified","2004-04-01 to 2006-02-28",,56940.00,"Multi-year contract"
http://www.swc-cfc.gc.ca/account-resp/pd-dp/dc/2004-2005/con-13-eng.html,"Status of Women Canada","Devlin, R.A",05-07,2004-04-01,"0499 Other professional services not otherwise specified","2004-04-01 to 2005-03-31",,32100.00,
http://www.swc-cfc.gc.ca/account-resp/pd-dp/dc/2004-2005/con-17-eng.html,"Status of Women Canada","Cooper, S",05-26,2004-04-01,"0499 Other professional services not otherwise specified","2004-04-01 to 2005-03-31",,56400.00,
http://www.swc-cfc.gc.ca/account-resp/pd-dp/dc/2004-2005/con-19-eng.html,"Status of Women Canada",Linguistica,05-32,2004-04-01,"0494 Translation services","2004-04-01 to 2005-03-31",,16050.00,
http://www.swc-cfc.gc.ca/account-resp/pd-dp/dc/2004-2005/con-20-eng.html,"Status of Women Canada","Services Linguistiques Andr&eacute;e- Proulx inc.",05-33,2004-04-01,"0494 Translation Services","2004-04-01 to 2005-03-31",,10700.00,
http://www.swc-cfc.gc.ca/account-resp/pd-dp/dc/2004-2005/con-21-eng.html,"Status of Women Canada","Soci&eacute;t&eacute; Gamma Inc.",05-34,2004-04-01,"0494 Translation Services","2004-04-01 to 2005-03-31",,26750.00,
http://www.swc-cfc.gc.ca/account-resp/pd-dp/dc/2004-2005/con-27-eng.html,"Status of Women Canada","Mann, M",05-01,2004-04-01,"0492 Reseach Contracts","2004-04-01 to 2004-07-03",,18234.00,
http://www.swc-cfc.gc.ca/account-resp/pd-dp/dc/2004-2005/con-28-eng.html,"Status of Women Canada","Fiske, J-A",05-02,2004-04-01,"0499 Other professional services not otherwise specified","2004-04-01 to 2005-03-30",,76694.00,
http://www.swc-cfc.gc.ca/account-resp/pd-dp/dc/2004-2005/con-51-eng.html,"Status of Women Canada","Imatics Inc.",P05001,2004-04-01,"0813 Temporary help services","2004-04-01 to 2004-07-16",,21397.86,"Standing Offer: EN537-8-4015/063-ZJ"
http://www.swc-cfc.gc.ca/account-resp/pd-dp/dc/2004-2005/con-18-eng.html,"Status of Women Canada","Olney, M",05-29,2004-04-20,"0499 Other professional services not otherwise specified","2004-04-20 to 2004-07-16",,12205.57,
http://www.swc-cfc.gc.ca/account-resp/pd-dp/dc/2004-2005/con-57-eng.html,"Status of Women Canada","Compuphile Systems Inc.",W05050,2004-05-13,"1226 Computer Equipment - Large/Medium - Mainframe, Mini",2004-05-13,2004-05-19,10537.36,"Standing Offer: E60EJ-0-1000/30-01ET"
http://www.swc-cfc.gc.ca/account-resp/pd-dp/dc/2004-2005/con-22-eng.html,"Status of Women Canada","McGill Buckley",05-39,2004-05-20,"0321 Printing services","2004-05-20 to 2004-07-02",,24150.43,
http://www.swc-cfc.gc.ca/account-resp/pd-dp/dc/2004-2005/con-23-eng.html,"Status of Women Canada","Confluence Consulting Inc.",05-41,2004-05-21,"0499 Other professional services not otherwise specified","2004-05-31 to 2004-09-30",,14980.00,
http://www.swc-cfc.gc.ca/account-resp/pd-dp/dc/2004-2005/con-52-eng.html,"Status of Women Canada","The People Bank",P05006,2004-06-01,"0813 Temporary Help Services","2004-06-01 to 2004-09-01",,13468.76,"Standing Offer: EN537-8-4015/039-ZF"
http://www.swc-cfc.gc.ca/account-resp/pd-dp/dc/2004-2005/con-14-eng.html,"Status of Women Canada","Gilmore Printing Services Inc.",05-09,2004-06-10,"0321 Printing Services","2004-06-10 to 2004-06-30",,13133.18,
http://www.swc-cfc.gc.ca/account-resp/pd-dp/dc/2004-2005/con-29-eng.html,"Status of Women Canada","Kaye, L",05-18,2004-06-16,"0494 Translation Services","2004-06-16 to 2004-10-04",,13506.33,
http://www.swc-cfc.gc.ca/account-resp/pd-dp/dc/2004-2005/con-53-eng.html,"Status of Women Canada","Quantum Management Services Limited",P05008,2004-06-17,"0813 Temporary help services","2004-06-17 to 2004-09-30",,16113.56,"Standing Offer: EN537-8-4015-030/ZF"
http://www.swc-cfc.gc.ca/account-resp/pd-dp/dc/2004-2005/con-15-eng.html,"Status of Women Canada","PMF Editorial Services Inc.",05-11,2004-06-30,"0351 Communications professional services not elsewhere specified","2004-06-30 to 2005-02-28",,13435.99,
http://www.swc-cfc.gc.ca/account-resp/pd-dp/dc/2003-2004/con-59-eng.html,"Status of Women Canada",3-Soft,W05045,2004-02-02,"0670 Computer Equipment - Hardware and Software","2004-04-01 to 2005-03-31",,14624.76,"Standing Offer: E60ET-9-0013/00-1ET"
http://www.swc-cfc.gc.ca/account-resp/pd-dp/dc/2003-2004/con-58-eng.html,"Status of Women Canada","FreeBalance Inc.",W05048,2004-03-19,"0670 Computer Equipment - Hardware and Software","2004-04-01 to 2005-03-31",,14980.00,"Standing Offer: E60ET-9-0010/00-1ET"
